id,sales
3000888,6.690045
3000889,0.07645866
3000890,5.803628
3000891,3021.3975
3000892,0.069729716
3000893,479.60672
3000894,7.7806487
3000895,1031.9607
3000896,711.29016
3000897,242.9064
3000898,178.52371
3000899,83.44854
3000900,4048.6199
3000901,21.654531
3000902,1.7815903
3000903,20.621332
3000904,20.737734
3000905,-0.061838273
3000906,168.81953
3000907,6.484225
3000908,17.07548
3000909,8.705157
3000910,82.54605
3000911,6.377045
3000912,321.69016
3000913,289.7046
3000914,5.444029
3000915,7.248591
3000916,307.87363
3000917,92.180305
3000918,1584.0659
3000919,34.43561
3000920,17.278297
3000921,6.7414746
3000922,0.0027878184
3000923,5.753073
3000924,3239.6995
3000925,0.078367546
3000926,483.26166
3000927,7.75207
3000928,1036.5608
3000929,729.45374
3000930,249.14503
3000931,182.81613
3000932,82.29363
3000933,4079.274
3000934,21.909155
3000935,1.8056182
3000936,20.60721
3000937,20.686863
3000938,0.08758926
3000939,168.8429
3000940,6.46548
3000941,17.123959
3000942,8.853783
3000943,83.368546
3000944,6.3398395
3000945,327.7527
3000946,288.9866
3000947,5.3270917
3000948,7.3860455
3000949,309.89697
3000950,96.26891
3000951,1584.0779
3000952,34.343563
3000953,17.562912
3000954,6.173859
3000955,0.077016085
3000956,5.877756
3000957,3314.7063
3000958,-0.10430356
3000959,492.29565
3000960,7.7000213
3000961,1003.17255
3000962,734.80273
3000963,251.96584
3000964,188.89668
3000965,83.36433
3000966,4155.261
3000967,22.425837
3000968,1.769296
3000969,20.572477
3000970,20.702545
3000971,0.015510829
3000972,168.79156
3000973,6.47578
3000974,17.136326
3000975,8.694438
3000976,83.63611
3000977,6.1846194
3000978,332.84763
3000979,293.12726
3000980,5.387374
3000981,7.2768703
3000982,315.51874
3000983,94.862495
3000984,1584.1906
3000985,34.42099
3000986,17.481041
3000987,6.680183
3000988,0.053514756
3000989,5.876905
3000990,3322.6462
3000991,0.036122676
3000992,490.03894
3000993,7.6801486
3000994,1013.74786
3000995,733.5144
3000996,257.00284
3000997,188.77817
3000998,83.35726
3000999,4122.9043
3001000,22.174543
3001001,1.7617316
3001002,20.647705
3001003,20.667526
3001004,-0.016886557
3001005,168.80064
3001006,6.4239917
3001007,18.837566
3001008,8.723068
3001009,83.12804
3001010,6.233781
3001011,335.63263
3001012,272.67462
3001013,5.3481455
3001014,7.4085765
3001015,321.92752
3001016,96.43997
3001017,1584.0876
3001018,34.34745
3001019,18.07393
3001020,6.779293
3001021,0.00319866
3001022,5.929174
3001023,3352.454
3001024,-0.06483096
3001025,494.1526
3001026,7.6619463
3001027,1015.01794
3001028,741.29474
3001029,261.38422
3001030,189.51495
3001031,84.556366
3001032,4132.5674
3001033,22.281828
3001034,1.6962374
3001035,20.563955
3001036,20.651823
3001037,0.13817403
3001038,168.7923
3001039,6.4421935
3001040,18.740591
3001041,8.697915
3001042,83.7203
3001043,6.140767
3001044,338.12744
3001045,274.13873
3001046,5.380373
3001047,7.2909503
3001048,326.84192
3001049,95.00588
3001050,1584.0381
3001051,34.40251
3001052,18.161585
3001053,6.7356744
3001054,0.0034779077
3001055,5.9083586
3001056,3275.1755
3001057,0.026873123
3001058,500.41315
3001059,7.7402153
3001060,1021.0434
3001061,725.9155
3001062,259.88287
3001063,187.27199
3001064,84.04237
3001065,4157.0674
3001066,22.28386
3001067,1.7811793
3001068,20.623697
3001069,20.618
3001070,0.06973341
3001071,168.79562
3001072,6.5701833
3001073,18.89449
3001074,8.684998
3001075,83.753426
3001076,6.354973
3001077,336.55347
3001078,279.85684
3001079,5.4086585
3001080,7.339464
3001081,325.87006
3001082,97.60588
3001083,1584.0466
3001084,34.31048
3001085,18.06475
3001086,6.7351537
3001087,0.06893108
3001088,5.87772
3001089,3299.6604
3001090,0.07088196
3001091,505.66022
3001092,7.6800504
3001093,1026.4175
3001094,730.182
3001095,261.8637
3001096,191.5995
3001097,84.79589
3001098,4205.539
3001099,22.324568
3001100,1.7707459
3001101,20.69855
3001102,20.773045
3001103,0.0439174
3001104,168.83398
3001105,6.497208
3001106,19.043255
3001107,8.676682
3001108,67.30824
3001109,6.1592913
3001110,339.8307
3001111,278.32785
3001112,5.325015
3001113,7.3690166
3001114,326.70462
3001115,98.703606
3001116,1584.0752
3001117,34.36601
3001118,18.076946
3001119,6.7460113
3001120,0.1463303
3001121,5.8697157
3001122,3278.5525
3001123,0.002023417
3001124,501.80948
3001125,7.7558084
3001126,1026.4329
3001127,731.91254
3001128,262.49872
3001129,187.22388
3001130,85.328766
3001131,4197.406
3001132,22.219269
3001133,1.7599015
3001134,20.716011
3001135,20.57646
3001136,0.07524092
3001137,168.74194
3001138,6.538805
3001139,18.855675
3001140,8.7649
3001141,83.63634
3001142,6.291926
3001143,335.66333
3001144,277.25183
3001145,5.3883243
3001146,7.374314
3001147,328.91446
3001148,96.750534
3001149,1583.9594
3001150,34.28827
3001151,18.162956
3001152,6.7741656
3001153,0.15352552
3001154,5.9428296
3001155,3426.0366
3001156,0.13321449
3001157,506.48523
3001158,7.7847524
3001159,1033.6243
3001160,732.1435
3001161,263.93362
3001162,195.19514
3001163,85.84006
3001164,4162.056
3001165,22.442461
3001166,1.7683735
3001167,20.562347
3001168,20.653349
3001169,0.03247904
3001170,168.89928
3001171,6.5059824
3001172,17.127644
3001173,9.076195
3001174,67.22746
3001175,6.2578654
3001176,340.24078
3001177,279.14624
3001178,5.4066734
3001179,7.3257923
3001180,330.32394
3001181,88.64783
3001182,1584.0232
3001183,34.44026
3001184,18.128399
3001185,6.7360444
3001186,0.03161295
3001187,5.897799
3001188,3398.748
3001189,0.012134133
3001190,499.21933
3001191,7.694657
3001192,1032.8286
3001193,732.3549
3001194,263.80655
3001195,192.51631
3001196,85.3097
3001197,4161.0796
3001198,22.30034
3001199,1.7783614
3001200,20.664358
3001201,20.741207
3001202,0.1489599
3001203,168.76213
3001204,6.4413624
3001205,17.134815
3001206,9.251422
3001207,81.15724
3001208,6.2215586
3001209,342.05396
3001210,273.49518
3001211,5.3377395
3001212,7.3310537
3001213,330.19742
3001214,96.35139
3001215,1584.1788
3001216,34.296116
3001217,18.179161
3001218,6.723816
3001219,0.13533531
3001220,5.826507
3001221,3299.1572
3001222,0.0029118222
3001223,493.9443
3001224,7.7327166
3001225,1027.1912
3001226,729.67505
3001227,258.90884
3001228,188.3932
3001229,84.68543
3001230,4166.529
3001231,22.15241
3001232,1.7743645
3001233,20.733213
3001234,20.73831
3001235,0.103916995
3001236,168.85619
3001237,6.391105
3001238,17.128008
3001239,9.00702
3001240,83.696976
3001241,6.305038
3001242,340.61465
3001243,297.20078
3001244,5.3403955
3001245,7.2325892
3001246,327.21545
3001247,98.579384
3001248,1584.1311
3001249,34.347263
3001250,18.077917
3001251,5.983587
3001252,0.04679973
3001253,5.9451904
3001254,3342.2258
3001255,-0.035884857
3001256,497.87708
3001257,7.7292876
3001258,1009.9111
3001259,729.6303
3001260,254.17683
3001261,188.00548
3001262,83.46694
3001263,4094.075
3001264,22.503628
3001265,1.7676035
3001266,20.607
3001267,20.706789
3001268,-0.0010715986
3001269,168.77263
3001270,6.4151845
3001271,18.935936
3001272,8.986847
3001273,81.09932
3001274,6.3101187
3001275,336.9264
3001276,297.55908
3001277,5.3225756
3001278,7.2631254
3001279,325.55612
3001280,96.397606
3001281,1583.9945
3001282,34.417866
3001283,18.130522
3001284,6.1223903
3001285,0.057150684
3001286,5.8117743
3001287,3324.446
3001288,-0.071097836
3001289,488.76254
3001290,7.7334385
3001291,1005.035
3001292,735.9655
3001293,254.97995
3001294,183.11716
3001295,82.82407
3001296,4123.6196
3001297,22.319735
3001298,1.7795603
3001299,20.553991
3001300,20.794943
3001301,0.118992575
3001302,168.8154
3001303,6.5231714
3001304,17.069574
3001305,8.863246
3001306,83.28433
3001307,6.254707
3001308,339.85153
3001309,271.6767
3001310,5.3528447
3001311,7.336187
3001312,321.53485
3001313,94.50912
3001314,1584.1277
3001315,34.355495
3001316,17.780178
3001317,6.0345736
3001318,0.042135634
3001319,5.8968782
3001320,3309.492
3001321,-0.09198335
3001322,486.38895
3001323,7.716272
3001324,1007.7483
3001325,721.0903
3001326,255.41049
3001327,184.72328
3001328,83.53842
3001329,4121.4375
3001330,22.376808
3001331,1.7936362
3001332,20.537825
3001333,20.726257
3001334,0.14927658
3001335,168.94675
3001336,6.4122095
3001337,17.15604
3001338,8.7698145
3001339,67.22884
3001340,6.1552625
3001341,340.50476
3001342,274.2115
3001343,5.412015
3001344,7.329736
3001345,321.91132
3001346,94.31324
3001347,1584.1
3001348,34.272373
3001349,17.974054
3001350,6.0860763
3001351,-0.023106294
3001352,5.7454863
3001353,3333.0095
3001354,-0.015465009
3001355,497.85236
3001356,7.822891
3001357,1015.2495
3001358,729.02136
3001359,254.41843
3001360,188.00383
3001361,83.97503
3001362,4103.3584
3001363,22.145035
3001364,1.7650149
3001365,20.584791
3001366,20.692677
3001367,0.084262535
3001368,168.88428
3001369,6.41855
3001370,18.986841
3001371,8.87663
3001372,67.24956
3001373,6.3222737
3001374,337.64056
3001375,271.97794
3001376,5.338211
3001377,7.2667727
3001378,323.331
3001379,95.10098
3001380,1584.035
3001381,34.281387
3001382,18.103107
3001383,6.0455203
3001384,0.09341592
3001385,6.0079093
3001386,3300.09
3001387,0.08657522
3001388,496.8047
3001389,7.735468
3001390,1014.3927
3001391,725.7164
3001392,256.7046
3001393,191.06004
3001394,83.951385
3001395,4109.9043
3001396,22.177608
3001397,1.8046552
3001398,20.686577
3001399,20.636692
3001400,-0.05554132
3001401,168.84584
3001402,6.405853
3001403,18.826479
3001404,8.788341
3001405,75.06518
3001406,6.1716313
3001407,341.55713
3001408,271.4012
3001409,5.3768525
3001410,7.22012
3001411,324.5357
3001412,98.57678
3001413,1584.0673
3001414,34.24682
3001415,18.088032
3001416,6.7670946
3001417,0.040889267
3001418,5.915715
3001419,3299.5193
3001420,0.090746574
3001421,495.97156
3001422,7.634704
3001423,1018.71747
3001424,728.56116
3001425,257.0277
3001426,191.46521
3001427,84.47129
3001428,4150.472
3001429,22.308058
3001430,1.795428
3001431,20.696373
3001432,20.564075
3001433,-0.007988807
3001434,168.89061
3001435,6.4754224
3001436,19.06543
3001437,8.963403
3001438,67.25182
3001439,6.3442183
3001440,340.1599
3001441,271.1357
3001442,5.3700204
3001443,7.305573
3001444,328.49988
3001445,96.93856
3001446,1584.1251
3001447,34.391308
3001448,18.07693
3001449,6.7402887
3001450,0.048640706
3001451,5.902411
3001452,3350.26
3001453,0.024174483
3001454,502.1732
3001455,7.7341194
3001456,1010.7923
3001457,731.1856
3001458,259.1829
3001459,192.78476
3001460,84.35955
3001461,4106.416
3001462,22.19826
3001463,1.7905759
3001464,20.640713
3001465,20.634308
3001466,-0.03792084
3001467,168.7923
3001468,6.5399027
3001469,19.013172
3001470,9.264957
3001471,81.22914
3001472,6.2676783
3001473,341.97113
3001474,271.45868
3001475,5.446444
3001476,7.414062
3001477,324.63757
3001478,97.67617
3001479,1584.0854
3001480,34.391293
3001481,18.284857
3001482,6.7679605
3001483,0.15782948
3001484,5.917798
3001485,3331.662
3001486,0.019676134
3001487,494.61993
3001488,7.6584945
3001489,1019.54926
3001490,722.7264
3001491,256.68872
3001492,191.37814
3001493,84.22615
3001494,4111.273
3001495,22.420712
3001496,1.7667072
3001497,20.670916
3001498,20.667944
3001499,0.16175587
3001500,168.81496
3001501,6.500569
3001502,18.945637
3001503,8.923945
3001504,83.40884
3001505,6.268011
3001506,338.0041
3001507,295.15668
3001508,5.38528
3001509,7.3347673
3001510,330.10083
3001511,97.73672
3001512,1584.0299
3001513,34.304794
3001514,18.101576
3001515,6.877295
3001516,0.06405229
3001517,6.0592265
3001518,3395.403
3001519,0.0178767
3001520,488.63647
3001521,7.792917
3001522,1026.7559
3001523,730.7754
3001524,260.30917
3001525,193.84868
3001526,83.11295
3001527,4153.5854
3001528,22.618801
3001529,1.7771995
3001530,20.69995
3001531,20.720806
3001532,-0.08941144
3001533,168.92213
3001534,6.435366
3001535,19.106644
3001536,9.806003
3001537,67.23941
3001538,6.211127
3001539,337.88562
3001540,278.1083
3001541,5.338964
3001542,7.320083
3001543,331.51645
3001544,99.14698
3001545,1584.134
3001546,34.422966
3001547,18.120335
3001548,6.796139
3001549,0.07931042
3001550,5.973361
3001551,3384.3442
3001552,0.064736776
3001553,495.01627
3001554,7.816071
3001555,1020.52094
3001556,728.5299
3001557,258.82373
3001558,188.54803
3001559,82.77178
3001560,4133.918
3001561,22.23046
3001562,1.7703363
3001563,20.605196
3001564,20.65308
3001565,-0.03354051
3001566,168.85822
3001567,6.4485984
3001568,18.712399
3001569,9.192204
3001570,81.0493
3001571,6.2367587
3001572,340.32352
3001573,296.9941
3001574,5.3240294
3001575,7.219097
3001576,330.895
3001577,96.862724
3001578,1584.068
3001579,34.379208
3001580,18.02842
3001581,6.854713
3001582,0.1139321
3001583,5.873244
3001584,3433.4673
3001585,0.078678325
3001586,499.0704
3001587,7.7139406
3001588,1021.7232
3001589,726.8882
3001590,255.57965
3001591,188.65146
3001592,83.27395
3001593,4149.779
3001594,22.14816
3001595,1.8145157
3001596,20.611137
3001597,20.754324
3001598,0.10335882
3001599,168.94661
3001600,6.4489346
3001601,18.778133
3001602,9.000642
3001603,81.26512
3001604,6.254277
3001605,339.9603
3001606,296.29672
3001607,5.31935
3001608,7.349207
3001609,330.2605
3001610,96.3586
3001611,1584.0685
3001612,34.29081
3001613,18.062603
3001614,7.0004387
3001615,0.02019399
3001616,6.0582323
3001617,3354.4763
3001618,-0.014245384
3001619,486.84125
3001620,7.6208076
3001621,1029.6527
3001622,736.4837
3001623,255.6195
3001624,183.1253
3001625,83.85541
3001626,4158.633
3001627,22.527313
3001628,1.7776874
3001629,20.58286
3001630,20.740223
3001631,0.10110953
3001632,168.70345
3001633,6.4108443
3001634,19.111824
3001635,9.123934
3001636,76.85446
3001637,6.201031
3001638,344.39035
3001639,273.10495
3001640,5.377532
3001641,7.2875605
3001642,327.19794
3001643,94.49498
3001644,1584.078
3001645,34.243515
3001646,18.155218
3001647,6.8880587
3001648,0.05625217
3001649,5.9459
3001650,3348.3398
3001651,-0.0008016525
3001652,486.36475
3001653,7.7866054
3001654,1025.4619
3001655,741.06323
3001656,258.0311
3001657,181.79744
3001658,83.18607
3001659,4142.171
3001660,22.38251
3001661,1.7884151
3001662,20.701488
3001663,20.680096
3001664,-0.048844513
3001665,168.78397
3001666,6.3354087
3001667,17.135153
3001668,8.924341
3001669,71.94389
3001670,6.25851
3001671,340.39618
3001672,274.3149
3001673,5.2313824
3001674,7.3462415
3001675,329.95645
3001676,93.9212
3001677,1583.9922
3001678,34.326664
3001679,17.841928
3001680,6.8213377
3001681,-0.009977994
3001682,5.986037
3001683,3294.772
3001684,-0.055201694
3001685,485.21298
3001686,7.761727
3001687,1011.981
3001688,732.484
3001689,255.26015
3001690,181.77217
3001691,82.29801
3001692,4123.5923
3001693,22.359665
3001694,1.7955314
3001695,20.606184
3001696,20.751707
3001697,0.03610122
3001698,168.77042
3001699,6.400767
3001700,17.120579
3001701,9.041446
3001702,83.77175
3001703,6.3027725
3001704,334.25842
3001705,272.3321
3001706,5.391443
3001707,7.342244
3001708,323.17157
3001709,93.30722
3001710,1584.1044
3001711,34.24742
3001712,17.610502
3001713,6.760559
3001714,0.11585148
3001715,6.034362
3001716,3301.6016
3001717,0.09511457
3001718,478.9821
3001719,7.8213453
3001720,1011.696
3001721,728.7841
3001722,255.29832
3001723,179.02391
3001724,82.433014
3001725,4082.246
3001726,22.262283
3001727,1.7643018
3001728,20.567562
3001729,20.78443
3001730,0.1073955
3001731,168.84607
3001732,6.5001817
3001733,17.15529
3001734,9.0282
3001735,80.78312
3001736,6.292764
3001737,339.07626
3001738,272.64706
3001739,5.468858
3001740,7.391691
3001741,325.02982
3001742,93.430756
3001743,1584.0618
3001744,34.382736
3001745,17.357763
3001746,6.7341924
3001747,0.15102237
3001748,5.905552
3001749,3308.188
3001750,0.029339368
3001751,485.90295
3001752,7.709595
3001753,1012.1285
3001754,729.0285
3001755,253.94826
3001756,177.6275
3001757,84.41917
3001758,4084.874
3001759,22.20741
3001760,1.8088955
3001761,20.668627
3001762,20.660479
3001763,0.07194682
3001764,168.83046
3001765,6.5274153
3001766,15.654348
3001767,9.102771
3001768,81.24684
3001769,6.219334
3001770,338.40405
3001771,298.36703
3001772,5.322432
3001773,7.3125725
3001774,323.70453
3001775,92.7977
3001776,1584.0726
3001777,34.430798
3001778,17.315536
3001779,6.7913337
3001780,0.06546319
3001781,5.9714775
3001782,3270.148
3001783,0.085683696
3001784,485.8752
3001785,7.787512
3001786,1005.79395
3001787,732.8474
3001788,254.80707
3001789,177.48888
3001790,84.45192
3001791,4162.8364
3001792,22.259247
3001793,1.790574
3001794,20.502851
3001795,20.705832
3001796,-0.03311177
3001797,168.85046
3001798,6.377401
3001799,17.11356
3001800,9.014671
3001801,81.07274
3001802,6.236403
3001803,335.4862
3001804,297.87457
3001805,5.3580003
3001806,7.3101325
3001807,316.27502
3001808,92.92434
3001809,1584.0211
3001810,34.353054
3001811,17.597733
3001812,6.772981
3001813,0.084056094
3001814,5.89068
3001815,3299.4202
3001816,0.018010175
3001817,487.1467
3001818,7.7313094
3001819,1003.9569
3001820,729.4881
3001821,254.2112
3001822,179.53587
3001823,84.530464
3001824,4126.312
3001825,22.218382
3001826,1.7689229
3001827,20.579245
3001828,20.753315
3001829,-0.018849574
3001830,168.8402
3001831,6.534922
3001832,17.11138
3001833,9.069998
3001834,67.27737
3001835,6.3501215
3001836,337.1415
3001837,294.4843
3001838,5.3285785
3001839,7.374557
3001840,316.9804
3001841,92.099174
3001842,1584.1359
3001843,34.36582
3001844,17.578888
3001845,6.822316
3001846,0.087678015
3001847,5.9957523
3001848,3207.5623
3001849,-0.043328553
3001850,478.63092
3001851,7.72228
3001852,1046.169
3001853,726.98096
3001854,248.32808
3001855,177.30716
3001856,83.51382
3001857,4068.097
3001858,21.793398
3001859,1.7706485
3001860,20.671247
3001861,20.7621
3001862,0.0034027284
3001863,168.84575
3001864,6.5205917
3001865,15.697122
3001866,8.921427
3001867,82.9521
3001868,6.2936215
3001869,335.25705
3001870,291.68814
3001871,5.3952484
3001872,7.348476
3001873,315.04956
3001874,93.00832
3001875,1584.1387
3001876,34.422966
3001877,17.484482
3001878,6.7443542
3001879,-0.009542179
3001880,5.944874
3001881,3257.2578
3001882,-0.02405555
3001883,475.4043
3001884,7.781097
3001885,1039.116
3001886,721.9184
3001887,248.70584
3001888,178.21237
3001889,83.73528
3001890,4073.3027
3001891,21.991695
3001892,1.7950923
3001893,20.704336
3001894,20.680504
3001895,-0.008553637
3001896,168.8094
3001897,6.512368
3001898,17.008396
3001899,9.13801
3001900,80.94082
3001901,6.290539
3001902,332.98016
3001903,289.8602
3001904,5.3787823
3001905,7.3782973
3001906,317.26184
3001907,92.37226
3001908,1584.0807
3001909,34.31177
3001910,17.502821
3001911,6.751809
3001912,0.17877568
3001913,5.9249487
3001914,3225.6755
3001915,-0.117682174
3001916,475.27765
3001917,7.782784
3001918,1043.9464
3001919,716.51135
3001920,244.24217
3001921,175.66135
3001922,83.45894
3001923,4049.0596
3001924,21.829727
3001925,1.7910419
3001926,20.603065
3001927,20.58468
3001928,0.098030135
3001929,168.81834
3001930,6.440669
3001931,15.522879
3001932,9.009668
3001933,82.8526
3001934,6.3701744
3001935,333.03235
3001936,286.77744
3001937,5.374978
3001938,7.273656
3001939,314.99292
3001940,92.30824
3001941,1584.074
3001942,34.346397
3001943,17.2039
3001944,6.7573924
3001945,0.058445804
3001946,5.9471545
3001947,3222.6545
3001948,-0.002354023
3001949,473.66107
3001950,7.6791425
3001951,1039.761
3001952,717.15814
3001953,242.86214
3001954,178.04962
3001955,83.44581
3001956,4051.4392
3001957,21.796772
3001958,1.7754624
3001959,20.612259
3001960,20.614555
3001961,0.031837776
3001962,168.7841
3001963,6.4191246
3001964,15.5751915
3001965,9.040128
3001966,80.990616
3001967,6.1524634
3001968,332.52716
3001969,287.1624
3001970,5.2974877
3001971,7.2609653
3001972,313.2874
3001973,92.05007
3001974,1584.0745
3001975,34.353745
3001976,17.399511
3001977,6.7731767
3001978,0.12829323
3001979,5.9179287
3001980,3262.3042
3001981,-0.07783417
3001982,474.4694
3001983,7.757583
3001984,1045.9769
3001985,727.27075
3001986,244.16243
3001987,177.29347
3001988,83.72632
3001989,4080.1414
3001990,21.791872
3001991,1.760422
3001992,20.602663
3001993,20.675802
3001994,-0.06432301
3001995,168.77827
3001996,6.453505
3001997,15.567903
3001998,9.202986
3001999,80.85012
3002000,6.273142
3002001,334.78824
3002002,287.6201
3002003,5.3827114
3002004,7.390175
3002005,316.23065
3002006,92.53142
3002007,1584.1099
3002008,34.31371
3002009,17.783749
3002010,6.7519927
3002011,0.1639794
3002012,5.9784017
3002013,3278.4275
3002014,-0.040083032
3002015,475.7838
3002016,7.707835
3002017,1030.3071
3002018,724.49524
3002019,243.47124
3002020,175.79166
3002021,82.793564
3002022,4064.1052
3002023,21.717592
3002024,1.7796881
3002025,20.511702
3002026,20.752481
3002027,0.09581318
3002028,168.78058
3002029,6.5436063
3002030,15.51192
3002031,8.9444685
3002032,83.70253
3002033,6.299904
3002034,332.97894
3002035,287.34033
3002036,5.35624
3002037,7.277675
3002038,317.2908
3002039,91.86846
3002040,1583.9906
3002041,34.3401
3002042,17.598396
3002043,6.7700906
3002044,0.13169342
3002045,5.843701
3002046,3239.236
3002047,0.055420052
3002048,472.21472
3002049,7.72172
3002050,1037.1526
3002051,723.48193
3002052,243.79228
3002053,175.13019
3002054,82.67032
3002055,4034.1968
3002056,21.62714
3002057,1.7717866
3002058,20.525286
3002059,20.797058
3002060,-0.045411967
3002061,168.8088
3002062,6.4686155
3002063,17.009893
3002064,9.193518
3002065,83.69111
3002066,6.3087153
3002067,335.57785
3002068,285.44797
3002069,5.304245
3002070,7.293864
3002071,316.38297
3002072,91.73776
3002073,1584.1493
3002074,34.394485
3002075,17.70332
3002076,6.8850775
3002077,0.04799572
3002078,5.913715
3002079,3247.6606
3002080,-0.062349226
3002081,472.50674
3002082,7.706045
3002083,1032.3541
3002084,718.33167
3002085,243.36072
3002086,174.38368
3002087,82.786766
3002088,4039.3447
3002089,21.558474
3002090,1.7739025
3002091,20.557745
3002092,20.787577
3002093,-0.0023901172
3002094,168.86526
3002095,6.458319
3002096,17.026325
3002097,9.237641
3002098,81.23454
3002099,6.2009773
3002100,334.73325
3002101,285.65704
3002102,5.3473434
3002103,7.256955
3002104,313.4376
3002105,91.327995
3002106,1584.0209
3002107,34.33188
3002108,17.403893
3002109,6.750123
3002110,0.09501956
3002111,5.829378
3002112,3215.558
3002113,-0.08220283
3002114,471.12036
3002115,7.6876493
3002116,1025.763
3002117,718.96875
3002118,242.01344
3002119,176.1002
3002120,82.64002
3002121,4006.014
3002122,21.668478
3002123,1.7952317
3002124,20.592213
3002125,20.615458
3002126,-0.03884798
3002127,168.88217
3002128,6.5313096
3002129,15.462204
3002130,8.867491
3002131,81.30911
3002132,6.2041984
3002133,331.92508
3002134,285.13992
3002135,5.414061
3002136,7.3273015
3002137,314.9087
3002138,92.22073
3002139,1584.0806
3002140,34.370308
3002141,17.533728
3002142,6.8202667
3002143,0.11928985
3002144,5.931671
3002145,3199.3171
3002146,-0.0027160847
3002147,471.4815
3002148,7.724367
3002149,1018.64624
3002150,717.3416
3002151,242.7269
3002152,175.51712
3002153,82.78117
3002154,4000.0386
3002155,21.632914
3002156,1.7791003
3002157,20.55049
3002158,20.733223
3002159,0.10680563
3002160,168.85359
3002161,6.5242476
3002162,15.576158
3002163,8.934561
3002164,81.1812
3002165,6.1822495
3002166,333.20853
3002167,285.29037
3002168,5.404634
3002169,7.259611
3002170,312.5708
3002171,91.70759
3002172,1584.1359
3002173,34.329285
3002174,17.580956
3002175,6.774345
3002176,0.056835335
3002177,5.945043
3002178,3270.3635
3002179,-0.055177484
3002180,474.37555
3002181,7.647226
3002182,1027.1721
3002183,730.61884
3002184,244.51363
3002185,180.31808
3002186,84.37352
3002187,4024.283
3002188,21.966902
3002189,1.7714971
3002190,20.678177
3002191,20.72872
3002192,0.062210023
3002193,168.82556
3002194,6.472743
3002195,17.09625
3002196,9.233844
3002197,81.31472
3002198,6.2705665
3002199,336.01562
3002200,286.8514
3002201,5.285425
3002202,7.279026
3002203,321.67645
3002204,94.31717
3002205,1584.0779
3002206,34.411804
3002207,18.082151
3002208,6.7916765
3002209,0.051182732
3002210,5.939364
3002211,3259.649
3002212,0.006656225
3002213,480.0276
3002214,7.701858
3002215,1021.62854
3002216,728.912
3002217,243.49022
3002218,178.29689
3002219,82.61745
3002220,4020.5461
3002221,21.954233
3002222,1.8103479
3002223,20.5703
3002224,20.750843
3002225,-0.12513724
3002226,168.84328
3002227,6.439
3002228,18.806654
3002229,9.100186
3002230,80.91623
3002231,6.3184185
3002232,335.4238
3002233,284.1631
3002234,5.341327
3002235,7.3024783
3002236,318.363
3002237,93.38977
3002238,1584.0454
3002239,34.29977
3002240,17.892605
3002241,6.670005
3002242,0.12562995
3002243,5.9082074
3002244,3262.4421
3002245,-0.0416066
3002246,473.37143
3002247,7.801661
3002248,1017.5231
3002249,729.8969
3002250,242.0536
3002251,177.70274
3002252,82.76652
3002253,4022.146
3002254,21.93367
3002255,1.8082719
3002256,20.725515
3002257,20.621552
3002258,-0.05486925
3002259,168.85405
3002260,6.3771276
3002261,19.20641
3002262,9.219708
3002263,80.85797
3002264,6.1550746
3002265,334.0742
3002266,284.20828
3002267,5.371793
3002268,7.333532
3002269,314.488
3002270,92.98648
3002271,1584.1155
3002272,34.352596
3002273,18.06391
3002274,6.7379136
3002275,0.026688846
3002276,5.8470144
3002277,3221.8916
3002278,0.035708074
3002279,468.77252
3002280,7.6962614
3002281,1014.33875
3002282,722.9416
3002283,241.4228
3002284,175.84055
3002285,82.96529
3002286,4015.785
3002287,21.837101
3002288,1.7694291
3002289,20.662657
3002290,20.696331
3002291,0.01805022
3002292,168.75809
3002293,6.4603105
3002294,17.06281
3002295,8.974256
3002296,80.997505
3002297,6.1525865
3002298,332.6815
3002299,284.97333
3002300,5.4487653
3002301,7.3157244
3002302,315.47397
3002303,92.527985
3002304,1584.046
3002305,34.341
3002306,17.665022
3002307,6.730286
3002308,0.097961314
3002309,5.81606
3002310,3211.976
3002311,-0.049058035
3002312,470.50143
3002313,7.750271
3002314,1010.50824
3002315,724.2871
3002316,241.16916
3002317,177.05788
3002318,82.87216
3002319,3983.452
3002320,21.71841
3002321,1.7709397
3002322,20.678268
3002323,20.712542
3002324,0.110876195
3002325,168.76445
3002326,6.486235
3002327,18.786732
3002328,9.157063
3002329,80.80751
3002330,6.287477
3002331,334.0468
3002332,283.0513
3002333,5.3102274
3002334,7.365801
3002335,308.99408
3002336,92.52187
3002337,1584.0854
3002338,34.23176
3002339,17.940084
3002340,6.2055607
3002341,0.11612373
3002342,5.7083216
3002343,3217.065
3002344,-0.04513567
3002345,468.11368
3002346,7.735523
3002347,1010.7654
3002348,724.8323
3002349,240.3805
3002350,173.523
3002351,82.478035
3002352,3966.8125
3002353,21.559502
3002354,1.7817497
3002355,20.656713
3002356,20.620197
3002357,-0.02402224
3002358,168.84013
3002359,6.3727727
3002360,17.080767
3002361,9.844739
3002362,81.17626
3002363,6.124499
3002364,331.89877
3002365,282.0213
3002366,5.3398767
3002367,7.3476863
3002368,307.88834
3002369,91.50977
3002370,1584.0779
3002371,34.31357
3002372,17.718613
3002373,6.647992
3002374,0.13837826
3002375,5.759132
3002376,3208.7961
3002377,0.037417937
3002378,468.9626
3002379,7.650463
3002380,1006.6521
3002381,713.0265
3002382,238.82785
3002383,175.40065
3002384,82.40926
3002385,3941.9148
3002386,21.626402
3002387,1.7693719
3002388,20.596298
3002389,20.670984
3002390,-0.037194073
3002391,168.86078
3002392,6.48096
3002393,17.086876
3002394,9.254684
3002395,71.959305
3002396,6.2834687
3002397,331.92963
3002398,279.59344
3002399,5.275987
3002400,7.3777604
3002401,308.96695
3002402,91.228355
3002403,1584.0151
3002404,34.287468
3002405,17.36217
3002406,6.113546
3002407,0.053312495
3002408,5.7478113
3002409,3192.6008
3002410,0.046141434
3002411,465.98505
3002412,7.792455
3002413,1006.7687
3002414,711.5693
3002415,236.96043
3002416,175.81819
3002417,81.81976
3002418,3930.5728
3002419,21.601404
3002420,1.7772846
3002421,20.529657
3002422,20.594013
3002423,0.010194033
3002424,168.77557
3002425,6.4093065
3002426,17.096088
3002427,9.174412
3002428,71.952705
3002429,6.22091
3002430,330.07574
3002431,274.4588
3002432,5.2653813
3002433,7.3032265
3002434,303.45316
3002435,92.280174
3002436,1584.0851
3002437,34.38488
3002438,17.742859
3002439,6.196539
3002440,-0.0010065784
3002441,5.789103
3002442,3210.7644
3002443,0.040197026
3002444,466.5037
3002445,7.813063
3002446,995.6573
3002447,709.114
3002448,236.82596
3002449,174.45352
3002450,81.848656
3002451,3931.8018
3002452,21.6885
3002453,1.7684774
3002454,20.641844
3002455,20.740944
3002456,0.0017933713
3002457,168.80423
3002458,6.412693
3002459,17.041473
3002460,9.176483
3002461,67.24515
3002462,6.201615
3002463,330.19443
3002464,278.52945
3002465,5.2920866
3002466,7.1968455
3002467,302.709
3002468,91.64575
3002469,1584.0673
3002470,34.339527
3002471,17.42879
3002472,6.7040443
3002473,0.11522809
3002474,5.855857
3002475,3107.5989
3002476,0.06974517
3002477,468.1833
3002478,7.7757506
3002479,995.30414
3002480,717.94824
3002481,235.7944
3002482,174.72151
3002483,82.006966
3002484,3923.3838
3002485,21.498169
3002486,1.7738354
3002487,20.625149
3002488,20.716501
3002489,-0.010179978
3002490,168.75359
3002491,6.5110598
3002492,17.116896
3002493,9.279444
3002494,81.1299
3002495,6.2855153
3002496,330.46304
3002497,274.4961
3002498,5.262675
3002499,7.347806
3002500,304.12668
3002501,93.55878
3002502,1584.062
3002503,34.30955
3002504,17.299658
3002505,6.1788387
3002506,0.031706136
3002507,5.7557774
3002508,2990.3567
3002509,0.10652575
3002510,469.9969
3002511,7.74848
3002512,1003.9304
3002513,713.36945
3002514,236.1558
3002515,175.61015
3002516,81.64205
3002517,3947.1404
3002518,21.934576
3002519,1.8064805
3002520,20.690155
3002521,20.578897
3002522,0.087599866
3002523,168.80138
3002524,6.421902
3002525,18.70782
3002526,9.840465
3002527,81.23485
3002528,6.2471404
3002529,329.84955
3002530,279.64258
3002531,5.3271074
3002532,7.4082937
3002533,304.7994
3002534,93.02433
3002535,1584.1927
3002536,34.4372
3002537,17.368692
3002538,6.822849
3002539,0.07243713
3002540,5.734901
3002541,3006.305
3002542,-0.06556636
3002543,470.59695
3002544,7.8642964
3002545,999.7012
3002546,714.8172
3002547,236.93333
3002548,173.34537
3002549,81.63585
3002550,3959.3926
3002551,21.68387
3002552,1.8052192
3002553,20.513056
3002554,20.738989
3002555,-0.05718049
3002556,168.83318
3002557,6.5253987
3002558,17.14896
3002559,9.183595
3002560,81.11975
3002561,6.3599243
3002562,330.8021
3002563,279.75745
3002564,5.3029895
3002565,7.31801
3002566,306.02716
3002567,93.156296
3002568,1584.094
3002569,34.456097
3002570,17.301601
3002571,6.6737447
3002572,0.05563315
3002573,5.8195376
3002574,3010.6384
3002575,0.041538727
3002576,469.36526
3002577,7.711664
3002578,998.3703
3002579,714.30804
3002580,236.37393
3002581,174.7894
3002582,81.697754
3002583,3925.2097
3002584,22.034908
3002585,1.7975098
3002586,20.631863
3002587,20.717934
3002588,0.0040110536
3002589,168.82764
3002590,6.439385
3002591,17.060919
3002592,9.04011
3002593,67.24259
3002594,6.3512115
3002595,328.716
3002596,278.7337
3002597,5.3260355
3002598,7.3946886
3002599,302.48755
3002600,92.58083
3002601,1584.026
3002602,34.32338
3002603,17.39425
3002604,6.7874217
3002605,0.0124766575
3002606,5.7539983
3002607,2994.6309
3002608,-0.070153564
3002609,467.45773
3002610,7.7615695
3002611,995.3387
3002612,710.5514
3002613,235.68512
3002614,172.65533
3002615,81.39835
3002616,3902.2195
3002617,21.357286
3002618,1.7689935
3002619,20.539427
3002620,20.689995
3002621,-0.112036705
3002622,168.73882
3002623,6.517661
3002624,18.99741
3002625,9.176388
3002626,72.052826
3002627,6.3303766
3002628,328.3983
3002629,277.94235
3002630,5.4212265
3002631,7.434262
3002632,305.08466
3002633,92.5033
3002634,1584.1824
3002635,34.383404
3002636,17.568476
3002637,6.18221
3002638,0.09184039
3002639,5.709704
3002640,2958.0266
3002641,0.039940592
3002642,469.43808
3002643,7.6709213
3002644,989.824
3002645,706.65204
3002646,234.176
3002647,171.53223
3002648,81.0953
3002649,3914.307
3002650,21.059713
3002651,1.7831173
3002652,20.658724
3002653,20.641539
3002654,0.06267373
3002655,168.82416
3002656,6.494605
3002657,17.076462
3002658,9.224981
3002659,80.83772
3002660,6.2756114
3002661,326.185
3002662,273.30423
3002663,5.3705664
3002664,7.4161167
3002665,308.01398
3002666,91.188126
3002667,1584.1027
3002668,34.30098
3002669,17.316189
3002670,6.701209
3002671,0.12686904
3002672,5.65852
3002673,2983.9873
3002674,0.015454034
3002675,463.34677
3002676,7.7482963
3002677,986.1468
3002678,701.7364
3002679,232.73459
3002680,173.80733
3002681,80.76376
3002682,3876.3235
3002683,21.366827
3002684,1.7925625
3002685,20.727503
3002686,20.75549
3002687,0.027127845
3002688,168.80997
3002689,6.469544
3002690,18.68502
3002691,9.247735
3002692,72.09049
3002693,6.271478
3002694,321.86127
3002695,272.89398
3002696,5.263266
3002697,7.2756534
3002698,303.66696
3002699,91.51216
3002700,1584.0933
3002701,34.337734
3002702,16.980965
3002703,6.9004245
3002704,0.09329178
3002705,5.738028
3002706,3220.8525
3002707,0.060009252
3002708,467.39725
3002709,7.742156
3002710,988.0907
3002711,722.09717
3002712,236.3122
3002713,176.47609
3002714,81.846214
3002715,3877.3918
3002716,21.926554
3002717,1.7702099
3002718,20.620459
3002719,20.647491
3002720,0.07437661
3002721,168.91048
3002722,6.4798155
3002723,17.132076
3002724,9.198156
3002725,81.25874
3002726,6.285845
3002727,333.01898
3002728,269.88504
3002729,5.348836
3002730,7.3492274
3002731,302.88577
3002732,94.54216
3002733,1584.0876
3002734,34.407104
3002735,17.582851
3002736,6.9237237
3002737,0.084777944
3002738,5.850598
3002739,3309.981
3002740,0.02402063
3002741,468.86142
3002742,7.7843065
3002743,999.48047
3002744,733.0862
3002745,237.99466
3002746,179.37401
3002747,82.94839
3002748,3954.4827
3002749,22.381178
3002750,1.7818127
3002751,20.533445
3002752,20.724169
3002753,-0.025047235
3002754,168.72858
3002755,6.5377417
3002756,19.029295
3002757,8.967925
3002758,80.9379
3002759,6.26341
3002760,338.28516
3002761,272.9862
3002762,5.2791257
3002763,7.206363
3002764,311.75082
3002765,94.53726
3002766,1584.0326
3002767,34.337605
3002768,18.124435
3002769,6.9665604
3002770,0.07324026
3002771,5.834581
3002772,3315.0154
3002773,0.09912409
3002774,473.41293
3002775,7.657184
3002776,1025.7573
3002777,730.7016
3002778,242.09154
3002779,181.92673
3002780,83.47062
3002781,4024.1033
3002782,22.532442
3002783,1.7996064
3002784,20.60326
3002785,20.64241
3002786,-0.030285021
3002787,168.80862
3002788,6.461028
3002789,19.324116
3002790,9.098994
3002791,81.05344
3002792,6.338172
3002793,339.77032
3002794,281.16495
3002795,5.4547315
3002796,7.4027443
3002797,317.48334
3002798,95.07495
3002799,1584.0143
3002800,34.37594
3002801,18.127232
3002802,6.821928
3002803,0.05950889
3002804,5.9414134
3002805,3334.5686
3002806,-0.029823765
3002807,481.69797
3002808,7.679635
3002809,1032.224
3002810,739.5339
3002811,246.73665
3002812,184.72565
3002813,84.11412
3002814,4079.9172
3002815,22.372402
3002816,1.7791439
3002817,20.572363
3002818,20.624472
3002819,0.059251234
3002820,168.76651
3002821,6.5116763
3002822,19.307762
3002823,9.097226
3002824,67.27889
3002825,6.193987
3002826,342.0061
3002827,286.37534
3002828,5.2828918
3002829,7.2644167
3002830,324.63535
3002831,94.784065
3002832,1584.1552
3002833,34.33752
3002834,18.16574
3002835,6.771142
3002836,0.11567368
3002837,6.021545
3002838,3277.14
3002839,0.05204147
3002840,484.9746
3002841,7.6433983
3002842,1037.9568
3002843,742.46454
3002844,247.34866
3002845,183.20552
3002846,84.612404
3002847,4092.0984
3002848,22.225111
3002849,1.7807777
3002850,20.584658
3002851,20.596962
3002852,-0.00012429082
3002853,168.79042
3002854,6.393022
3002855,19.12388
3002856,9.192716
3002857,83.710655
3002858,6.197771
3002859,340.3098
3002860,291.20084
3002861,5.3045073
3002862,7.2468452
3002863,324.1493
3002864,97.79166
3002865,1584.0302
3002866,34.29712
3002867,18.106363
3002868,6.971415
3002869,0.05644393
3002870,6.082944
3002871,3306.1045
3002872,-0.12257721
3002873,495.486
3002874,7.713413
3002875,1050.2184
3002876,733.15814
3002877,251.58568
3002878,185.41544
3002879,82.43352
3002880,4161.234
3002881,22.14254
3002882,1.7817184
3002883,20.683252
3002884,20.65634
3002885,-0.09152702
3002886,168.83057
3002887,6.478251
3002888,19.430422
3002889,9.056273
3002890,71.94276
3002891,6.358694
3002892,340.96292
3002893,292.1199
3002894,5.267357
3002895,7.358032
3002896,325.03882
3002897,98.6867
3002898,1584.0414
3002899,34.307835
3002900,18.27796
3002901,6.9376106
3002902,0.08618875
3002903,5.9894767
3002904,3270.6714
3002905,-0.10310526
3002906,492.9348
3002907,7.672748
3002908,1050.471
3002909,730.8496
3002910,253.99481
3002911,182.83904
3002912,83.168274
3002913,4160.997
3002914,22.280045
3002915,1.7952164
3002916,20.71513
3002917,20.617733
3002918,-0.11437664
3002919,168.8061
3002920,6.3734784
3002921,19.141716
3002922,9.075926
3002923,80.76477
3002924,6.234446
3002925,339.04514
3002926,289.6463
3002927,5.3670177
3002928,7.2006545
3002929,326.4824
3002930,97.55816
3002931,1584.12
3002932,34.288433
3002933,18.151049
3002934,6.9015927
3002935,0.17947832
3002936,6.01827
3002937,3428.458
3002938,0.022930894
3002939,498.38504
3002940,7.77144
3002941,1005.24
3002942,729.601
3002943,253.58208
3002944,191.54538
3002945,83.53366
3002946,4143.5312
3002947,22.153505
3002948,1.777462
3002949,20.598843
3002950,20.685398
3002951,0.07044092
3002952,168.75072
3002953,6.5259147
3002954,19.183163
3002955,9.201412
3002956,81.2631
3002957,6.223928
3002958,342.13376
3002959,292.335
3002960,5.3069377
3002961,7.398791
3002962,328.16083
3002963,90.02905
3002964,1584.1085
3002965,34.33745
3002966,18.273165
3002967,6.8829203
3002968,-0.027128052
3002969,6.0708947
3002970,3427.3215
3002971,0.038199805
3002972,491.9336
3002973,7.862891
3002974,1003.1097
3002975,729.17957
3002976,254.18416
3002977,190.18785
3002978,83.06556
3002979,4147.2197
3002980,22.209099
3002981,1.77998
3002982,20.588285
3002983,20.721188
3002984,0.06502004
3002985,168.81094
3002986,6.4855995
3002987,18.873938
3002988,9.076082
3002989,81.28632
3002990,6.2482777
3002991,342.95673
3002992,288.6753
3002993,5.261703
3002994,7.3281884
3002995,328.96436
3002996,97.56071
3002997,1584.0989
3002998,34.35733
3002999,18.157314
3003000,6.787904
3003001,0.0077525554
3003002,6.0184326
3003003,3325.407
3003004,0.049097106
3003005,486.9382
3003006,7.6805043
3003007,998.3168
3003008,728.1248
3003009,250.60858
3003010,185.20645
3003011,85.21913
3003012,4138.2656
3003013,22.243887
3003014,1.7806635
3003015,20.652163
3003016,20.644543
3003017,0.03374495
3003018,168.91951
3003019,6.504088
3003020,19.017279
3003021,9.263312
3003022,81.07544
3003023,6.2914886
3003024,342.3463
3003025,285.0021
3003026,5.2872496
3003027,7.314951
3003028,325.46426
3003029,90.10843
3003030,1584.0441
3003031,34.337017
3003032,18.068953
3003033,6.922146
3003034,0.0384043
3003035,5.968611
3003036,3388.278
3003037,-0.0828876
3003038,482.48798
3003039,7.7831826
3003040,1030.9718
3003041,724.59686
3003042,246.71864
3003043,187.23398
3003044,84.922844
3003045,4078.386
3003046,22.327896
3003047,1.7709033
3003048,20.649117
3003049,20.620684
3003050,0.11427154
3003051,168.75813
3003052,6.470134
3003053,19.189388
3003054,9.1244755
3003055,80.82763
3003056,6.31438
3003057,341.7114
3003058,285.01266
3003059,5.3107686
3003060,7.3129535
3003061,323.67004
3003062,97.78228
3003063,1584.086
3003064,34.387604
3003065,18.107286
3003066,6.733655
3003067,0.14705205
3003068,5.800488
3003069,3351.0984
3003070,-0.038364667
3003071,474.15845
3003072,7.813525
3003073,1026.786
3003074,734.14056
3003075,243.21333
3003076,182.15253
3003077,83.74846
3003078,4063.8196
3003079,21.941833
3003080,1.7680402
3003081,20.639809
3003082,20.694496
3003083,0.016343093
3003084,168.81937
3003085,6.5712805
3003086,19.07204
3003087,9.159009
3003088,80.999176
3003089,6.333458
3003090,343.0632
3003091,283.4283
3003092,5.314462
3003093,7.286142
3003094,321.10254
3003095,96.93136
3003096,1584.0244
3003097,34.311623
3003098,18.134043
3003099,6.77914
3003100,0.09839063
3003101,5.867589
3003102,3323.9753
3003103,0.0022413263
3003104,477.2112
3003105,7.759681
3003106,1028.5154
3003107,740.61066
3003108,247.94116
3003109,183.73184
3003110,85.15663
3003111,4068.8916
3003112,22.339958
3003113,1.7922227
3003114,20.52144
3003115,20.665253
3003116,0.03979359
3003117,168.91882
3003118,6.4982424
3003119,19.21985
3003120,9.10315
3003121,67.26802
3003122,6.3487873
3003123,342.72687
3003124,286.17206
3003125,5.412779
3003126,7.308044
3003127,320.8986
3003128,97.54757
3003129,1584.0756
3003130,34.42099
3003131,18.1119
3003132,6.7434344
3003133,0.028018095
3003134,5.9396777
3003135,3347.8928
3003136,0.016091129
3003137,476.28372
3003138,7.6124463
3003139,1033.243
3003140,727.9118
3003141,244.38084
3003142,186.47485
3003143,85.17621
3003144,4075.652
3003145,22.450089
3003146,1.8149637
3003147,20.618044
3003148,20.733929
3003149,-0.011557007
3003150,168.77122
3003151,6.525135
3003152,19.059662
3003153,8.9571905
3003154,71.94395
3003155,6.1808634
3003156,339.89426
3003157,283.7337
3003158,5.2694693
3003159,7.2572346
3003160,323.11176
3003161,99.09595
3003162,1583.9968
3003163,34.296
3003164,18.287388
3003165,6.873827
3003166,0.029204082
3003167,6.0639997
3003168,3307.4058
3003169,-0.021770552
3003170,480.91153
3003171,7.7152505
3003172,1019.42883
3003173,723.3973
3003174,245.10686
3003175,188.39473
3003176,85.114365
3003177,4061.517
3003178,22.33182
3003179,1.7754748
3003180,20.560377
3003181,20.621119
3003182,0.115216225
3003183,168.80646
3003184,6.466911
3003185,18.974806
3003186,9.024176
3003187,81.29452
3003188,6.132203
3003189,344.62244
3003190,281.75687
3003191,5.416649
3003192,7.312996
3003193,325.20435
3003194,90.182205
3003195,1584.015
3003196,34.339493
3003197,18.283323
3003198,6.840803
3003199,0.10908076
3003200,5.859551
3003201,3290.974
3003202,-0.039667267
3003203,481.8403
3003204,7.6337485
3003205,1045.0522
3003206,727.06934
3003207,248.4755
3003208,188.82779
3003209,82.45602
3003210,4092.1174
3003211,22.13778
3003212,1.7550477
3003213,20.593012
3003214,20.629168
3003215,0.039910022
3003216,168.80153
3003217,6.4886513
3003218,19.157322
3003219,9.79579
3003220,81.00208
3003221,6.209006
3003222,341.86646
3003223,285.15326
3003224,5.4045897
3003225,7.4002433
3003226,327.05045
3003227,90.074066
3003228,1584.0425
3003229,34.27681
3003230,18.124193
3003231,6.9115148
3003232,0.08838736
3003233,5.9719243
3003234,3347.5896
3003235,-0.0016869887
3003236,485.4822
3003237,7.698526
3003238,1033.0397
3003239,730.1951
3003240,249.61696
3003241,189.06874
3003242,82.612724
3003243,4049.0515
3003244,22.54743
3003245,1.7666111
3003246,20.65437
3003247,20.601906
3003248,-0.029855706
3003249,168.85326
3003250,6.5282526
3003251,19.173435
3003252,9.835271
3003253,75.054855
3003254,6.222128
3003255,341.2903
3003256,284.39365
3003257,5.379331
3003258,7.314518
3003259,323.26535
3003260,90.16908
3003261,1584.0118
3003262,34.322025
3003263,18.338833
3003264,6.9002256
3003265,0.19099037
3003266,5.9503627
3003267,3355.5
3003268,0.00971361
3003269,483.3798
3003270,7.717437
3003271,1038.7047
3003272,721.22205
3003273,250.15976
3003274,189.139
3003275,84.908905
3003276,4071.4697
3003277,22.2344
3003278,1.7078913
3003279,20.602827
3003280,20.753098
3003281,-0.023969311
3003282,168.82176
3003283,6.499192
3003284,19.07025
3003285,9.142075
3003286,81.14073
3003287,6.1868243
3003288,340.44345
3003289,284.0324
3003290,5.3028893
3003291,7.3711414
3003292,328.57193
3003293,90.38877
3003294,1584.0732
3003295,34.29504
3003296,18.118376
3003297,6.9288425
3003298,0.0074184975
3003299,6.03076
3003300,3434.362
3003301,-0.06262208
3003302,484.4553
3003303,7.769261
3003304,1052.8785
3003305,729.83795
3003306,253.60632
3003307,191.27757
3003308,84.50891
3003309,4164.2075
3003310,22.185125
3003311,1.7759814
3003312,20.600632
3003313,20.72025
3003314,0.045090243
3003315,168.82326
3003316,6.4169154
3003317,19.386791
3003318,10.071304
3003319,71.92665
3003320,6.246694
3003321,340.161
3003322,291.1708
3003323,5.308579
3003324,7.2438965
3003325,330.06955
3003326,90.772
3003327,1584.098
3003328,34.280273
3003329,18.285267
3003330,6.911773
3003331,0.14192428
3003332,6.070782
3003333,3392.952
3003334,-0.035883702
3003335,492.58597
3003336,7.6973414
3003337,1051.6235
3003338,728.90814
3003339,251.0103
3003340,183.9079
3003341,84.11239
3003342,4108.6904
3003343,22.187551
3003344,1.7725912
3003345,20.597158
3003346,20.724346
3003347,-0.12752388
3003348,168.78897
3003349,6.4724946
3003350,18.971693
3003351,9.932608
3003352,76.56525
3003353,6.208989
3003354,342.24146
3003355,286.11646
3003356,5.3192315
3003357,7.2915654
3003358,328.71576
3003359,90.147156
3003360,1584.0857
3003361,34.3343
3003362,18.133038
3003363,7.1004643
3003364,0.091836005
3003365,6.03806
3003366,3448.6318
3003367,-0.031508286
3003368,495.20035
3003369,7.8291783
3003370,1002.1416
3003371,726.25836
3003372,250.8419
3003373,188.35892
3003374,84.41674
3003375,4159.2236
3003376,22.183233
3003377,1.8050511
3003378,20.574993
3003379,20.74962
3003380,-0.08011326
3003381,168.8199
3003382,6.4776993
3003383,19.30689
3003384,9.792872
3003385,81.26291
3003386,6.323724
3003387,341.01044
3003388,288.11414
3003389,5.349419
3003390,7.241089
3003391,329.5126
3003392,90.0534
3003393,1584.1075
3003394,34.438496
3003395,18.085878
3003396,6.9381623
3003397,0.0469045
3003398,6.0370207
3003399,3441.3308
3003400,0.045288533
3003401,484.08545
3003402,7.6995373
3003403,1007.3652
3003404,737.54205
3003405,251.10817
3003406,182.5502
3003407,85.083435
3003408,4109.4014
3003409,22.14952
3003410,1.7883523
3003411,20.598877
3003412,20.685328
3003413,0.04998054
3003414,168.92267
3003415,6.4607043
3003416,18.07515
3003417,9.944327
3003418,76.89457
3003419,6.250882
3003420,345.51984
3003421,295.92676
3003422,5.385909
3003423,7.319293
3003424,327.88364
3003425,88.43195
3003426,1584.0806
3003427,34.233925
3003428,18.183735
3003429,6.89153
3003430,0.06994668
3003431,6.079764
3003432,3396.4119
3003433,-0.07917761
3003434,481.8698
3003435,7.663558
3003436,1006.6297
3003437,741.8568
3003438,252.56789
3003439,180.57616
3003440,84.119644
3003441,4105.8125
3003442,22.374979
3003443,1.7822707
3003444,20.564547
3003445,20.6944
3003446,0.01513697
3003447,168.82552
3003448,6.4756784
3003449,19.02541
3003450,9.849048
3003451,67.25034
3003452,6.198374
3003453,344.3524
3003454,296.6547
3003455,5.3460207
3003456,7.355676
3003457,328.8522
3003458,97.69337
3003459,1584.0752
3003460,34.365578
3003461,18.12266
3003462,6.9945726
3003463,0.08243315
3003464,5.9411097
3003465,3335.1506
3003466,-0.010077419
3003467,482.9828
3003468,7.8034368
3003469,999.3089
3003470,735.4288
3003471,251.36186
3003472,182.41238
3003473,83.251205
3003474,4107.1997
3003475,22.161526
3003476,1.809199
3003477,20.595236
3003478,20.708752
3003479,0.034630988
3003480,168.86324
3003481,6.5699
3003482,19.277113
3003483,9.2386465
3003484,81.05992
3003485,6.2535987
3003486,340.3887
3003487,294.18747
3003488,5.3417535
3003489,7.288488
3003490,323.6551
3003491,97.73918
3003492,1584.0052
3003493,34.27175
3003494,18.087118
3003495,6.9353504
3003496,0.12218861
3003497,6.0840564
3003498,3358.017
3003499,-0.12058937
3003500,475.49936
3003501,7.708567
3003502,1053.0457
3003503,730.7775
3003504,251.91234
3003505,178.86186
3003506,83.00649
3003507,4081.7664
3003508,22.095188
3003509,1.8104538
3003510,20.55805
3003511,20.617704
3003512,-0.086358674
3003513,168.79736
3003514,6.5571647
3003515,18.960905
3003516,9.808147
3003517,67.198074
3003518,6.277876
3003519,341.8166
3003520,295.57397
3003521,5.35597
3003522,7.302965
3003523,325.58112
3003524,98.76035
3003525,1584.1106
3003526,34.305416
3003527,17.74599
3003528,6.9907756
3003529,0.11470082
3003530,6.045659
3003531,3429.8567
3003532,0.032577008
3003533,485.52103
3003534,7.690272
3003535,1000.21063
3003536,733.0307
3003537,254.52744
3003538,180.96686
3003539,82.562164
3003540,4168.1597
3003541,22.00317
3003542,1.7985976
3003543,20.584208
3003544,20.702103
3003545,-0.11194749
3003546,168.85352
3003547,6.384284
3003548,18.960344
3003549,9.301243
3003550,81.01187
3003551,6.256664
3003552,341.85904
3003553,293.79898
3003554,5.4392304
3003555,7.375633
3003556,325.11676
3003557,96.86559
3003558,1584.1085
3003559,34.270832
3003560,17.750143
3003561,7.191701
3003562,0.028803997
3003563,6.056784
3003564,3384.0886
3003565,-0.00012557779
3003566,488.45166
3003567,7.7661786
3003568,1002.92316
3003569,737.01514
3003570,255.38943
3003571,179.43446
3003572,82.71547
3003573,4159.824
3003574,21.94391
3003575,1.8001024
3003576,20.616411
3003577,20.726147
3003578,-0.077683076
3003579,168.77948
3003580,6.5475664
3003581,19.100977
3003582,9.936833
3003583,71.95683
3003584,6.2875485
3003585,342.3863
3003586,293.9077
3003587,5.3445053
3003588,7.3134556
3003589,319.0552
3003590,97.79891
3003591,1584.0406
3003592,34.378025
3003593,17.92045
3003594,7.191077
3003595,0.086372815
3003596,6.0591054
3003597,3427.931
3003598,0.03947627
3003599,489.01978
3003600,7.70808
3003601,1000.1087
3003602,736.25977
3003603,256.23468
3003604,181.84033
3003605,83.148735
3003606,4145.4453
3003607,22.300093
3003608,1.7826718
3003609,20.579565
3003610,20.733105
3003611,-0.047037344
3003612,168.81026
3003613,6.5215816
3003614,18.88466
3003615,10.009166
3003616,72.04061
3003617,6.309321
3003618,341.15057
3003619,291.89487
3003620,5.318119
3003621,7.3852286
3003622,319.78983
3003623,94.69018
3003624,1584.0925
3003625,34.314438
3003626,17.940536
3003627,7.1709685
3003628,0.074360326
3003629,6.0713243
3003630,3276.0361
3003631,-0.015194837
3003632,479.14297
3003633,7.7028823
3003634,1041.2037
3003635,729.08136
3003636,249.75233
3003637,178.29044
3003638,81.67932
3003639,4048.0815
3003640,21.833445
3003641,1.7667086
3003642,20.626797
3003643,20.72136
3003644,0.08879803
3003645,168.70303
3003646,6.459475
3003647,19.16053
3003648,9.18477
3003649,80.96027
3003650,6.24966
3003651,338.85092
3003652,289.00992
3003653,5.441217
3003654,7.3015795
3003655,318.6189
3003656,94.82137
3003657,1584.0083
3003658,34.278873
3003659,17.558224
3003660,7.032982
3003661,0.03096617
3003662,6.046833
3003663,3330.946
3003664,-0.051067375
3003665,474.37027
3003666,7.824991
3003667,1035.6956
3003668,729.82697
3003669,251.22672
3003670,179.02594
3003671,82.09008
3003672,4043.9143
3003673,21.895416
3003674,1.8056014
3003675,20.57851
3003676,20.581856
3003677,-0.042130794
3003678,168.84319
3003679,6.557835
3003680,19.256828
3003681,9.91351
3003682,76.58834
3003683,6.211634
3003684,336.957
3003685,286.31836
3003686,5.2521877
3003687,7.3804007
3003688,319.73685
3003689,95.01874
3003690,1584.174
3003691,34.32171
3003692,17.994139
3003693,6.8325944
3003694,0.076636486
3003695,6.0819197
3003696,3284.9834
3003697,-0.038648535
3003698,474.07468
3003699,7.7394195
3003700,1031.6267
3003701,722.6018
3003702,248.88258
3003703,175.54012
3003704,81.97954
3003705,4040.5195
3003706,21.688501
3003707,1.7798569
3003708,20.716722
3003709,20.679335
3003710,0.0028222005
3003711,168.82661
3003712,6.4846625
3003713,18.938099
3003714,9.976862
3003715,81.24204
3003716,6.2937436
3003717,334.99716
3003718,284.09683
3003719,5.326485
3003720,7.3358717
3003721,318.8034
3003722,93.6489
3003723,1583.9945
3003724,34.24301
3003725,17.55591
3003726,7.0392747
3003727,0.19648206
3003728,6.10332
3003729,3297.5945
3003730,-0.02965178
3003731,472.92093
3003732,7.6918664
3003733,1028.0057
3003734,728.37463
3003735,244.03159
3003736,178.66061
3003737,82.38407
3003738,4023.5667
3003739,21.848969
3003740,1.8017889
3003741,20.546272
3003742,20.666782
3003743,-0.0493269
3003744,168.79156
3003745,6.39742
3003746,19.091463
3003747,10.02186
3003748,81.06514
3003749,6.253508
3003750,337.53146
3003751,281.9197
3003752,5.346915
3003753,7.2372494
3003754,317.0723
3003755,93.93343
3003756,1584.1027
3003757,34.39964
3003758,17.569847
3003759,6.9866114
3003760,0.14577948
3003761,6.091636
3003762,3325.082
3003763,0.01319046
3003764,473.66727
3003765,7.629285
3003766,1034.3218
3003767,728.9768
3003768,244.93448
3003769,178.7858
3003770,82.82953
3003771,4054.8127
3003772,21.583536
3003773,1.7702725
3003774,20.673119
3003775,20.718296
3003776,-0.0020105152
3003777,168.76913
3003778,6.5088687
3003779,18.728142
3003780,10.012036
3003781,81.01112
3003782,6.202591
3003783,338.69833
3003784,283.38412
3003785,5.3416543
3003786,7.3003035
3003787,318.57446
3003788,94.572495
3003789,1584.1222
3003790,34.462105
3003791,17.69881
3003792,6.9362216
3003793,0.009448492
3003794,6.1148176
3003795,3353.0527
3003796,-0.007994555
3003797,475.84637
3003798,7.7396054
3003799,1019.5227
3003800,732.4102
3003801,244.31941
3003802,177.28674
3003803,81.774536
3003804,4054.3276
3003805,21.602444
3003806,1.7801832
3003807,20.700968
3003808,20.75743
3003809,-0.08310908
3003810,168.88933
3003811,6.491252
3003812,19.113085
3003813,9.947195
3003814,81.307495
3003815,6.2660103
3003816,336.42917
3003817,284.5064
3003818,5.3750367
3003819,7.372385
3003820,318.3203
3003821,94.97201
3003822,1584.022
3003823,34.41198
3003824,17.490688
3003825,6.787571
3003826,0.033674333
3003827,5.962933
3003828,3352.4485
3003829,-0.04737773
3003830,474.93915
3003831,7.689456
3003832,1031.5034
3003833,732.0239
3003834,245.07506
3003835,175.93996
3003836,81.34553
3003837,4017.1936
3003838,21.734913
3003839,1.7702441
3003840,20.570105
3003841,20.741053
3003842,0.11846178
3003843,168.93004
3003844,6.4172316
3003845,19.193188
3003846,9.856814
3003847,81.04857
3003848,6.303416
3003849,339.59583
3003850,281.85178
3003851,5.2386336
3003852,7.3389606
3003853,319.07864
3003854,94.22938
3003855,1584.107
3003856,34.32121
3003857,17.776848
3003858,6.9780626
3003859,0.059616774
3003860,6.1043615
3003861,3394.605
3003862,-0.0057046297
3003863,478.58197
3003864,7.6790314
3003865,1028.1466
3003866,731.65045
3003867,244.7642
3003868,175.63551
3003869,81.731705
3003870,4058.8054
3003871,21.435074
3003872,1.7902395
3003873,20.592398
3003874,20.69564
3003875,0.08252847
3003876,168.88295
3003877,6.40534
3003878,19.237978
3003879,9.986516
3003880,81.25227
3003881,6.2487884
3003882,340.0235
3003883,283.08322
3003884,5.382522
3003885,7.3380184
3003886,315.59744
3003887,94.17259
3003888,1583.9956
3003889,34.38479
3003890,17.442097
3003891,6.9724684
3003892,0.06281781
3003893,6.006343
3003894,3347.0374
3003895,-0.019631771
3003896,477.45068
3003897,7.7266545
3003898,1028.2201
3003899,728.4624
3003900,250.70752
3003901,178.24174
3003902,81.36657
3003903,4046.3342
3003904,21.728
3003905,1.806098
3003906,20.717638
3003907,20.618296
3003908,0.047316838
3003909,168.91422
3003910,6.440464
3003911,19.058992
3003912,9.811502
3003913,80.8717
3003914,6.200732
3003915,338.4881
3003916,283.1765
3003917,5.363011
3003918,7.3933744
3003919,318.181
3003920,96.435585
3003921,1584.0876
3003922,34.354443
3003923,17.562857
3003924,6.949166
3003925,0.07488824
3003926,5.9679885
3003927,3332.0994
3003928,0.018557964
3003929,476.5276
3003930,7.7605615
3003931,1013.3604
3003932,730.71735
3003933,247.4017
3003934,176.34206
3003935,81.713036
3003936,3997.444
3003937,21.91169
3003938,1.8023944
3003939,20.689186
3003940,20.654156
3003941,-0.039103743
3003942,168.78938
3003943,6.4459133
3003944,19.180595
3003945,9.871512
3003946,72.09639
3003947,6.1910534
3003948,337.43405
3003949,281.56564
3003950,5.3412967
3003951,7.337631
3003952,318.16113
3003953,94.32333
3003954,1584.0028
3003955,34.40313
3003956,17.670465
3003957,7.160712
3003958,0.04633741
3003959,6.142985
3003960,3386.1387
3003961,0.019190654
3003962,491.82468
3003963,7.822127
3003964,1029.6351
3003965,740.2691
3003966,252.80597
3003967,186.28624
3003968,83.92959
3003969,4112.7637
3003970,22.29195
3003971,1.7812384
3003972,20.668423
3003973,20.670362
3003974,0.023481822
3003975,168.73132
3003976,6.4399276
3003977,19.121994
3003978,10.0266
3003979,67.304634
3003980,6.332474
3003981,341.0175
3003982,285.98755
3003983,5.2755384
3003984,7.306839
3003985,326.25165
3003986,99.20138
3003987,1583.9982
3003988,34.322742
3003989,17.972528
3003990,7.0254364
3003991,0.032220963
3003992,6.0819893
3003993,3440.4375
3003994,-0.040699176
3003995,487.4211
3003996,7.6421504
3003997,1027.5383
3003998,740.99066
3003999,250.13219
3004000,184.75668
3004001,82.005356
3004002,4056.2354
3004003,22.041319
3004004,1.787978
3004005,20.616274
3004006,20.695906
3004007,0.081753224
3004008,168.79776
3004009,6.4372215
3004010,19.172913
3004011,9.299229
3004012,83.765
3004013,6.213797
3004014,339.3184
3004015,283.79538
3004016,5.362471
3004017,7.373487
3004018,322.39548
3004019,90.04347
3004020,1584.0953
3004021,34.38953
3004022,18.011015
3004023,7.0234127
3004024,0.09060317
3004025,6.051854
3004026,3437.0225
3004027,-5.0045444e-05
3004028,483.1759
3004029,7.6426067
3004030,1024.3832
3004031,741.5804
3004032,251.74106
3004033,184.05792
3004034,81.9317
3004035,4092.0989
3004036,22.00928
3004037,1.7846707
3004038,20.546223
3004039,20.664112
3004040,-0.048869867
3004041,168.76027
3004042,6.4702797
3004043,19.464314
3004044,9.902384
3004045,72.02967
3004046,6.3593693
3004047,337.13913
3004048,284.6356
3004049,5.3868427
3004050,7.30563
3004051,318.95425
3004052,88.382935
3004053,1584.0818
3004054,34.275196
3004055,18.094734
3004056,6.9133463
3004057,0.17350575
3004058,6.0915637
3004059,3354.4165
3004060,-0.0026392248
3004061,478.60547
3004062,7.7498364
3004063,1018.8037
3004064,728.17267
3004065,251.20808
3004066,180.92319
3004067,81.819115
3004068,4031.6958
3004069,21.857182
3004070,1.7747568
3004071,20.623219
3004072,20.689648
3004073,-0.04188441
3004074,168.84285
3004075,6.4671583
3004076,19.002766
3004077,9.114903
3004078,81.16554
3004079,6.2627845
3004080,336.73187
3004081,283.41943
3004082,5.3542786
3004083,7.4077554
3004084,318.55975
3004085,96.66745
3004086,1584.1152
3004087,34.374928
3004088,17.666922
3004089,7.087487
3004090,0.049386118
3004091,6.034237
3004092,3383.9119
3004093,0.0020969852
3004094,480.03268
3004095,7.7101903
3004096,1021.54913
3004097,734.19135
3004098,247.36392
3004099,179.7479
3004100,82.112854
3004101,4043.09
3004102,21.888027
3004103,1.7790973
3004104,20.61769
3004105,20.639471
3004106,-0.052021135
3004107,168.76923
3004108,6.555484
3004109,19.20171
3004110,9.222952
3004111,75.01237
3004112,6.2113905
3004113,333.73428
3004114,281.1519
3004115,5.312524
3004116,7.3454776
3004117,313.2962
3004118,97.71744
3004119,1584.1044
3004120,34.280228
3004121,17.820383
3004122,7.047764
3004123,0.073556945
3004124,5.963922
3004125,3353.7622
3004126,0.029961534
3004127,483.57355
3004128,7.7022405
3004129,1008.7763
3004130,732.80817
3004131,243.67183
3004132,177.02765
3004133,81.51078
3004134,4029.9038
3004135,21.709587
3004136,1.771604
3004137,20.59667
3004138,20.68369
3004139,-0.10378973
3004140,168.78072
3004141,6.4702153
3004142,18.843065
3004143,10.085342
3004144,67.25663
3004145,6.3778744
3004146,333.36465
3004147,282.95993
3004148,5.356846
3004149,7.2899747
3004150,310.80292
3004151,97.69889
3004152,1584.0857
3004153,34.352657
3004154,17.768538
3004155,7.0790453
3004156,0.014976152
3004157,6.0357165
3004158,3352.6804
3004159,-0.04627563
3004160,482.17856
3004161,7.650672
3004162,1011.241
3004163,725.8992
3004164,241.60846
3004165,178.4989
3004166,81.91525
3004167,4002.0083
3004168,21.596918
3004169,1.7836627
3004170,20.714529
3004171,20.726593
3004172,0.04708421
3004173,168.74265
3004174,6.5722833
3004175,18.846882
3004176,9.207224
3004177,80.93676
3004178,6.331639
3004179,334.17148
3004180,279.4782
3004181,5.261313
3004182,7.3706427
3004183,311.6346
3004184,94.9102
3004185,1584.0281
3004186,34.314255
3004187,17.337711
3004188,7.096707
3004189,0.123984754
3004190,5.90151
3004191,3302.6582
3004192,-0.057077046
3004193,474.71924
3004194,7.644814
3004195,1001.4647
3004196,722.65485
3004197,242.26248
3004198,179.97105
3004199,80.95354
3004200,3955.428
3004201,21.28234
3004202,1.8101163
3004203,20.615284
3004204,20.705378
3004205,-0.0025524867
3004206,168.84453
3004207,6.402415
3004208,19.15235
3004209,9.948714
3004210,71.99358
3004211,6.2370615
3004212,334.06824
3004213,271.0052
3004214,5.4221463
3004215,7.315186
3004216,308.44037
3004217,94.7521
3004218,1584.1705
3004219,34.323967
3004220,17.579454
3004221,7.0434117
3004222,0.16336794
3004223,6.0100427
3004224,3307.115
3004225,-0.026422508
3004226,474.4943
3004227,7.733731
3004228,1000.8448
3004229,726.0622
3004230,240.95518
3004231,176.71964
3004232,80.9345
3004233,3981.6494
3004234,21.45406
3004235,1.7695304
3004236,20.67677
3004237,20.664835
3004238,0.013329649
3004239,168.7671
3004240,6.5611763
3004241,19.10418
3004242,9.9069195
3004243,80.89803
3004244,6.2564735
3004245,331.8821
3004246,279.44086
3004247,5.268728
3004248,7.321798
3004249,306.06122
3004250,97.83401
3004251,1584.0835
3004252,34.369354
3004253,17.445532
3004254,7.070318
3004255,0.048763543
3004256,5.893776
3004257,3295.7727
3004258,-0.055689625
3004259,483.98044
3004260,7.673034
3004261,1007.4794
3004262,732.0362
3004263,239.37035
3004264,177.19444
3004265,81.1099
3004266,3986.7432
3004267,21.52882
3004268,1.7818929
3004269,20.679497
3004270,20.715763
3004271,-0.069696
3004272,168.8581
3004273,6.4819846
3004274,18.938334
3004275,9.962302
3004276,71.97038
3004277,6.1735797
3004278,333.15308
3004279,279.54895
3004280,5.327
3004281,7.2497373
3004282,306.49408
3004283,98.63229
3004284,1583.9996
3004285,34.26165
3004286,17.30043
3004287,7.0361156
3004288,0.030436954
3004289,5.9461007
3004290,3301.2903
3004291,0.06979708
3004292,498.30658
3004293,7.6716504
3004294,1017.69867
3004295,730.37616
3004296,238.05368
3004297,179.12143
3004298,80.806305
3004299,4033.5818
3004300,21.85799
3004301,1.7687247
3004302,20.711903
3004303,20.723898
3004304,-0.09539066
3004305,168.82161
3004306,6.500219
3004307,19.351986
3004308,9.963092
3004309,71.92732
3004310,6.311893
3004311,330.94928
3004312,282.62302
3004313,5.341405
3004314,7.2870636
3004315,307.25778
3004316,88.37861
3004317,1584.1663
3004318,34.431473
3004319,17.314669
3004320,7.051952
3004321,0.03118716
3004322,5.9287844
3004323,3324.2134
3004324,-0.06272336
3004325,496.13028
3004326,7.7059317
3004327,1025.1271
3004328,738.739
3004329,238.3519
3004330,178.16881
3004331,81.02412
3004332,4059.5056
3004333,21.884546
3004334,1.8011972
3004335,20.587137
3004336,20.720915
3004337,-0.044224095
3004338,168.85738
3004339,6.4045954
3004340,18.937891
3004341,9.9884
3004342,67.28712
3004343,6.215268
3004344,334.00803
3004345,286.61426
3004346,5.3516326
3004347,7.213784
3004348,310.22806
3004349,99.07109
3004350,1584.1036
3004351,34.38958
3004352,17.31186
3004353,7.246377
3004354,0.07893126
3004355,5.8908257
3004356,3328.664
3004357,0.055049703
3004358,494.31662
3004359,7.6558943
3004360,1014.4058
3004361,739.94104
3004362,237.87782
3004363,178.18837
3004364,80.90418
3004365,4055.5085
3004366,22.028059
3004367,1.7726078
3004368,20.58498
3004369,20.694994
3004370,0.0421723
3004371,168.80135
3004372,6.527084
3004373,19.254019
3004374,10.081021
3004375,67.25312
3004376,6.264983
3004377,332.14703
3004378,285.86133
3004379,5.307328
3004380,7.326973
3004381,306.5563
3004382,98.983246
3004383,1584.0935
3004384,34.306473
3004385,17.438595
3004386,6.989432
3004387,0.09564743
3004388,6.0394316
3004389,3321.2273
3004390,0.047849245
3004391,497.91467
3004392,7.637466
3004393,1026.7345
3004394,722.6583
3004395,237.1844
3004396,175.9897
3004397,80.39169
3004398,4043.7104
3004399,21.862165
3004400,1.7811923
3004401,20.577415
3004402,20.565897
3004403,-0.13595857
3004404,168.85368
3004405,6.465026
3004406,19.349096
3004407,10.131576
3004408,76.64338
3004409,6.331678
3004410,331.61542
3004411,286.68387
3004412,5.280229
3004413,7.3847957
3004414,307.42746
3004415,90.70308
3004416,1584.0085
3004417,34.250923
3004418,17.55007
3004419,6.9488873
3004420,0.092968345
3004421,5.9269886
3004422,3263.6367
3004423,0.09220693
3004424,486.55344
3004425,7.6511397
3004426,1004.5147
3004427,730.305
3004428,234.85065
3004429,175.39758
3004430,79.95545
3004431,3978.3357
3004432,21.188234
3004433,1.7732561
3004434,20.616451
3004435,20.731455
3004436,0.07791915
3004437,168.77312
3004438,6.4830623
3004439,19.028303
3004440,10.134526
3004441,80.93322
3004442,6.2340093
3004443,329.51105
3004444,282.27264
3004445,5.312964
3004446,7.326399
3004447,310.14365
3004448,97.77081
3004449,1584.1056
3004450,34.282566
3004451,17.215687
3004452,6.9326234
3004453,0.11000984
3004454,5.944805
3004455,3290.0303
3004456,-0.099868976
3004457,486.8904
3004458,7.6362195
3004459,1004.6092
3004460,731.1119
3004461,233.58911
3004462,177.03224
3004463,80.012886
3004464,3994.105
3004465,21.438593
3004466,1.7691662
3004467,20.550749
3004468,20.589968
3004469,-0.028910318
3004470,168.92488
3004471,6.425283
3004472,19.287872
3004473,10.099464
3004474,75.04863
3004475,6.2821655
3004476,328.64105
3004477,278.20422
3004478,5.4601855
3004479,7.3875585
3004480,305.45535
3004481,96.41302
3004482,1584.0726
3004483,34.419407
3004484,17.21897
3004485,7.0232935
3004486,0.09063943
3004487,5.9526343
3004488,3320.1436
3004489,0.08125725
3004490,493.8409
3004491,7.702217
3004492,1034.8713
3004493,741.6108
3004494,240.41272
3004495,183.14839
3004496,81.99438
3004497,4109.1616
3004498,22.060204
3004499,1.8073851
3004500,20.63983
3004501,20.79696
3004502,-0.030421546
3004503,168.80693
3004504,6.485687
3004505,19.024492
3004506,9.937441
3004507,67.22073
3004508,6.2368174
3004509,333.9997
3004510,286.74554
3004511,5.4171762
3004512,7.3603616
3004513,310.3362
3004514,98.90052
3004515,1584.1691
3004516,34.34185
3004517,17.59149
3004518,7.3023176
3004519,0.12733027
3004520,6.0566278
3004521,3436.913
3004522,0.11568139
3004523,505.83798
3004524,7.747372
3004525,1040.6339
3004526,741.10065
3004527,246.9421
3004528,191.33641
3004529,83.3895
3004530,4142.988
3004531,22.128115
3004532,1.8064933
3004533,20.570158
3004534,20.704264
3004535,0.120060764
3004536,168.82571
3004537,6.459481
3004538,19.119122
3004539,9.871417
3004540,67.30554
3004541,6.289246
3004542,338.08832
3004543,290.81982
3004544,5.2837386
3004545,7.3868146
3004546,316.0549
3004547,99.00817
3004548,1584.0795
3004549,34.380913
3004550,17.90006
3004551,6.922785
3004552,0.06722943
3004553,6.1782203
3004554,3445.3096
3004555,-0.08637064
3004556,502.65265
3004557,7.6409802
3004558,1042.5968
3004559,722.0322
3004560,256.57822
3004561,191.03581
3004562,83.79433
3004563,4157.999
3004564,22.357004
3004565,1.7848711
3004566,20.569601
3004567,20.661753
3004568,0.003415723
3004569,168.77911
3004570,6.3686643
3004571,19.293325
3004572,9.851571
3004573,81.31467
3004574,6.3138733
3004575,340.26492
3004576,290.95337
3004577,5.3824615
3004578,7.3965397
3004579,323.43515
3004580,90.0089
3004581,1584.1237
3004582,34.35515
3004583,18.14783
3004584,7.0887403
3004585,-0.0101359645
3004586,6.1286283
3004587,3440.2598
3004588,-0.043270193
3004589,506.6234
3004590,7.832034
3004591,1042.8986
3004592,727.3176
3004593,257.68845
3004594,190.35953
3004595,84.836006
3004596,4159.7
3004597,22.24833
3004598,1.7668445
3004599,20.614597
3004600,20.652863
3004601,-0.005403912
3004602,168.81776
3004603,6.5046477
3004604,18.97272
3004605,9.9176855
3004606,81.02867
3004607,6.245353
3004608,341.85434
3004609,291.52133
3004610,5.3728304
3004611,7.288731
3004612,327.68506
3004613,98.76114
3004614,1584.067
3004615,34.342762
3004616,18.120897
3004617,7.11063
3004618,0.14746787
3004619,6.190981
3004620,3397.7456
3004621,-0.05590217
3004622,508.3613
3004623,7.7538505
3004624,1045.1744
3004625,730.36505
3004626,258.6138
3004627,189.30505
3004628,84.86582
3004629,4166.7905
3004630,22.205994
3004631,1.7822704
3004632,20.675104
3004633,20.594734
3004634,0.035730537
3004635,168.81062
3004636,6.533803
3004637,19.09794
3004638,9.867692
3004639,80.92048
3004640,6.308999
3004641,341.139
3004642,291.40472
3004643,5.3111224
3004644,7.395763
3004645,326.1876
3004646,90.45662
3004647,1584.1306
3004648,34.277042
3004649,18.017826
3004650,6.9427385
3004651,0.03689937
3004652,6.106515
3004653,3430.2566
3004654,-0.041624516
3004655,509.75168
3004656,7.774634
3004657,1046.6882
3004658,729.81104
3004659,258.44522
3004660,191.95396
3004661,82.51788
3004662,4081.4204
3004663,22.13589
3004664,1.7729911
3004665,20.68661
3004666,20.614937
3004667,0.094513096
3004668,168.77246
3004669,6.5166693
3004670,19.252546
3004671,10.019249
3004672,67.281975
3004673,6.2865605
3004674,342.0577
3004675,290.2807
3004676,5.345652
3004677,7.3259673
3004678,327.92896
3004679,90.30979
3004680,1583.9988
3004681,34.417843
3004682,18.103014
3004683,7.181768
3004684,0.07669867
3004685,6.1856003
3004686,3342.3352
3004687,0.034653045
3004688,508.9523
3004689,7.7143507
3004690,1047.5664
3004691,731.4681
3004692,258.31357
3004693,188.38365
3004694,83.21544
3004695,4088.5103
3004696,22.178837
3004697,1.7784619
3004698,20.57473
3004699,20.680897
3004700,-0.07809831
3004701,168.85884
3004702,6.494619
3004703,19.190514
3004704,10.041945
3004705,81.211136
3004706,6.3157125
3004707,339.64127
3004708,288.05316
3004709,5.3611674
3004710,7.2346473
3004711,328.7216
3004712,90.06241
3004713,1584.0641
3004714,34.3508
3004715,18.07782
3004716,7.287145
3004717,0.08734178
3004718,6.1892133
3004719,3452.0474
3004720,0.08629914
3004721,510.60074
3004722,7.73983
3004723,1048.0824
3004724,728.02124
3004725,258.34772
3004726,196.36679
3004727,83.64702
3004728,4157.152
3004729,22.142431
3004730,1.7735577
3004731,20.63496
3004732,20.66775
3004733,-0.041666903
3004734,168.8147
3004735,6.518876
3004736,19.435755
3004737,10.264781
3004738,81.31803
3004739,6.3593106
3004740,342.48572
3004741,289.27066
3004742,5.272555
3004743,7.3937445
3004744,330.32068
3004745,90.50231
3004746,1584.1263
3004747,34.40079
3004748,18.208761
3004749,7.2582927
3004750,0.11086204
3004751,6.13384
3004752,3445.4219
3004753,0.05705251
3004754,506.24222
3004755,7.6114492
3004756,1047.0992
3004757,732.5318
3004758,258.3412
3004759,193.34096
3004760,83.66176
3004761,4156.893
3004762,22.52455
3004763,1.7994452
3004764,20.641077
3004765,20.680437
3004766,-0.011399955
3004767,168.75586
3004768,6.474891
3004769,19.099258
3004770,10.123485
3004771,81.249855
3004772,6.2974596
3004773,343.28662
3004774,287.4589
3004775,5.370019
3004776,7.384445
3004777,330.50107
3004778,99.12071
3004779,1584.0583
3004780,34.329353
3004781,18.287682
3004782,7.19796
3004783,0.1076059
3004784,6.2605743
3004785,3427.0693
3004786,-0.0072791213
3004787,506.52365
3004788,7.706779
3004789,1044.2485
3004790,730.3493
3004791,255.23587
3004792,190.88802
3004793,83.174774
3004794,4143.7095
3004795,22.141468
3004796,1.786527
3004797,20.60135
3004798,20.642635
3004799,0.014028916
3004800,168.8641
3004801,6.5796776
3004802,19.378643
3004803,10.331394
3004804,83.506035
3004805,6.145497
3004806,342.30182
3004807,283.76495
3004808,5.279258
3004809,7.294055
3004810,327.702
3004811,90.52551
3004812,1584.0818
3004813,34.342358
3004814,18.072279
3004815,7.0888996
3004816,0.13215953
3004817,6.148047
3004818,3437.4802
3004819,0.085882924
3004820,508.67966
3004821,7.8131456
3004822,1037.5784
3004823,732.51715
3004824,251.9844
3004825,191.22128
3004826,84.99851
3004827,4133.761
3004828,22.523296
3004829,1.7819456
3004830,20.573994
3004831,20.739082
3004832,-0.07921873
3004833,168.81711
3004834,6.3923683
3004835,19.146177
3004836,10.17767
3004837,81.2309
3004838,6.2492604
3004839,341.28036
3004840,286.48767
3004841,5.3817334
3004842,7.3001122
3004843,327.1878
3004844,90.13218
3004845,1584.0713
3004846,34.27397
3004847,18.12684
3004848,7.025897
3004849,0.08672522
3004850,6.05954
3004851,3395.637
3004852,-0.062797986
3004853,502.47345
3004854,7.6911077
3004855,1034.9429
3004856,724.1667
3004857,254.56268
3004858,189.47273
3004859,84.48041
3004860,4136.2886
3004861,22.493967
3004862,1.7738351
3004863,20.551516
3004864,20.677935
3004865,-0.033123493
3004866,168.75719
3004867,6.462398
3004868,18.992216
3004869,10.05429
3004870,80.78522
3004871,6.3043327
3004872,341.8291
3004873,287.25684
3004874,5.3405004
3004875,7.2929754
3004876,326.11533
3004877,90.136185
3004878,1584.0634
3004879,34.37231
3004880,18.120438
3004881,6.9797225
3004882,0.15930074
3004883,6.097903
3004884,3427.6594
3004885,-0.104337886
3004886,502.77133
3004887,7.7353835
3004888,1036.4369
3004889,728.4697
3004890,254.1134
3004891,191.36409
3004892,82.50171
3004893,4125.613
3004894,22.40321
3004895,1.7802676
3004896,20.669827
3004897,20.708729
3004898,0.07923135
3004899,168.7735
3004900,6.4415207
3004901,19.133606
3004902,10.141908
3004903,81.12936
3004904,6.3137283
3004905,342.33713
3004906,287.73828
3004907,5.243249
3004908,7.412453
3004909,324.1002
3004910,90.07496
3004911,1584.1155
3004912,34.411854
3004913,18.104702
3004914,7.1066527
3004915,0.10646623
3004916,6.085407
3004917,3429.8542
3004918,-0.094142966
3004919,507.29947
3004920,7.692585
3004921,1037.3972
3004922,731.2941
3004923,253.3718
3004924,192.54636
3004925,83.09958
3004926,4120.0386
3004927,22.51962
3004928,1.7955828
3004929,20.588827
3004930,20.592274
3004931,-0.024170818
3004932,168.71935
3004933,6.518504
3004934,19.156116
3004935,10.043359
3004936,67.283066
3004937,6.335798
3004938,340.34256
3004939,287.28433
3004940,5.4364533
3004941,7.3703365
3004942,325.15665
3004943,90.44485
3004944,1584.144
3004945,34.37548
3004946,18.255167
3004947,6.919151
3004948,0.08708953
3004949,6.08139
3004950,3396.3997
3004951,0.02998055
3004952,507.85718
3004953,7.784698
3004954,1038.75
3004955,727.20087
3004956,255.05145
3004957,192.5431
3004958,82.84118
3004959,4128.807
3004960,22.254255
3004961,1.7622696
3004962,20.535727
3004963,20.804287
3004964,-0.021466004
3004965,168.85567
3004966,6.378718
3004967,19.073397
3004968,10.101634
3004969,67.261696
3004970,6.3482294
3004971,343.26334
3004972,287.19135
3004973,5.261187
3004974,7.3634
3004975,328.16223
3004976,90.466835
3004977,1584.1194
3004978,34.38904
3004979,18.250332
3004980,7.0775905
3004981,0.054853767
3004982,6.0676107
3004983,3394.8728
3004984,0.06647389
3004985,506.98413
3004986,7.6924534
3004987,1039.733
3004988,729.5027
3004989,256.2271
3004990,193.11676
3004991,82.73476
3004992,4144.7983
3004993,22.266071
3004994,1.7729437
3004995,20.522728
3004996,20.65342
3004997,-0.07578185
3004998,168.7556
3004999,6.413878
3005000,19.387733
3005001,10.220428
3005002,81.27988
3005003,6.2503543
3005004,342.71234
3005005,286.79776
3005006,5.4054246
3005007,7.322103
3005008,328.97177
3005009,90.48399
3005010,1584.0586
3005011,34.435913
3005012,18.220713
3005013,7.211612
3005014,0.022890223
3005015,6.1137185
3005016,3426.9463
3005017,0.011155142
3005018,508.1753
3005019,7.6429234
3005020,1037.5715
3005021,730.3142
3005022,257.09552
3005023,193.9585
3005024,82.866264
3005025,4122.1753
3005026,22.524858
3005027,1.7805147
3005028,20.721907
3005029,20.626104
3005030,-0.12179703
3005031,168.82806
3005032,6.484276
3005033,19.205137
3005034,10.159264
3005035,76.6192
3005036,6.2459097
3005037,342.18436
3005038,286.5278
3005039,5.3644385
3005040,7.3014593
3005041,325.74445
3005042,90.60628
3005043,1584.1177
3005044,34.291325
3005045,18.113499
3005046,7.0019536
3005047,0.04007065
3005048,6.092177
3005049,3436.4202
3005050,-0.0811416
3005051,505.32098
3005052,7.7417893
3005053,1043.9097
3005054,725.5223
3005055,255.23593
3005056,192.51198
3005057,83.47393
3005058,4147.618
3005059,22.289377
3005060,1.7816283
3005061,20.609058
3005062,20.669989
3005063,0.0058438033
3005064,168.81805
3005065,6.4756517
3005066,19.281141
3005067,10.215118
3005068,81.1024
3005069,6.171446
3005070,340.85834
3005071,286.00217
3005072,5.3060856
3005073,7.2730346
3005074,328.3128
3005075,90.585434
3005076,1584.0695
3005077,34.367794
3005078,18.08547
3005079,7.2380805
3005080,0.036382623
3005081,6.2011185
3005082,3451.735
3005083,-0.009655032
3005084,506.44138
3005085,7.6714435
3005086,1044.2308
3005087,731.3925
3005088,258.15082
3005089,195.5415
3005090,84.619545
3005091,4158.039
3005092,22.426222
3005093,1.7788293
3005094,20.531267
3005095,20.6677
3005096,-0.028879793
3005097,168.8095
3005098,6.4208074
3005099,19.443699
3005100,11.186294
3005101,76.59354
3005102,6.315729
3005103,340.36945
3005104,289.71625
3005105,5.3286276
3005106,7.4080644
3005107,329.35648
3005108,91.11012
3005109,1584.1171
3005110,34.329502
3005111,18.091957
3005112,7.0300508
3005113,0.09062276
3005114,6.1677547
3005115,3439.423
3005116,-0.047635302
3005117,509.27112
3005118,7.7352357
3005119,1042.5269
3005120,731.84326
3005121,257.54794
3005122,191.43257
3005123,82.54485
3005124,4160.132
3005125,22.217566
3005126,1.7734219
3005127,20.562006
3005128,20.633173
3005129,0.031164125
3005130,168.72758
3005131,6.4725285
3005132,19.176731
3005133,10.091549
3005134,71.94086
3005135,6.233429
3005136,341.7307
3005137,288.31674
3005138,5.400866
3005139,7.2930417
3005140,328.37344
3005141,90.586136
3005142,1584.0509
3005143,34.26676
3005144,18.151772
3005145,6.9329543
3005146,0.11824088
3005147,6.0713754
3005148,3460.8289
3005149,-0.002954408
3005150,510.096
3005151,7.691248
3005152,1044.8689
3005153,727.9568
3005154,256.64716
3005155,192.3773
3005156,82.84475
3005157,4155.817
3005158,22.524477
3005159,1.779602
3005160,20.670483
3005161,20.702793
3005162,0.07284947
3005163,168.86148
3005164,6.4788156
3005165,19.300947
3005166,10.014616
3005167,81.21018
3005168,6.184243
3005169,341.80948
3005170,287.11206
3005171,5.375751
3005172,7.2572956
3005173,329.11304
3005174,90.550125
3005175,1584.1426
3005176,34.346947
3005177,18.08485
3005178,6.9487815
3005179,0.13650732
3005180,6.116663
3005181,3454.1245
3005182,-0.0009663259
3005183,508.32462
3005184,7.705828
3005185,1045.9259
3005186,723.91736
3005187,257.35327
3005188,189.339
3005189,83.24614
3005190,4170.723
3005191,22.548393
3005192,1.7707468
3005193,20.68124
3005194,20.667122
3005195,-0.10123805
3005196,168.83092
3005197,6.5019455
3005198,19.17392
3005199,10.0665
3005200,76.830666
3005201,6.276928
3005202,343.2415
3005203,289.19757
3005204,5.2400355
3005205,7.4086857
3005206,328.05066
3005207,90.24305
3005208,1584.0278
3005209,34.307106
3005210,18.131338
3005211,7.01041
3005212,0.08413877
3005213,6.124689
3005214,3443.5142
3005215,-0.067273825
3005216,500.26608
3005217,7.78199
3005218,1042.9835
3005219,722.7395
3005220,258.2526
3005221,187.49945
3005222,82.39285
3005223,4147.291
3005224,22.389874
3005225,1.7985871
3005226,20.548914
3005227,20.788021
3005228,0.03485124
3005229,168.80975
3005230,6.4772863
3005231,18.886564
3005232,10.10342
3005233,67.20477
3005234,6.203346
3005235,340.80307
3005236,289.38553
3005237,5.226093
3005238,7.299395
3005239,328.84433
3005240,88.66831
3005241,1584.0833
3005242,34.291817
3005243,18.098497
3005244,7.1655703
3005245,0.13584685
3005246,6.088963
3005247,3394.8013
3005248,-0.12778948
3005249,499.36798
3005250,7.7233744
3005251,1039.0491
3005252,740.0575
3005253,257.53403
3005254,189.87189
3005255,84.63493
3005256,4157.075
3005257,22.32761
3005258,1.7723603
3005259,20.694862
3005260,20.65055
3005261,-0.0922258
3005262,168.72705
3005263,6.4825964
3005264,18.91783
3005265,9.9428625
3005266,81.09453
3005267,6.34332
3005268,338.3462
3005269,289.011
3005270,5.2923975
3005271,7.336407
3005272,326.3777
3005273,88.37113
3005274,1584.0864
3005275,34.40181
3005276,17.94793
3005277,7.094946
3005278,0.15777302
3005279,6.0565186
3005280,3392.15
3005281,-0.031582396
3005282,497.58652
3005283,7.6835003
3005284,1037.3251
3005285,738.55347
3005286,257.15997
3005287,186.11612
3005288,85.24918
3005289,4140.6885
3005290,21.989592
3005291,1.7853664
3005292,20.708714
3005293,20.61711
3005294,-0.044176813
3005295,168.87299
3005296,6.4862485
3005297,19.275982
3005298,10.052435
3005299,81.119194
3005300,6.218749
3005301,339.8107
3005302,288.64435
3005303,5.38848
3005304,7.351333
3005305,326.78836
3005306,90.189545
3005307,1584.0217
3005308,34.348022
3005309,17.77948
3005310,7.2070074
3005311,0.09581286
3005312,6.1044006
3005313,3394.6184
3005314,0.04906681
3005315,501.44348
3005316,7.795937
3005317,1038.4141
3005318,737.3078
3005319,257.72665
3005320,187.77866
3005321,84.31208
3005322,4124.5503
3005323,22.260437
3005324,1.8001988
3005325,20.683752
3005326,20.739452
3005327,0.012608573
3005328,168.86377
3005329,6.3714275
3005330,18.892122
3005331,10.219783
3005332,67.29487
3005333,6.238509
3005334,340.3847
3005335,287.73776
3005336,5.3157086
3005337,7.3578386
3005338,326.72617
3005339,88.432556
3005340,1584.0989
3005341,34.35236
3005342,17.736618
3005343,7.1871324
3005344,0.10698126
3005345,6.1704
3005346,3342.3386
3005347,-0.044541035
3005348,503.01324
3005349,7.7099185
3005350,1036.3439
3005351,740.34656
3005352,256.499
3005353,186.55966
3005354,82.35594
3005355,4119.5503
3005356,22.040665
3005357,1.8030059
3005358,20.626562
3005359,20.64649
3005360,0.070782
3005361,168.80885
3005362,6.509941
3005363,19.038555
3005364,10.167912
3005365,76.601555
3005366,6.2357383
3005367,337.92804
3005368,286.53683
3005369,5.409334
3005370,7.33069
3005371,323.50894
3005372,88.65767
3005373,1584.0195
3005374,34.222565
3005375,18.05861
3005376,7.0938644
3005377,0.11571208
3005378,6.04719
3005379,3394.0754
3005380,0.055237595
3005381,505.6523
3005382,7.751737
3005383,1031.4854
3005384,741.327
3005385,255.67337
3005386,189.56398
3005387,85.10894
3005388,4101.7236
3005389,22.138815
3005390,1.778984
3005391,20.539162
3005392,20.600891
3005393,-0.032700878
3005394,168.9147
3005395,6.423001
3005396,18.805344
3005397,10.261668
3005398,72.08993
3005399,6.275193
3005400,336.87057
3005401,284.6152
3005402,5.2681646
3005403,7.3606496
3005404,324.89978
3005405,98.72027
3005406,1584.0057
3005407,34.24494
3005408,17.992071
3005409,7.2131553
3005410,0.081891514
3005411,6.0771475
3005412,3339.9219
3005413,-0.115228735
3005414,498.4004
3005415,7.6801333
3005416,1019.6959
3005417,731.4481
3005418,251.42302
3005419,184.97578
3005420,84.35259
3005421,4053.5864
3005422,21.861742
3005423,1.7684313
3005424,20.648262
3005425,20.694952
3005426,-0.041840296
3005427,168.84584
3005428,6.408596
3005429,18.889557
3005430,10.144531
3005431,80.89998
3005432,6.214058
3005433,335.7183
3005434,282.32736
3005435,5.363556
3005436,7.295016
3005437,319.9684
3005438,97.82319
3005439,1584.1672
3005440,34.435776
3005441,17.561863
3005442,7.234571
3005443,0.10842557
3005444,6.1404853
3005445,3325.6733
3005446,-0.10353113
3005447,493.36182
3005448,7.6870394
3005449,1015.1447
3005450,730.44824
3005451,251.2161
3005452,182.11911
3005453,83.792915
3005454,4028.0955
3005455,22.194427
3005456,1.748364
3005457,20.670126
3005458,20.761053
3005459,-0.0009344623
3005460,168.88031
3005461,6.4960065
3005462,19.255938
3005463,10.19727
3005464,81.160034
3005465,6.2448764
3005466,333.94757
3005467,280.1502
3005468,5.329041
3005469,7.353405
3005470,321.06055
3005471,97.83154
3005472,1583.9817
3005473,34.34151
3005474,17.658195
3005475,7.0361376
3005476,0.07440216
3005477,6.102174
3005478,3300.3438
3005479,-0.015637854
3005480,492.4206
3005481,7.6441126
3005482,1012.03284
3005483,729.4135
3005484,248.8272
3005485,180.0662
3005486,82.91156
3005487,4012.0647
3005488,21.790716
3005489,1.7704655
3005490,20.64109
3005491,20.715563
3005492,-0.015664529
3005493,168.88513
3005494,6.555633
3005495,17.157995
3005496,10.169017
3005497,67.25543
3005498,6.2236185
3005499,333.31357
3005500,279.28107
3005501,5.4581747
3005502,7.306622
3005503,320.3469
3005504,96.28565
3005505,1584.0887
3005506,34.38479
3005507,17.601349
3005508,7.1829505
3005509,0.12342919
3005510,6.1146317
3005511,3315.1665
3005512,-0.0056844666
3005513,492.6115
3005514,7.7672286
3005515,1010.1943
3005516,731.94415
3005517,247.45734
3005518,182.50005
3005519,82.71554
3005520,4005.0947
3005521,21.88846
3005522,1.7784939
3005523,20.56832
3005524,20.68052
3005525,-0.015414944
3005526,168.86555
3005527,6.4208493
3005528,19.185226
3005529,10.048771
3005530,83.57297
3005531,6.203422
3005532,333.59116
3005533,278.2528
3005534,5.2781844
3005535,7.292333
3005536,318.19995
3005537,95.064606
3005538,1584.0818
3005539,34.293507
3005540,17.436005
3005541,7.253705
3005542,0.10701692
3005543,6.1086764
3005544,3348.9363
3005545,0.040402703
3005546,492.4849
3005547,7.75466
3005548,1011.0271
3005549,733.8624
3005550,247.06563
3005551,184.80157
3005552,83.05279
3005553,4008.5657
3005554,21.718094
3005555,1.7675716
3005556,20.675371
3005557,20.796299
3005558,-0.033382162
3005559,168.71997
3005560,6.3865247
3005561,19.290087
3005562,10.265166
3005563,83.51044
3005564,6.2734985
3005565,335.23447
3005566,279.14838
3005567,5.346111
3005568,7.2309012
3005569,319.69345
3005570,96.91217
3005571,1584.052
3005572,34.36853
3005573,17.691114
3005574,7.0291843
3005575,0.057166725
3005576,6.081427
3005577,3353.3096
3005578,-0.011572722
3005579,490.0251
3005580,7.8438926
3005581,999.2276
3005582,732.9634
3005583,246.87102
3005584,181.43127
3005585,82.12149
3005586,4002.5947
3005587,21.551657
3005588,1.7711195
3005589,20.549791
3005590,20.801311
3005591,0.06679638
3005592,168.87456
3005593,6.507115
3005594,18.851515
3005595,10.043114
3005596,82.79272
3005597,6.2401843
3005598,334.4154
3005599,278.4126
3005600,5.333897
3005601,7.303576
3005602,318.78314
3005603,96.85324
3005604,1584.1759
3005605,34.350998
3005606,17.32889
3005607,7.076951
3005608,0.14904678
3005609,6.0545416
3005610,3343.1619
3005611,0.01507306
3005612,494.77957
3005613,7.746148
3005614,1005.8056
3005615,729.79004
3005616,247.53867
3005617,182.27525
3005618,81.87001
3005619,3993.336
3005620,21.453726
3005621,1.8089103
3005622,20.728941
3005623,20.572062
3005624,0.0024086728
3005625,168.81248
3005626,6.376783
3005627,19.15455
3005628,10.04769
3005629,83.11812
3005630,6.3273425
3005631,334.02322
3005632,278.11328
3005633,5.2262836
3005634,7.315428
3005635,319.13983
3005636,95.01601
3005637,1584.0701
3005638,34.302708
3005639,17.422972
3005640,7.1626635
3005641,0.07554996
3005642,6.053047
3005643,3382.6697
3005644,-0.022235764
3005645,499.63214
3005646,7.625706
3005647,1004.63745
3005648,729.8506
3005649,247.56064
3005650,182.92615
3005651,81.78614
3005652,4024.6985
3005653,21.436876
3005654,1.7877955
3005655,20.58967
3005656,20.64567
3005657,0.033278644
3005658,168.77687
3005659,6.504334
3005660,19.06097
3005661,10.097001
3005662,82.46344
3005663,6.2674384
3005664,334.7416
3005665,278.28934
3005666,5.3330593
3005667,7.3203993
3005668,318.42807
3005669,96.59218
3005670,1584.1216
3005671,34.28131
3005672,17.50307
3005673,7.0254507
3005674,0.11071326
3005675,6.0604835
3005676,3379.5713
3005677,-0.005894063
3005678,501.88965
3005679,7.7135487
3005680,1003.8687
3005681,730.49066
3005682,251.42786
3005683,183.03502
3005684,81.12198
3005685,4006.9768
3005686,21.410694
3005687,1.7722496
3005688,20.606377
3005689,20.675894
3005690,-0.10799981
3005691,168.82959
3005692,6.454074
3005693,19.145418
3005694,10.251707
3005695,82.39317
3005696,6.2692575
3005697,333.39325
3005698,278.4756
3005699,5.3915887
3005700,7.4347663
3005701,322.47464
3005702,97.747505
3005703,1584.0625
3005704,34.3376
3005705,17.366482
3005706,7.1667395
3005707,0.12398678
3005708,6.089323
3005709,3348.9246
3005710,-0.06946641
3005711,496.98737
3005712,7.76436
3005713,995.7298
3005714,728.8159
3005715,248.59393
3005716,181.6636
3005717,81.52044
3005718,3976.187
3005719,21.516987
3005720,1.7807878
3005721,20.593145
3005722,20.649305
3005723,0.03379617
3005724,168.8187
3005725,6.483459
3005726,19.471977
3005727,10.330906
3005728,82.3585
3005729,6.18466
3005730,334.41415
3005731,278.0844
3005732,5.396379
3005733,7.3350725
3005734,320.04324
3005735,96.38099
3005736,1584.0364
3005737,34.40734
3005738,17.59958
3005739,7.020171
3005740,0.017671289
3005741,6.0905986
3005742,3389.6863
3005743,0.008883324
3005744,502.0246
3005745,7.691933
3005746,1008.9977
3005747,740.98395
3005748,253.63243
3005749,190.61711
3005750,83.737526
3005751,4058.9019
3005752,22.081207
3005753,1.7659425
3005754,20.686335
3005755,20.680256
3005756,0.10885718
3005757,168.74803
3005758,6.4544024
3005759,19.115784
3005760,10.332321
3005761,82.14303
3005762,6.1343584
3005763,337.9674
3005764,281.83868
3005765,5.320614
3005766,7.397075
3005767,328.187
3005768,89.96842
3005769,1584.0946
3005770,34.284615
3005771,18.104149
3005772,7.1136622
3005773,0.08442596
3005774,6.1845083
3005775,3432.396
3005776,-0.022733498
3005777,499.8138
3005778,7.6972103
3005779,1004.52515
3005780,742.1707
3005781,252.40031
3005782,191.53102
3005783,83.0596
3005784,4035.2075
3005785,22.12628
3005786,1.7810374
3005787,20.626312
3005788,20.680428
3005789,-0.1214898
3005790,168.88567
3005791,6.3607106
3005792,19.143042
3005793,10.261873
3005794,81.7731
3005795,6.1748815
3005796,336.704
3005797,281.59763
3005798,5.2762165
3005799,7.3634915
3005800,325.1343
3005801,90.40591
3005802,1584.0878
3005803,34.356174
3005804,17.905556
3005805,7.3314567
3005806,-0.009964362
3005807,6.0772266
3005808,3438.2559
3005809,-0.04578243
3005810,507.6787
3005811,7.674265
3005812,1004.58514
3005813,724.3129
3005814,252.61711
3005815,190.86287
3005816,82.15351
3005817,4050.5625
3005818,21.954514
3005819,1.778508
3005820,20.609474
3005821,20.797844
3005822,-0.13136601
3005823,168.85265
3005824,6.5184164
3005825,19.426287
3005826,10.205597
3005827,81.48719
3005828,6.228038
3005829,333.29263
3005830,282.45676
3005831,5.4226255
3005832,7.3256006
3005833,324.0597
3005834,90.43451
3005835,1584.1812
3005836,34.255177
3005837,18.07868
3005838,7.0478616
3005839,0.0764487
3005840,6.076856
3005841,3348.803
3005842,-0.05713976
3005843,503.03696
3005844,7.751197
3005845,1002.1177
3005846,731.0697
3005847,251.8249
3005848,186.75835
3005849,82.12508
3005850,3997.3447
3005851,21.936287
3005852,1.7726368
3005853,20.56726
3005854,20.648947
3005855,-0.025073059
3005856,168.81369
3005857,6.482876
3005858,18.875599
3005859,10.177844
3005860,81.5585
3005861,6.2018147
3005862,333.83566
3005863,282.0223
3005864,5.2992663
3005865,7.359264
3005866,322.5473
3005867,90.071526
3005868,1584.0946
3005869,34.358734
3005870,17.748932
3005871,7.049155
3005872,0.17516804
3005873,6.064499
3005874,3389.9778
3005875,0.014648258
3005876,506.97443
3005877,7.6843405
3005878,1008.4034
3005879,735.45526
3005880,250.69357
3005881,191.43022
3005882,81.980415
3005883,4024.6968
3005884,21.876652
3005885,1.7102888
3005886,20.696102
3005887,20.759666
3005888,-0.08078865
3005889,168.79575
3005890,6.4715014
3005891,19.304089
3005892,10.20014
3005893,81.612885
3005894,6.1850314
3005895,333.83875
3005896,280.03717
3005897,5.304552
3005898,7.3722906
3005899,318.42398
3005900,90.167694
3005901,1583.9913
3005902,34.290268
3005903,17.777647
3005904,6.9840927
3005905,0.07181803
3005906,6.0660477
3005907,3393.8022
3005908,0.015238098
3005909,502.59845
3005910,7.8043647
3005911,997.7376
3005912,733.6256
3005913,250.10477
3005914,186.78946
3005915,81.379295
3005916,4020.4233
3005917,21.647396
3005918,1.7921079
3005919,20.542961
3005920,20.626509
3005921,-0.07783809
3005922,168.83292
3005923,6.349758
3005924,18.97967
3005925,10.190114
3005926,81.060646
3005927,6.2058134
3005928,332.23816
3005929,283.38235
3005930,5.3399553
3005931,7.3456736
3005932,316.93698
3005933,90.16568
3005934,1583.9772
3005935,34.338562
3005936,17.864225
3005937,7.0835533
3005938,0.105556235
3005939,5.900394
3005940,3382.6472
3005941,0.0773774
3005942,502.35678
3005943,7.730195
3005944,1000.4547
3005945,729.15186
3005946,247.06572
3005947,187.39088
3005948,81.496826
3005949,3997.6606
3005950,21.638268
3005951,1.7943308
3005952,20.626446
3005953,20.753666
3005954,0.030609872
3005955,168.79482
3005956,6.5163903
3005957,18.825193
3005958,10.211023
3005959,81.06812
3005960,6.2679768
3005961,331.89505
3005962,279.88556
3005963,5.450987
3005964,7.3634944
3005965,316.14746
3005966,99.12617
3005967,1584.0895
3005968,34.431625
3005969,17.593008
3005970,7.2089987
3005971,0.09680683
3005972,5.9482846
3005973,3341.0852
3005974,-0.018872999
3005975,496.31512
3005976,7.740522
3005977,985.6217
3005978,724.65265
3005979,244.66656
3005980,183.94269
3005981,80.55181
3005982,3943.9404
3005983,21.116064
3005984,1.7869271
3005985,20.694489
3005986,20.622833
3005987,0.04818291
3005988,168.88347
3005989,6.4423094
3005990,19.143894
3005991,10.218071
3005992,81.31122
3005993,6.207683
3005994,333.85486
3005995,270.8862
3005996,5.464422
3005997,7.322183
3005998,312.6456
3005999,97.63449
3006000,1584.053
3006001,34.371014
3006002,17.534653
3006003,6.9940753
3006004,0.06094515
3006005,5.9676037
3006006,3324.5874
3006007,-0.04317808
3006008,501.7204
3006009,7.6681004
3006010,983.2264
3006011,725.9761
3006012,241.3325
3006013,181.63039
3006014,80.37162
3006015,3946.5808
3006016,21.426542
3006017,1.7736776
3006018,20.686272
3006019,20.686155
3006020,-0.07223061
3006021,168.705
3006022,6.534714
3006023,18.928919
3006024,11.279933
3006025,80.39782
3006026,6.243307
3006027,332.51633
3006028,274.1785
3006029,5.3139224
3006030,7.3989925
3006031,308.7133
3006032,98.86468
3006033,1584.0507
3006034,34.462933
3006035,17.35665
3006036,6.8864317
3006037,0.09772224
3006038,5.9526787
3006039,3323.3706
3006040,0.00012275536
3006041,503.227
3006042,7.676493
3006043,991.16895
3006044,732.5933
3006045,241.02295
3006046,184.84349
3006047,80.49596
3006048,3968.5781
3006049,21.383474
3006050,1.7695941
3006051,20.580353
3006052,20.69252
3006053,-0.033847783
3006054,168.90788
3006055,6.432228
3006056,19.027008
3006057,10.169671
3006058,80.32392
3006059,6.3546867
3006060,333.5982
3006061,278.93384
3006062,5.4083567
3006063,7.400326
3006064,309.3528
3006065,90.095314
3006066,1584.0271
3006067,34.228497
3006068,17.212296
3006069,7.075045
3006070,0.11133432
3006071,6.07382
3006072,3322.0635
3006073,-0.035152506
3006074,508.75607
3006075,7.7961674
3006076,997.8957
3006077,728.35406
3006078,238.63428
3006079,183.82019
3006080,80.29969
3006081,4012.799
3006082,21.744633
3006083,1.7688503
3006084,20.54354
3006085,20.678564
3006086,-0.01927023
3006087,168.84444
3006088,6.452977
3006089,19.143425
3006090,11.213323
3006091,80.1501
3006092,6.254346
3006093,332.09747
3006094,281.33755
3006095,5.405057
3006096,7.266648
3006097,309.466
3006098,90.01108
3006099,1584.0145
3006100,34.401142
3006101,17.460306
3006102,7.0528817
3006103,0.112021826
3006104,6.0849814
3006105,3336.8157
3006106,-0.067329496
3006107,506.51718
3006108,7.7207456
3006109,1000.6436
3006110,736.0421
3006111,240.16626
3006112,189.37758
3006113,80.77309
3006114,4036.4133
3006115,21.739456
3006116,1.7731931
3006117,20.65827
3006118,20.580194
3006119,-0.1636477
3006120,168.8634
3006121,6.483156
3006122,19.23488
3006123,10.318025
3006124,80.86444
3006125,6.251147
3006126,333.95682
3006127,282.2034
3006128,5.2714686
3006129,7.2543273
3006130,312.3788
3006131,90.055695
3006132,1584.1547
3006133,34.26071
3006134,17.391514
3006135,7.104503
3006136,0.08409317
3006137,6.1071463
3006138,3346.3438
3006139,0.024518654
3006140,507.67896
3006141,7.683559
3006142,996.08105
3006143,735.4485
3006144,239.52628
3006145,188.26979
3006146,80.55605
3006147,4011.6514
3006148,22.01702
3006149,1.8115588
3006150,20.538418
3006151,20.756088
3006152,-0.15903948
3006153,168.90695
3006154,6.3822875
3006155,19.221907
3006156,10.242054
3006157,80.45998
3006158,6.3082128
3006159,332.42175
3006160,280.1274
3006161,5.379336
3006162,7.386057
3006163,307.8422
3006164,90.09259
3006165,1584.1812
3006166,34.365753
3006167,17.365583
3006168,6.943924
3006169,0.014379719
3006170,6.124715
3006171,3389.2231
3006172,0.030224606
3006173,509.79102
3006174,7.69167
3006175,1003.3712
3006176,742.4637
3006177,239.97739
3006178,189.83337
3006179,80.20747
3006180,4056.4604
3006181,21.871542
3006182,1.8140775
3006183,20.72662
3006184,20.677902
3006185,-0.016499827
3006186,168.86147
3006187,6.4402113
3006188,18.103155
3006189,11.339743
3006190,79.609566
3006191,6.2472305
3006192,331.68494
3006193,282.43338
3006194,5.2788863
3006195,7.2462587
3006196,309.72736
3006197,90.7976
3006198,1583.955
3006199,34.41183
3006200,17.496231
3006201,7.025259
3006202,0.037170418
3006203,6.060873
3006204,3295.6677
3006205,-0.038946074
3006206,498.7643
3006207,7.6841927
3006208,984.9768
3006209,728.36884
3006210,238.96072
3006211,181.91527
3006212,79.334274
3006213,3969.5442
3006214,21.250015
3006215,1.7710522
3006216,20.625841
3006217,20.66777
3006218,0.028848667
3006219,168.73022
3006220,6.4792085
3006221,19.119228
3006222,11.308997
3006223,78.68991
3006224,6.3605585
3006225,328.36972
3006226,279.33282
3006227,5.2840123
3006228,7.2658997
3006229,311.1675
3006230,88.36612
3006231,1584.1874
3006232,34.329914
3006233,16.99925
3006234,6.9676375
3006235,0.015477771
3006236,6.007919
3006237,3327.8184
3006238,0.033053916
3006239,503.10788
3006240,7.7057934
3006241,986.5878
3006242,723.14844
3006243,237.18054
3006244,181.70955
3006245,79.177605
3006246,3969.498
3006247,21.331802
3006248,1.7777096
3006249,20.630388
3006250,20.710684
3006251,-0.067371525
3006252,168.84468
3006253,6.475086
3006254,19.164206
3006255,10.345513
3006256,78.02807
3006257,6.2111287
3006258,327.57556
3006259,280.31964
3006260,5.2814684
3006261,7.2884846
3006262,306.89417
3006263,98.665344
3006264,1584.0044
3006265,34.3831
3006266,16.962706
3006267,6.9106402
3006268,0.07636355
3006269,6.1281147
3006270,3339.975
3006271,-0.094225794
3006272,505.473
3006273,7.7070084
3006274,1016.02344
3006275,734.83344
3006276,243.36119
3006277,188.96451
3006278,81.82297
3006279,4077.9133
3006280,22.144348
3006281,1.7785563
3006282,20.639214
3006283,20.690641
3006284,0.07505853
3006285,168.75157
3006286,6.4110193
3006287,18.898533
3006288,11.192251
3006289,77.66617
3006290,6.1590595
3006291,333.99625
3006292,282.23828
3006293,5.3409147
3006294,7.4083533
3006295,316.66284
3006296,88.65643
3006297,1584.0587
3006298,34.295578
3006299,17.777094
3006300,7.228149
3006301,0.049124975
3006302,6.1892595
3006303,3436.6892
3006304,0.024755681
3006305,508.61514
3006306,7.742655
3006307,1018.08984
3006308,738.58075
3006309,249.52457
3006310,193.99974
3006311,83.32103
3006312,4095.7932
3006313,21.925999
3006314,1.7826082
3006315,20.68868
3006316,20.738634
3006317,-0.085747965
3006318,168.80157
3006319,6.5369067
3006320,18.942106
3006321,10.380127
3006322,77.23891
3006323,6.1643314
3006324,340.83286
3006325,282.50967
3006326,5.3293266
3006327,7.2824707
3006328,321.4094
3006329,88.39495
3006330,1584.0195
3006331,34.29058
3006332,17.99714
3006333,7.1012297
3006334,0.09175621
3006335,6.096652
3006336,3448.427
3006337,0.035247527
3006338,508.6382
3006339,7.691601
3006340,1025.5674
3006341,722.4161
3006342,255.44286
3006343,194.15778
3006344,83.68586
3006345,4095.564
3006346,22.399946
3006347,1.806351
3006348,20.69115
3006349,20.564474
3006350,-0.03052153
3006351,168.85393
3006352,6.579974
3006353,19.458548
3006354,11.3719635
3006355,76.85128
3006356,6.2974486
3006357,340.62457
3006358,281.83685
3006359,5.286014
3006360,7.353535
3006361,325.0351
3006362,90.152084
3006363,1584.1593
3006364,34.35441
3006365,18.18293
3006366,7.2782164
3006367,0.05317945
3006368,6.1151376
3006369,3438.9753
3006370,0.004117792
3006371,508.41818
3006372,7.683122
3006373,1017.09814
3006374,725.8392
3006375,256.318
3006376,193.2665
3006377,84.48598
3006378,4101.0845
3006379,22.45142
3006380,1.7882997
3006381,20.705845
3006382,20.692919
3006383,0.04641733
3006384,168.7308
3006385,6.4439797
3006386,19.053867
3006387,11.27938
3006388,72.010925
3006389,6.2145734
3006390,342.60522
3006391,282.7257
3006392,5.351912
3006393,7.4075522
3006394,327.62225
3006395,98.99465
3006396,1584.0037
3006397,34.305946
3006398,18.197811
3006399,7.2294664
3006400,0.10341894
3006401,6.168944
3006402,3399.3196
3006403,0.08844821
3006404,509.21188
3006405,7.765781
3006406,1024.3324
3006407,727.6766
3006408,255.45566
3006409,191.98323
3006410,83.98618
3006411,4094.7017
3006412,22.222261
3006413,1.7752118
3006414,20.685963
3006415,20.712717
3006416,0.051906828
3006417,168.80067
3006418,6.473302
3006419,19.11438
3006420,10.364259
3006421,66.31416
3006422,6.139494
3006423,342.24344
3006424,282.46573
3006425,5.3334465
3006426,7.4142385
3006427,327.44846
3006428,90.37133
3006429,1584.0753
3006430,34.41052
3006431,18.133387
3006432,7.3270693
3006433,0.050378554
3006434,6.1686764
3006435,3431.3115
3006436,0.027081989
3006437,510.839
3006438,7.8619175
3006439,1024.611
3006440,732.79224
3006441,255.51012
3006442,193.63615
3006443,84.57391
3006444,4100.6875
3006445,22.530422
3006446,1.7972046
3006447,20.656567
3006448,20.653805
3006449,0.05737235
3006450,168.82942
3006451,6.422007
3006452,18.029184
3006453,11.347312
3006454,66.437065
3006455,6.264804
3006456,342.29684
3006457,281.8447
3006458,5.3625703
3006459,7.2535434
3006460,327.48953
3006461,90.32665
3006462,1584.0033
3006463,34.285645
3006464,18.21506
3006465,7.181791
3006466,0.12669733
3006467,6.2698126
3006468,3385.4536
3006469,-0.08065727
3006470,510.08484
3006471,7.6154385
3006472,1026.3951
3006473,730.36005
3006474,255.5851
3006475,191.313
3006476,85.25108
3006477,4103.516
3006478,22.516846
3006479,1.7835422
3006480,20.583534
3006481,20.714924
3006482,-0.05543635
3006483,168.83366
3006484,6.4949617
3006485,19.274933
3006486,10.197927
3006487,66.72452
3006488,6.2588534
3006489,340.88266
3006490,279.866
3006491,5.395522
3006492,7.281412
3006493,328.83514
3006494,90.216064
3006495,1583.9911
3006496,34.36982
3006497,18.08871
3006498,7.0816827
3006499,0.1630117
3006500,6.3167496
3006501,3447.0532
3006502,-0.0039053087
3006503,511.74765
3006504,7.73321
3006505,1026.6675
3006506,732.2236
3006507,255.26718
3006508,196.19772
3006509,82.767456
3006510,4091.6252
3006511,22.502369
3006512,1.767905
3006513,20.62035
3006514,20.649277
3006515,0.079794414
3006516,168.82979
3006517,6.4922156
3006518,19.236265
3006519,10.276523
3006520,66.60811
3006521,6.2226753
3006522,343.3105
3006523,280.53558
3006524,5.3044257
3006525,7.3095555
3006526,330.09717
3006527,90.71126
3006528,1584.1237
3006529,34.31546
3006530,18.503008
3006531,7.0497823
3006532,0.012268193
3006533,6.162585
3006534,3448.714
3006535,-0.08083941
3006536,509.50504
3006537,7.6720743
3006538,1026.5297
3006539,731.52716
3006540,255.18048
3006541,195.03584
3006542,82.85495
3006543,4084.911
3006544,22.492157
3006545,1.7666091
3006546,20.609499
3006547,20.644875
3006548,-0.020295193
3006549,168.76805
3006550,6.5832286
3006551,19.466852
3006552,11.200519
3006553,66.26444
3006554,6.2210774
3006555,344.82285
3006556,279.31293
3006557,5.362736
3006558,7.265414
3006559,330.1022
3006560,88.40036
3006561,1584.055
3006562,34.346462
3006563,18.52833
3006564,7.169754
3006565,0.032636356
3006566,6.241731
3006567,3428.6687
3006568,-0.055461008
3006569,507.18585
3006570,7.7522173
3006571,1020.2714
3006572,729.2806
3006573,253.04889
3006574,193.36852
3006575,82.464294
3006576,4076.8276
3006577,22.384895
3006578,1.764289
3006579,20.607077
3006580,20.756615
3006581,-0.022858366
3006582,168.93954
3006583,6.481422
3006584,19.164831
3006585,11.169189
3006586,66.22238
3006587,6.2834935
3006588,343.20505
3006589,273.93005
3006590,5.2911096
3006591,7.335067
3006592,327.21362
3006593,90.48581
3006594,1584.0736
3006595,34.33848
3006596,18.163387
3006597,7.1675715
3006598,0.14897807
3006599,6.195803
3006600,3440.6426
3006601,0.06907987
3006602,509.1737
3006603,7.8066854
3006604,1015.76855
3006605,731.0781
3006606,250.05008
3006607,194.25464
3006608,84.69805
3006609,4062.84
3006610,22.290821
3006611,1.773577
3006612,20.531311
3006613,20.688
3006614,-0.08427206
3006615,168.82117
3006616,6.3918896
3006617,18.053202
3006618,11.21526
3006619,66.24155
3006620,6.1197963
3006621,341.47272
3006622,278.85748
3006623,5.3845353
3006624,7.4341683
3006625,326.66025
3006626,90.24232
3006627,1584.0071
3006628,34.289223
3006629,18.146704
3006630,7.0148673
3006631,-0.016470512
3006632,6.1082215
3006633,3395.18
3006634,-0.010710929
3006635,506.1154
3006636,7.754401
3006637,1012.80786
3006638,723.24384
3006639,251.85472
3006640,192.62132
3006641,83.42966
3006642,4065.597
3006643,21.997616
3006644,1.8020608
3006645,20.660492
3006646,20.743006
3006647,-0.09968849
3006648,168.84619
3006649,6.4646235
3006650,19.060244
3006651,11.399487
3006652,66.56277
3006653,6.2309723
3006654,341.98694
3006655,278.84216
3006656,5.3428802
3006657,7.370013
3006658,325.69937
3006659,90.08022
3006660,1583.9976
3006661,34.326145
3006662,18.156971
3006663,7.0799856
3006664,0.16156648
3006665,6.0808706
3006666,3429.5527
3006667,0.04877816
3006668,507.58975
3006669,7.7608624
3006670,1014.6358
3006671,726.7324
3006672,252.06044
3006673,194.00923
3006674,84.224205
3006675,4060.6885
3006676,22.150803
3006677,1.7739608
3006678,20.56321
3006679,20.654362
3006680,0.044930525
3006681,168.78722
3006682,6.4278674
3006683,19.071524
3006684,11.408816
3006685,66.427505
3006686,6.27921
3006687,342.37097
3006688,279.68655
3006689,5.296993
3006690,7.400063
3006691,324.3028
3006692,90.133446
3006693,1584.0876
3006694,34.370926
3006695,18.069992
3006696,7.0893764
3006697,0.08536071
3006698,6.081855
3006699,3430.6758
3006700,-0.0013704578
3006701,507.84418
3006702,7.68464
3006703,1015.07104
3006704,728.5856
3006705,251.5469
3006706,193.79497
3006707,85.02801
3006708,4058.8289
3006709,22.199638
3006710,1.7974262
3006711,20.577168
3006712,20.609613
3006713,-0.07300669
3006714,168.83742
3006715,6.4639816
3006716,19.086353
3006717,11.260423
3006718,66.36535
3006719,6.2791963
3006720,340.2818
3006721,279.50595
3006722,5.4679966
3006723,7.271001
3006724,324.88037
3006725,90.45763
3006726,1584.1122
3006727,34.36376
3006728,18.099535
3006729,7.2162523
3006730,0.13830566
3006731,6.067959
3006732,3429.7327
3006733,0.053879213
3006734,508.2686
3006735,7.6706195
3006736,1016.6382
3006737,725.50543
3006738,252.1184
3006739,193.6671
3006740,84.8176
3006741,4060.957
3006742,22.345043
3006743,1.7705789
3006744,20.620045
3006745,20.708809
3006746,-0.08938265
3006747,168.76648
3006748,6.4319167
3006749,19.107178
3006750,11.26892
3006751,66.46276
3006752,6.272752
3006753,342.97928
3006754,279.2918
3006755,5.2864447
3006756,7.3274736
3006757,326.8388
3006758,90.466324
3006759,1584.1628
3006760,34.276924
3006761,18.23516
3006762,7.1735787
3006763,0.12010092
3006764,6.1265016
3006765,3426.5474
3006766,-0.05161719
3006767,507.9889
3006768,7.653831
3006769,1016.53217
3006770,727.82227
3006771,252.75029
3006772,193.8621
3006773,84.235016
3006774,4071.6614
3006775,22.530832
3006776,1.7791213
3006777,20.538326
3006778,20.80459
3006779,-0.050710417
3006780,168.82416
3006781,6.486403
3006782,18.087652
3006783,11.37473
3006784,66.22248
3006785,6.2170806
3006786,342.1236
3006787,279.36255
3006788,5.3515964
3006789,7.2924047
3006790,327.73337
3006791,90.47388
3006792,1584.0773
3006793,34.3737
3006794,18.093441
3006795,6.981537
3006796,0.07860305
3006797,6.068389
3006798,3429.9587
3006799,0.04859525
3006800,509.48087
3006801,7.811343
3006802,1016.23566
3006803,728.6769
3006804,253.62274
3006805,194.56978
3006806,84.331184
3006807,4064.8787
3006808,22.238894
3006809,1.7788838
3006810,20.690804
3006811,20.724817
3006812,0.026728408
3006813,168.74086
3006814,6.4848967
3006815,18.029148
3006816,11.388559
3006817,66.24297
3006818,6.2623587
3006819,341.32773
3006820,279.45148
3006821,5.373458
3006822,7.3500643
3006823,325.33243
3006824,90.66149
3006825,1584.0784
3006826,34.34628
3006827,18.211443
3006828,6.942293
3006829,0.060563557
3006830,6.179422
3006831,3438.1116
3006832,-0.049626764
3006833,511.2632
3006834,7.7462873
3006835,1021.8606
3006836,726.046
3006837,253.07416
3006838,193.67227
3006839,82.43589
3006840,4082.1394
3006841,22.180765
3006842,1.7764432
3006843,20.568941
3006844,20.626024
3006845,0.04836081
3006846,168.85783
3006847,6.457262
3006848,19.332233
3006849,11.349877
3006850,60.092022
3006851,6.3404617
3006852,340.10086
3006853,278.6301
3006854,5.430077
3006855,7.3757977
3006856,327.6544
3006857,90.70103
3006858,1584.0914
3006859,34.415623
3006860,18.188284
3006861,7.066935
3006862,-0.016948948
3006863,6.088357
3006864,3455.577
3006865,-0.028239857
3006866,510.51434
3006867,7.684241
3006868,1025.1676
3006869,730.0169
3006870,255.45627
3006871,195.97386
3006872,83.29233
3006873,4092.854
3006874,22.252121
3006875,1.7864807
3006876,20.644527
3006877,20.707117
3006878,-0.104325436
3006879,168.75499
3006880,6.406799
3006881,19.398493
3006882,11.454091
3006883,66.529816
3006884,6.2308455
3006885,341.4336
3006886,281.99265
3006887,5.3737526
3006888,7.319647
3006889,328.82507
3006890,91.24837
3006891,1584.0354
3006892,34.304737
3006893,18.103712
3006894,7.1045876
3006895,0.11427505
3006896,6.1805882
3006897,3441.5305
3006898,-0.0013276794
3006899,511.15784
3006900,7.819049
3006901,1020.6074
3006902,731.0433
3006903,255.04465
3006904,193.21362
3006905,84.33904
3006906,4091.269
3006907,22.513855
3006908,1.7698286
3006909,20.567348
3006910,20.686745
3006911,-0.06963851
3006912,168.83801
3006913,6.4311314
3006914,19.176966
3006915,11.483747
3006916,60.061962
3006917,6.28304
3006918,343.10022
3006919,280.70667
3006920,5.338198
3006921,7.319644
3006922,328.0668
3006923,90.68261
3006924,1584.0676
3006925,34.32328
3006926,18.202356
3006927,7.2442393
3006928,0.1244865
3006929,6.140837
3006930,3463.1309
3006931,0.066627204
3006932,510.9878
3006933,7.735319
3006934,1021.28754
3006935,727.20514
3006936,254.29167
3006937,194.59697
3006938,84.90441
3006939,4087.6902
3006940,22.345274
3006941,1.7669392
3006942,20.593107
3006943,20.65573
3006944,-0.031466726
3006945,168.91893
3006946,6.5049257
3006947,19.102383
3006948,10.297133
3006949,66.44166
3006950,6.2258277
3006951,342.53915
3006952,279.78683
3006953,5.279962
3006954,7.298391
3006955,328.43658
3006956,90.678955
3006957,1584.055
3006958,34.3317
3006959,18.13422
3006960,7.1968665
3006961,0.08394291
3006962,6.10066
3006963,3452.1145
3006964,0.034386117
3006965,509.91705
3006966,7.73983
3006967,1025.7723
3006968,723.06525
3006969,254.10199
3006970,192.46318
3006971,85.1576
3006972,4097.303
3006973,22.361765
3006974,1.798516
3006975,20.62692
3006976,20.779015
3006977,-0.02187251
3006978,168.7591
3006979,6.5316224
3006980,19.420494
3006981,11.2555895
3006982,66.605255
3006983,6.1983747
3006984,345.4009
3006985,281.94547
3006986,5.3658257
3006987,7.340581
3006988,327.36713
3006989,90.47075
3006990,1584.1241
3006991,34.44388
3006992,18.092955
3006993,6.9893193
3006994,0.1715832
3006995,6.18517
3006996,3436.6526
3006997,0.043844555
3006998,505.4206
3006999,7.6927795
3007000,1019.5029
3007001,722.6495
3007002,254.45726
3007003,190.00958
3007004,84.279976
3007005,4074.1526
3007006,22.211647
3007007,1.8015264
3007008,20.668533
3007009,20.61466
3007010,-0.15685621
3007011,168.81917
3007012,6.5228868
3007013,19.054825
3007014,11.193149
3007015,66.37494
3007016,6.2805204
3007017,344.67804
3007018,281.3023
3007019,5.377399
3007020,7.2852693
3007021,328.2207
3007022,89.965256
3007023,1584.12
3007024,34.3666
3007025,18.072247
3007026,7.089001
3007027,0.090841785
3007028,6.0785694
3007029,3380.4885
3007030,0.053750087
3007031,501.8731
3007032,7.821533
3007033,1015.56165
3007034,739.0927
3007035,253.39659
3007036,191.30367
3007037,83.61389
3007038,4068.7393
3007039,22.256939
3007040,1.7724751
3007041,20.625324
3007042,20.776585
3007043,0.07484965
3007044,168.786
3007045,6.5118966
3007046,19.059502
3007047,11.396521
3007048,66.300644
3007049,6.274077
3007050,340.49765
3007051,279.84933
3007052,5.3715215
3007053,7.3344345
3007054,325.9717
3007055,90.143684
3007056,1584.0223
3007057,34.35275
3007058,18.07796
3007059,7.1938148
3007060,0.07795828
3007061,6.122537
3007062,3378.627
3007063,0.018284554
3007064,500.47528
3007065,7.738717
3007066,1011.6017
3007067,737.87775
3007068,252.17726
3007069,188.12674
3007070,84.1376
3007071,4028.2869
3007072,21.843615
3007073,1.76797
3007074,20.608759
3007075,20.7105
3007076,-0.061749887
3007077,168.7203
3007078,6.507115
3007079,19.075357
3007080,11.26657
3007081,66.366646
3007082,6.23592
3007083,341.67093
3007084,278.36798
3007085,5.3547435
3007086,7.275734
3007087,325.605
3007088,90.059235
3007089,1584.0826
3007090,34.272694
3007091,17.803495
3007092,7.0289683
3007093,0.09541181
3007094,6.02536
3007095,3357.7688
3007096,-0.0781217
3007097,501.75085
3007098,7.6716356
3007099,1009.3155
3007100,736.0573
3007101,250.64899
3007102,188.89052
3007103,83.051186
3007104,4021.834
3007105,21.88623
3007106,1.8080072
3007107,20.676846
3007108,20.752115
3007109,-0.08529621
3007110,168.82411
3007111,6.476808
3007112,18.934175
3007113,11.380921
3007114,66.11506
3007115,6.194105
3007116,341.53677
3007117,273.90057
3007118,5.3663573
3007119,7.2479
3007120,325.14276
3007121,89.93619
3007122,1584.0255
3007123,34.300846
3007124,17.786278
3007125,7.0792003
3007126,0.122750275
3007127,6.1728115
3007128,3330.889
3007129,-0.091593385
3007130,502.01215
3007131,7.6805277
3007132,1004.0176
3007133,739.30365
3007134,249.75829
3007135,187.69853
3007136,84.39618
3007137,4005.5725
3007138,21.988338
3007139,1.8144479
3007140,20.612928
3007141,20.645714
3007142,-0.14176537
3007143,168.87462
3007144,6.4571776
3007145,19.173481
3007146,11.290942
3007147,66.26556
3007148,6.2592616
3007149,339.58603
3007150,272.99225
3007151,5.301555
3007152,7.3572416
3007153,321.95264
3007154,88.40017
3007155,1584.1249
3007156,34.26873
3007157,17.999302
3007158,7.0795236
3007159,0.104559876
3007160,6.101923
3007161,3344.7456
3007162,-0.066527784
3007163,501.74362
3007164,7.814073
3007165,1000.4974
3007166,737.1525
3007167,248.21622
3007168,188.27063
3007169,83.610886
3007170,3982.64
3007171,21.965624
3007172,1.7405323
3007173,20.61759
3007174,20.679462
3007175,-0.13767734
3007176,168.91165
3007177,6.493117
3007178,19.021183
3007179,11.176224
3007180,66.32889
3007181,6.1893206
3007182,338.71182
3007183,271.14325
3007184,5.3880568
3007185,7.33213
3007186,321.6692
3007187,96.95221
3007188,1584.1216
3007189,34.392803
3007190,17.97164
3007191,7.239663
3007192,0.008391905
3007193,6.0915284
3007194,3315.987
3007195,0.058840707
3007196,496.09073
3007197,7.64684
3007198,993.57117
3007199,728.83105
3007200,244.4186
3007201,183.93607
3007202,83.39217
3007203,3938.92
3007204,21.538332
3007205,1.7800102
3007206,20.558817
3007207,20.662374
3007208,-0.10375365
3007209,168.82161
3007210,6.4088407
3007211,18.900831
3007212,11.455863
3007213,59.970623
3007214,6.2180476
3007215,336.52774
3007216,269.96625
3007217,5.3327103
3007218,7.371269
3007219,318.6427
3007220,97.59376
3007221,1584.1707
3007222,34.44288
3007223,17.888987
3007224,6.9113913
3007225,0.18272342
3007226,6.1449394
3007227,3313.657
3007228,-0.0089829415
3007229,493.86865
3007230,7.689473
3007231,989.5781
3007232,731.717
3007233,244.79137
3007234,183.96683
3007235,82.60915
3007236,3937.8738
3007237,21.797884
3007238,1.7646
3007239,20.506691
3007240,20.584517
3007241,-0.026918102
3007242,168.88593
3007243,6.4921913
3007244,18.890135
3007245,11.381565
3007246,66.859184
3007247,6.34436
3007248,335.06177
3007249,268.8987
3007250,5.2110124
3007251,7.377639
3007252,319.13388
3007253,96.7676
3007254,1584.0442
3007255,34.319927
3007256,17.891281
3007257,7.1648207
3007258,0.07510449
3007259,5.9658146
3007260,3296.0657
3007261,0.07481588
3007262,492.2461
3007263,7.705557
3007264,985.4599
3007265,725.77594
3007266,243.38248
3007267,181.3563
3007268,81.83914
3007269,3925.4062
3007270,21.454369
3007271,1.7727611
3007272,20.577892
3007273,20.637815
3007274,0.02370393
3007275,168.8809
3007276,6.51189
3007277,18.6846
3007278,11.25362
3007279,66.420784
3007280,6.2487445
3007281,334.44202
3007282,268.223
3007283,5.312072
3007284,7.382069
3007285,318.5295
3007286,95.167725
3007287,1584.0138
3007288,34.34553
3007289,17.689587
3007290,6.9426823
3007291,0.015560619
3007292,6.0876093
3007293,3309.505
3007294,0.05150502
3007295,492.47144
3007296,7.8012156
3007297,985.50256
3007298,727.39294
3007299,242.36407
3007300,183.42648
3007301,81.467896
3007302,3927.4185
3007303,21.584553
3007304,1.7729348
3007305,20.597513
3007306,20.74432
3007307,-0.077776544
3007308,168.84848
3007309,6.368224
3007310,18.71656
3007311,10.313925
3007312,66.79895
3007313,6.238776
3007314,339.29797
3007315,267.25565
3007316,5.309477
3007317,7.366757
3007318,316.571
3007319,95.00389
3007320,1584.1299
3007321,34.309277
3007322,17.565514
3007323,6.993724
3007324,0.090057276
3007325,6.05683
3007326,3337.3123
3007327,-0.04227569
3007328,490.2812
3007329,7.747797
3007330,983.7258
3007331,727.9606
3007332,241.66408
3007333,183.6411
3007334,81.617874
3007335,3922.8088
3007336,21.496872
3007337,1.7737855
3007338,20.60621
3007339,20.5691
3007340,0.043078236
3007341,168.84879
3007342,6.359366
3007343,19.285479
3007344,11.173021
3007345,66.426956
3007346,6.329658
3007347,337.29285
3007348,267.34476
3007349,5.3336625
3007350,7.2345138
3007351,317.26373
3007352,94.92067
3007353,1583.964
3007354,34.342297
3007355,17.701199
3007356,6.803828
3007357,0.17192377
3007358,5.9945
3007359,3325.6753
3007360,0.038589418
3007361,487.9554
3007362,7.737194
3007363,975.3884
3007364,728.7034
3007365,242.2613
3007366,182.26936
3007367,80.79995
3007368,3921.1318
3007369,21.410818
3007370,1.7661108
3007371,20.659866
3007372,20.633686
3007373,0.01358119
3007374,168.74243
3007375,6.3863177
3007376,18.826061
3007377,10.313118
3007378,66.267006
3007379,6.274209
3007380,338.27655
3007381,267.0445
3007382,5.2382965
3007383,7.419688
3007384,316.57013
3007385,96.17145
3007386,1584.0541
3007387,34.33829
3007388,17.542768
3007389,7.0206614
3007390,0.12594447
3007391,6.0780563
3007392,3311.5732
3007393,-0.0100483475
3007394,489.42075
3007395,7.7071166
3007396,980.4801
3007397,729.3823
3007398,241.65788
3007399,182.18123
3007400,80.45928
3007401,3909.617
3007402,21.370745
3007403,1.7731616
3007404,20.59066
3007405,20.625265
3007406,0.08007815
3007407,168.92075
3007408,6.4885983
3007409,19.01875
3007410,11.20852
3007411,66.44572
3007412,6.22276
3007413,340.08957
3007414,266.14603
3007415,5.346
3007416,7.4022274
3007417,317.29144
3007418,94.55129
3007419,1584.0833
3007420,34.37699
3007421,17.584488
3007422,6.951091
3007423,0.0992269
3007424,6.0114098
3007425,3300.697
3007426,-0.00542938
3007427,490.00262
3007428,7.7486258
3007429,979.1285
3007430,724.4649
3007431,240.86415
3007432,182.00772
3007433,80.27045
3007434,3922.0132
3007435,21.162313
3007436,1.7702612
3007437,20.588139
3007438,20.599056
3007439,-0.12095808
3007440,168.72311
3007441,6.4579897
3007442,18.780685
3007443,11.248082
3007444,66.470055
3007445,6.2766776
3007446,341.05023
3007447,265.9345
3007448,5.323016
3007449,7.295281
3007450,316.087
3007451,94.27759
3007452,1584.0736
3007453,34.377834
3007454,17.625668
3007455,6.935899
3007456,0.051321317
3007457,6.050695
3007458,3283.9165
3007459,0.0055348864
3007460,487.7991
3007461,7.73385
3007462,977.827
3007463,725.12415
3007464,243.50674
3007465,181.43118
3007466,79.96413
3007467,3906.9985
3007468,21.182152
3007469,1.8072757
3007470,20.572363
3007471,20.797417
3007472,-0.14520767
3007473,168.90334
3007474,6.579604
3007475,18.851194
3007476,11.181288
3007477,60.07411
3007478,6.2149487
3007479,338.9206
3007480,265.03702
3007481,5.3414636
3007482,7.3097897
3007483,316.35068
3007484,94.30657
3007485,1584.1964
3007486,34.376522
3007487,17.639347
3007488,6.9815316
3007489,0.029876545
3007490,5.945686
3007491,3273.8362
3007492,0.0015979068
3007493,487.0577
3007494,7.6357584
3007495,965.90814
3007496,724.0528
3007497,242.10466
3007498,180.7939
3007499,80.27236
3007500,3888.4314
3007501,21.274612
3007502,1.7765657
3007503,20.633112
3007504,20.592474
3007505,0.0023616634
3007506,168.86823
3007507,6.540001
3007508,18.933235
3007509,10.290003
3007510,66.68483
3007511,6.159659
3007512,342.76862
3007513,265.39987
3007514,5.343783
3007515,7.366484
3007516,315.803
3007517,93.931984
3007518,1584.062
3007519,34.35148
3007520,17.676756
3007521,6.892422
3007522,0.0860802
3007523,6.091881
3007524,3316.3474
3007525,-0.07388809
3007526,493.65176
3007527,7.7442656
3007528,970.7863
3007529,728.5171
3007530,242.79388
3007531,185.48872
3007532,81.3511
3007533,3905.6113
3007534,21.640257
3007535,1.7867316
3007536,20.558313
3007537,20.681917
3007538,0.06099447
3007539,168.77269
3007540,6.4337506
3007541,18.955221
3007542,11.394095
3007543,66.35675
3007544,6.2918415
3007545,342.04984
3007546,264.77832
3007547,5.26876
3007548,7.402831
3007549,320.93073
3007550,94.88528
3007551,1584.149
3007552,34.387943
3007553,17.904865
3007554,7.081896
3007555,0.069434896
3007556,6.0622544
3007557,3324.714
3007558,0.008810256
3007559,492.46716
3007560,7.741303
3007561,968.64
3007562,727.72577
3007563,241.92227
3007564,183.4405
3007565,80.06299
3007566,3892.301
3007567,21.607208
3007568,1.7953978
3007569,20.62975
3007570,20.580042
3007571,-0.087728254
3007572,168.91302
3007573,6.43887
3007574,19.090929
3007575,11.261327
3007576,66.31166
3007577,6.2796736
3007578,339.55493
3007579,264.22815
3007580,5.2955465
3007581,7.3880463
3007582,318.1572
3007583,94.65493
3007584,1584.0057
3007585,34.36042
3007586,17.746548
3007587,6.9191113
3007588,0.1508506
3007589,6.0604906
3007590,3317.0906
3007591,0.082419395
3007592,488.18845
3007593,7.681309
3007594,966.32404
3007595,728.1285
3007596,241.74985
3007597,182.78291
3007598,79.957466
3007599,3899.4438
3007600,21.580612
3007601,1.7633237
3007602,20.655779
3007603,20.649748
3007604,-0.028644709
3007605,168.83174
3007606,6.5240803
3007607,19.147114
3007608,11.378619
3007609,67.17753
3007610,6.2148113
3007611,339.68872
3007612,263.32413
3007613,5.3536134
3007614,7.2897496
3007615,315.81735
3007616,94.68011
3007617,1584.1051
3007618,34.333054
3007619,17.61026
3007620,6.969104
3007621,0.09698518
3007622,6.076731
3007623,3293.9417
3007624,0.046289116
3007625,486.43887
3007626,7.7761917
3007627,963.8044
3007628,721.22595
3007629,241.1182
3007630,179.9454
3007631,79.86623
3007632,3854.4045
3007633,21.388418
3007634,1.7717836
3007635,20.693474
3007636,20.727478
3007637,0.013654541
3007638,168.76787
3007639,6.4144735
3007640,17.04676
3007641,11.240966
3007642,59.628162
3007643,6.2810316
3007644,338.1426
3007645,263.0245
3007646,5.330425
3007647,7.3357635
3007648,316.38135
3007649,93.97349
3007650,1584.0779
3007651,34.25707
3007652,17.339912
3007653,7.0229645
3007654,0.018345116
3007655,6.123566
3007656,3288.561
3007657,-0.06137439
3007658,486.38168
3007659,7.7973924
3007660,960.2479
3007661,723.4614
3007662,239.08102
3007663,181.46413
3007664,79.91002
3007665,3858.584
3007666,21.414892
3007667,1.7961004
3007668,20.735596
3007669,20.75094
3007670,-0.06627805
3007671,168.90013
3007672,6.443723
3007673,18.692558
3007674,11.236935
3007675,66.33695
3007676,6.343078
3007677,337.99594
3007678,260.41953
3007679,5.3764076
3007680,7.300885
3007681,311.51746
3007682,94.21497
3007683,1584.0587
3007684,34.404724
3007685,17.353867
3007686,7.085581
3007687,0.009295848
3007688,5.817751
3007689,3283.1267
3007690,-0.050730415
3007691,484.90045
3007692,7.71922
3007693,958.0445
3007694,721.2292
3007695,237.57831
3007696,178.2829
3007697,79.5508
3007698,3850.0989
3007699,21.24494
3007700,1.7815598
3007701,20.560167
3007702,20.70496
3007703,-0.118702985
3007704,168.90565
3007705,6.445433
3007706,17.042227
3007707,11.287113
3007708,66.36459
3007709,6.2575426
3007710,335.01227
3007711,260.46793
3007712,5.3239937
3007713,7.2864676
3007714,308.77866
3007715,93.71476
3007716,1584.1432
3007717,34.34818
3007718,17.33122
3007719,6.9314103
3007720,0.0269787
3007721,5.980114
3007722,3293.2996
3007723,0.02684967
3007724,483.87033
3007725,7.6625686
3007726,960.55023
3007727,712.0001
3007728,235.6775
3007729,179.63467
3007730,79.46742
3007731,3829.0571
3007732,21.391798
3007733,1.8085563
3007734,20.579575
3007735,20.683308
3007736,0.0088669155
3007737,168.75992
3007738,6.400544
3007739,17.135672
3007740,11.28739
3007741,66.46002
3007742,6.1599245
3007743,334.11154
3007744,258.25443
3007745,5.270981
3007746,7.234455
3007747,309.95038
3007748,93.30192
3007749,1584.0801
3007750,34.34226
3007751,17.199951
3007752,6.915197
3007753,0.12268241
3007754,5.890355
3007755,3250.409
3007756,0.030584382
3007757,479.57928
3007758,7.711845
3007759,954.5437
3007760,709.99976
3007761,235.80591
3007762,179.85416
3007763,79.04855
3007764,3816.6665
3007765,20.890062
3007766,1.797253
3007767,20.627922
3007768,20.636637
3007769,-0.040381696
3007770,168.948
3007771,6.471571
3007772,17.156687
3007773,11.174968
3007774,66.36159
3007775,6.237598
3007776,332.1309
3007777,255.50632
3007778,5.2565923
3007779,7.3017335
3007780,307.7441
3007781,93.289024
3007782,1584.0214
3007783,34.31775
3007784,17.329647
3007785,7.0711036
3007786,0.14543317
3007787,5.9689054
3007788,3260.2507
3007789,0.08389127
3007790,477.81186
3007791,7.669461
3007792,953.58264
3007793,707.101
3007794,235.22105
3007795,177.8777
3007796,78.751465
3007797,3787.6274
3007798,20.997911
3007799,1.7687416
3007800,20.585323
3007801,20.730497
3007802,-0.06491507
3007803,168.76842
3007804,6.4524145
3007805,17.014091
3007806,11.18297
3007807,66.97775
3007808,6.2110505
3007809,333.33456
3007810,256.77255
3007811,5.3062897
3007812,7.3286715
3007813,305.6572
3007814,92.69273
3007815,1584.069
3007816,34.34967
3007817,17.361383
3007818,6.9297247
3007819,0.049266417
3007820,5.936916
3007821,3242.6907
3007822,0.029737474
3007823,481.39282
3007824,7.818501
3007825,947.05096
3007826,710.89264
3007827,233.25267
3007828,178.14088
3007829,78.67453
3007830,3777.1196
3007831,20.986067
3007832,1.77337
3007833,20.709713
3007834,20.650112
3007835,-0.054632265
3007836,168.82729
3007837,6.4432898
3007838,17.08833
3007839,11.453101
3007840,66.12345
3007841,6.1848154
3007842,334.04834
3007843,255.07828
3007844,5.3970017
3007845,7.2816143
3007846,304.69525
3007847,93.67185
3007848,1584.0703
3007849,34.374207
3007850,17.176025
3007851,6.9746137
3007852,0.121557415
3007853,5.900813
3007854,3209.824
3007855,0.03726416
3007856,486.6484
3007857,7.6643023
3007858,951.9357
3007859,708.7509
3007860,232.34041
3007861,178.97696
3007862,78.51181
3007863,3793.1323
3007864,21.436523
3007865,1.7735146
3007866,20.675627
3007867,20.67374
3007868,-0.11771263
3007869,168.81487
3007870,6.4691286
3007871,15.656184
3007872,11.488966
3007873,66.938995
3007874,6.257016
3007875,333.32184
3007876,256.6412
3007877,5.354197
3007878,7.2846427
3007879,305.3654
3007880,93.521935
3007881,1584.0482
3007882,34.371735
3007883,17.004736
3007884,6.795476
3007885,0.10815581
3007886,6.012395
3007887,3228.0312
3007888,-0.09842076
3007889,485.92706
3007890,7.76966
3007891,949.2206
3007892,710.8971
3007893,232.8428
3007894,176.92789
3007895,78.705986
3007896,3804.5093
3007897,21.136425
3007898,1.8129268
3007899,20.721992
3007900,20.742298
3007901,-0.15350865
3007902,168.86519
3007903,6.426665
3007904,15.5767975
3007905,11.174004
3007906,66.31516
3007907,6.281105
3007908,332.3559
3007909,256.89896
3007910,5.341643
3007911,7.291887
3007912,306.5847
3007913,92.943375
3007914,1584.0331
3007915,34.423656
3007916,17.326777
3007917,6.793779
3007918,0.04809084
3007919,6.0111685
3007920,3231.054
3007921,0.029851664
3007922,487.04288
3007923,7.7631116
3007924,944.469
3007925,708.55896
3007926,231.19252
3007927,178.11842
3007928,78.24639
3007929,3782.3704
3007930,21.189955
3007931,1.7674959
3007932,20.604134
3007933,20.60557
3007934,-0.113369234
3007935,168.8521
3007936,6.419699
3007937,17.103558
3007938,11.367465
3007939,66.60147
3007940,6.25244
3007941,333.67822
3007942,256.3352
3007943,5.3772926
3007944,7.395184
3007945,303.91663
3007946,92.40977
3007947,1584.1327
3007948,34.362373
3007949,17.235165
3007950,7.025486
3007951,0.051995922
3007952,5.8103614
3007953,3201.298
3007954,0.0977822
3007955,481.09512
3007956,7.7281938
3007957,947.7136
3007958,707.6824
3007959,230.90472
3007960,176.12466
3007961,78.2449
3007962,3775.4543
3007963,21.015196
3007964,1.7962246
3007965,20.656559
3007966,20.725506
3007967,-0.009224209
3007968,168.81215
3007969,6.459793
3007970,15.622906
3007971,11.410789
3007972,76.65502
3007973,6.245107
3007974,333.39795
3007975,255.95645
3007976,5.3040047
3007977,7.31731
3007978,304.22858
3007979,92.775734
3007980,1584.046
3007981,34.33632
3007982,17.431654
3007983,6.909576
3007984,0.09183671
3007985,5.8544674
3007986,3004.2727
3007987,0.05404799
3007988,482.09192
3007989,7.682207
3007990,934.26874
3007991,702.92804
3007992,228.55806
3007993,174.54004
3007994,77.35974
3007995,3743.6755
3007996,20.435034
3007997,1.7599134
3007998,20.69683
3007999,20.736704
3008000,-0.106374376
3008001,168.79733
3008002,6.42646
3008003,14.4162
3008004,11.462851
3008005,59.991543
3008006,6.2773867
3008007,330.59732
3008008,253.97946
3008009,5.257018
3008010,7.297864
3008011,305.84558
3008012,91.63881
3008013,1584.0383
3008014,34.37111
3008015,17.016224
3008016,6.848656
3008017,0.15392126
3008018,5.8324327
3008019,3020.0942
3008020,-0.048959903
3008021,477.50854
3008022,7.6825776
3008023,929.1394
3008024,697.31836
3008025,225.67355
3008026,176.03973
3008027,77.39218
3008028,3713.6006
3008029,20.730978
3008030,1.7946136
3008031,20.6308
3008032,20.669428
3008033,0.025365612
3008034,168.91254
3008035,6.386986
3008036,15.378849
3008037,11.353588
3008038,75.04192
3008039,6.1895666
3008040,327.92603
3008041,252.70296
3008042,5.384091
3008043,7.2579074
3008044,301.88312
3008045,91.601166
3008046,1584.0242
3008047,34.400833
3008048,16.970108
3008049,6.9789505
3008050,0.07885366
3008051,5.8322654
3008052,3249.9146
3008053,0.0731373
3008054,482.3809
3008055,7.689745
3008056,927.6822
3008057,711.0991
3008058,229.78345
3008059,179.20099
3008060,77.37398
3008061,3713.577
3008062,20.660929
3008063,1.7795275
3008064,20.634588
3008065,20.680386
3008066,0.045338105
3008067,168.77805
3008068,6.4647503
3008069,14.13955
3008070,11.343611
3008071,78.14497
3008072,6.251983
3008073,332.51755
3008074,251.29163
3008075,5.3078794
3008076,7.268613
3008077,300.48456
3008078,94.069824
3008079,1584.0482
3008080,34.301514
3008081,17.011091
3008082,7.014734
3008083,0.04030982
3008084,5.8897505
3008085,3327.5674
3008086,0.009756872
3008087,491.06412
3008088,7.759724
3008089,929.766
3008090,719.4981
3008091,230.85182
3008092,181.86624
3008093,77.81172
3008094,3778.851
3008095,21.062872
3008096,1.7091244
3008097,20.611805
3008098,20.66801
3008099,-0.08234518
3008100,168.70749
3008101,6.4634476
3008102,14.208589
3008103,11.46339
3008104,78.71436
3008105,6.259135
3008106,332.59906
3008107,250.51904
3008108,5.413616
3008109,7.3560452
3008110,309.31747
3008111,94.28753
3008112,1584.1415
3008113,34.376263
3008114,16.960041
3008115,6.9365706
3008116,0.009496083
3008117,5.8772497
3008118,3331.219
3008119,0.04533122
3008120,491.12158
3008121,7.838617
3008122,951.74603
3008123,718.6356
3008124,232.79767
3008125,183.33249
3008126,78.95714
3008127,3828.1711
3008128,21.443926
3008129,1.7802505
3008130,20.68179
3008131,20.638243
3008132,-0.18690674
3008133,168.82117
3008134,6.4851108
3008135,15.39775
3008136,11.456709
3008137,78.7495
3008138,6.338285
3008139,335.9569
3008140,256.22217
3008141,5.281608
3008142,7.342188
3008143,312.98825
3008144,96.20451
3008145,1584.0494
3008146,34.307182
3008147,17.475649
3008148,7.023554
3008149,0.1797007
3008150,5.939967
3008151,3352.077
3008152,-0.04420719
3008153,492.38846
3008154,7.8540525
3008155,955.39716
3008156,732.2219
3008157,235.72299
3008158,183.96481
3008159,79.37275
3008160,3875.9253
3008161,21.32412
3008162,1.780494
3008163,20.65365
3008164,20.58207
3008165,-0.025545854
3008166,168.7886
3008167,6.450963
3008168,17.023886
3008169,11.453916
3008170,79.792816
3008171,6.194709
3008172,338.25888
3008173,259.75885
3008174,5.2913404
3008175,7.2293377
3008176,317.5478
3008177,95.15573
3008178,1584.055
3008179,34.363037
3008180,18.02184
3008181,6.9445753
3008182,0.023270369
3008183,6.0197167
3008184,3286.61
3008185,-0.021682056
3008186,497.44742
3008187,7.637864
3008188,958.8205
3008189,732.50464
3008190,236.63335
3008191,183.06989
3008192,79.97685
3008193,3874.445
3008194,21.724447
3008195,1.7844664
3008196,20.549309
3008197,20.728737
3008198,-0.15249778
3008199,168.78358
3008200,6.455513
3008201,15.401126
3008202,11.477432
3008203,80.078995
3008204,6.372654
3008205,335.33334
3008206,264.17062
3008207,5.2819376
3008208,7.385864
3008209,317.3019
3008210,96.59246
3008211,1584.0276
3008212,34.339535
3008213,17.694098
3008214,7.214224
3008215,0.10428911
3008216,5.911791
3008217,3307.4788
3008218,-0.0684555
3008219,507.03107
3008220,7.6951313
3008221,968.6798
3008222,742.32404
3008223,239.5064
3008224,185.23383
3008225,80.630844
3008226,3935.6653
3008227,21.663177
3008228,1.7745008
3008229,20.529486
3008230,20.61219
3008231,0.061500967
3008232,168.75592
3008233,6.4263268
3008234,15.446468
3008235,11.458844
3008236,81.90598
3008237,6.280072
3008238,341.01917
3008239,264.1937
3008240,5.285836
3008241,7.262831
3008242,319.8814
3008243,97.61077
3008244,1584.1173
3008245,34.31119
3008246,17.924417
3008247,7.0442963
3008248,0.07198168
3008249,5.9752736
3008250,3282.5984
3008251,0.054416228
3008252,501.0746
3008253,7.675443
3008254,970.8468
3008255,740.19086
3008256,241.34888
3008257,185.25488
3008258,81.80322
3008259,3947.3699
3008260,21.254665
3008261,1.7811412
3008262,20.677004
3008263,20.67031
3008264,-0.033517662
3008265,168.86382
3008266,6.4190836
3008267,15.400348
3008268,11.337799
3008269,81.3787
3008270,6.1940455
3008271,339.76514
3008272,262.41428
3008273,5.3198285
3008274,7.4333024
3008275,322.27472
3008276,96.68384
3008277,1584.0359
3008278,34.36679
3008279,18.04064
3008280,7.0222855
3008281,0.008990996
3008282,6.0142007
3008283,3427.13
3008284,-0.056340974
3008285,505.82294
3008286,7.683385
3008287,979.8782
3008288,733.99994
3008289,241.6175
3008290,191.8575
3008291,82.0606
3008292,3910.1807
3008293,21.270489
3008294,1.8009264
3008295,20.58852
3008296,20.565514
3008297,0.07527001
3008298,168.75603
3008299,6.57285
3008300,15.503812
3008301,11.529814
3008302,82.886024
3008303,6.3033786
3008304,341.88666
3008305,264.8593
3008306,5.4072785
3008307,7.245635
3008308,324.6095
3008309,98.73601
3008310,1584.0044
3008311,34.268806
3008312,18.09182
3008313,7.0813456
3008314,0.015393383
3008315,5.8951097
3008316,3427.6104
3008317,-0.0069854194
3008318,496.52237
3008319,7.7916627
3008320,982.86505
3008321,740.3665
3008322,241.97136
3008323,190.19446
3008324,81.20163
3008325,3920.287
3008326,21.01692
3008327,1.7789845
3008328,20.641571
3008329,20.676159
3008330,0.0028067285
3008331,168.8254
3008332,6.4238644
3008333,15.607789
3008334,11.445951
3008335,82.36627
3008336,6.2790675
3008337,340.72797
3008338,262.38358
3008339,5.3781185
3008340,7.3499703
3008341,323.54382
3008342,95.15922
3008343,1584.0256
3008344,34.336514
3008345,18.079542
3008346,6.891327
3008347,0.03923753
3008348,6.015673
3008349,3312.048
3008350,-0.01813813
3008351,491.89923
3008352,7.6720676
3008353,967.8554
3008354,737.91113
3008355,236.07686
3008356,183.93416
3008357,80.257164
3008358,3910.1023
3008359,20.839678
3008360,1.7788168
3008361,20.597504
3008362,20.707972
3008363,-0.14516574
3008364,168.91646
3008365,6.510997
3008366,15.552763
3008367,11.405865
3008368,82.57451
3008369,6.303104
3008370,340.7726
3008371,257.91626
3008372,5.3505864
3008373,7.315329
3008374,320.18134
3008375,96.813545
3008376,1584.0823
3008377,34.35115
3008378,17.606926
3008379,7.0699944
3008380,0.0669988
3008381,5.8554673
3008382,3334.9539
3008383,-0.011681895
3008384,493.7763
3008385,7.829236
3008386,949.64435
3008387,731.85583
3008388,232.79501
3008389,183.72176
3008390,79.54381
3008391,3827.1477
3008392,20.509695
3008393,1.8100405
3008394,20.503258
3008395,20.653103
3008396,0.025536181
3008397,168.73415
3008398,6.405711
3008399,15.4484215
3008400,11.495448
3008401,82.51918
3008402,6.1279316
3008403,337.57986
3008404,257.5242
3008405,5.227395
3008406,7.310904
3008407,318.21393
3008408,94.775
3008409,1584.1273
3008410,34.350826
3008411,17.61516
3008412,7.0654593
3008413,0.07402876
3008414,5.8641844
3008415,3292.9473
3008416,0.005333524
3008417,476.67645
3008418,7.7963047
3008419,938.8804
3008420,722.24603
3008421,226.0837
3008422,179.5305
3008423,78.563354
3008424,3801.8992
3008425,20.53322
3008426,1.7836659
3008427,20.556448
3008428,20.66251
3008429,-0.15116328
3008430,168.77226
3008431,6.525853
3008432,14.363236
3008433,11.339848
3008434,81.88351
3008435,6.231116
3008436,340.44107
3008437,253.64777
3008438,5.25807
3008439,7.183916
3008440,311.145
3008441,94.00969
3008442,1584.1013
3008443,34.26813
3008444,17.3505
3008445,6.9018245
3008446,0.043455347
3008447,5.8804755
3008448,3289.3867
3008449,-0.07099518
3008450,479.47107
3008451,7.8126984
3008452,938.1084
3008453,714.6723
3008454,229.7231
3008455,181.0401
3008456,79.4576
3008457,3814.9998
3008458,20.633013
3008459,1.7732018
3008460,20.581059
3008461,20.646238
3008462,-0.0320016
3008463,168.85025
3008464,6.5219717
3008465,15.425192
3008466,11.480576
3008467,82.28509
3008468,6.2126803
3008469,342.1107
3008470,255.37135
3008471,5.2839785
3008472,7.29644
3008473,312.9812
3008474,93.98012
3008475,1584.1277
3008476,34.29379
3008477,17.443676
3008478,6.911105
3008479,0.010913123
3008480,5.9631457
3008481,3324.9246
3008482,0.03543042
3008483,492.91086
3008484,7.783188
3008485,946.2426
3008486,732.029
3008487,226.03683
3008488,183.17499
3008489,80.44618
3008490,3830.2607
3008491,20.396303
3008492,1.7699538
3008493,20.617594
3008494,20.747627
3008495,-0.10927321
3008496,168.88156
3008497,6.3781204
3008498,17.159653
3008499,11.385614
3008500,83.13987
3008501,6.1801286
3008502,339.91702
3008503,253.6041
3008504,5.3595314
3008505,7.2495966
3008506,314.705
3008507,94.936165
3008508,1584.118
3008509,34.349796
3008510,17.912632
3008511,6.933335
3008512,0.18704501
3008513,5.931371
3008514,3291.8005
3008515,-0.05599702
3008516,493.21365
3008517,7.714824
3008518,943.31525
3008519,732.01337
3008520,225.45671
3008521,187.10301
3008522,79.671326
3008523,3811.8574
3008524,21.025423
3008525,1.7724425
3008526,20.646032
3008527,20.644194
3008528,-0.14214662
3008529,168.82999
3008530,6.382604
3008531,18.685719
3008532,11.469307
3008533,80.85506
3008534,6.2562714
3008535,342.19855
3008536,252.84828
3008537,5.225874
3008538,7.3860955
3008539,316.16992
3008540,97.6925
3008541,1584.0428
3008542,34.21748
3008543,17.892578
3008544,7.0206804
3008545,0.06992629
3008546,6.0443225
3008547,3283.2937
3008548,0.053037718
3008549,487.54498
3008550,7.708841
3008551,964.45355
3008552,733.40314
3008553,230.92406
3008554,186.47795
3008555,80.291756
3008556,3857.4033
3008557,21.329657
3008558,1.7781131
3008559,20.654165
3008560,20.628849
3008561,-0.14042021
3008562,168.82576
3008563,6.435813
3008564,18.733458
3008565,11.458965
3008566,82.95987
3008567,6.312702
3008568,340.33524
3008569,257.6076
3008570,5.3623266
3008571,7.4187093
3008572,321.1181
3008573,96.618835
3008574,1584.0238
3008575,34.360695
3008576,17.779575
3008577,7.024966
3008578,0.042301364
3008579,5.8588705
3008580,3330.1055
3008581,0.06395926
3008582,497.70547
3008583,7.708997
3008584,954.9726
3008585,739.6964
3008586,231.16655
3008587,187.32945
3008588,79.25237
3008589,3796.9497
3008590,21.480495
3008591,1.8059093
3008592,20.680056
3008593,20.69622
3008594,-0.061880313
3008595,168.74417
3008596,6.420636
3008597,18.974243
3008598,11.457081
3008599,80.9168
3008600,6.1941786
3008601,340.98843
3008602,253.76033
3008603,5.3609486
3008604,7.3786473
3008605,319.6321
3008606,97.679115
3008607,1584.0276
3008608,34.36528
3008609,18.099672
3008610,6.9737315
3008611,0.05707646
3008612,5.921647
3008613,3336.4587
3008614,0.067018285
3008615,492.7398
3008616,7.777822
3008617,956.6939
3008618,729.88745
3008619,232.62195
3008620,186.21297
3008621,78.58638
3008622,3823.2056
3008623,21.334518
3008624,1.7754931
3008625,20.526464
3008626,20.773596
3008627,0.03448881
3008628,168.85425
3008629,6.44065
3008630,17.06905
3008631,11.454797
3008632,82.59699
3008633,6.264925
3008634,339.1799
3008635,255.49498
3008636,5.3502345
3008637,7.382521
3008638,324.2371
3008639,98.59181
3008640,1584.1686
3008641,34.41512
3008642,18.001444
3008643,6.9082584
3008644,0.10994217
3008645,6.08134
3008646,3357.1392
3008647,-0.03683205
3008648,485.792
3008649,7.733294
3008650,971.7002
3008651,737.702
3008652,234.1262
3008653,187.02042
3008654,78.98564
3008655,3901.9814
3008656,21.528069
3008657,1.7822262
3008658,20.638279
3008659,20.683786
3008660,-0.122953214
3008661,168.7576
3008662,6.481058
3008663,18.77086
3008664,11.6538725
3008665,83.438805
3008666,6.1866045
3008667,340.2952
3008668,259.77588
3008669,5.2777567
3008670,7.2444944
3008671,326.44254
3008672,98.6897
3008673,1584.1292
3008674,34.400524
3008675,18.117323
3008676,6.809556
3008677,0.185203
3008678,6.0863194
3008679,3339.8213
3008680,-0.106354594
3008681,493.49722
3008682,7.6371593
3008683,964.6304
3008684,738.8454
3008685,232.92525
3008686,179.44086
3008687,78.74725
3008688,3888.356
3008689,21.184666
3008690,1.7835349
3008691,20.65311
3008692,20.611101
3008693,-0.12781452
3008694,168.77
3008695,6.428736
3008696,17.086828
3008697,11.751911
3008698,83.57396
3008699,6.323489
3008700,340.16348
3008701,255.15866
3008702,5.2706423
3008703,7.273142
3008704,321.26068
3008705,96.73627
3008706,1584.1011
3008707,34.256767
3008708,17.89183
3008709,6.938266
3008710,0.14978449
3008711,5.9643517
3008712,3386.2893
3008713,-0.084016085
3008714,494.78543
3008715,7.738243
3008716,966.9186
3008717,734.91
3008718,231.44646
3008719,182.56815
3008720,78.5278
3008721,3904.594
3008722,21.034334
3008723,1.7778355
3008724,20.658495
3008725,20.68656
3008726,-0.042553727
3008727,168.79967
3008728,6.362293
3008729,17.044754
3008730,11.39838
3008731,83.58341
3008732,6.145491
3008733,339.1624
3008734,254.86809
3008735,5.327465
3008736,7.310369
3008737,322.08755
3008738,96.72403
3008739,1584.0742
3008740,34.335693
3008741,17.876888
3008742,6.9001985
3008743,0.091936424
3008744,6.0530567
3008745,3336.1226
3008746,0.030688751
3008747,481.94574
3008748,7.728371
3008749,979.3611
3008750,724.9365
3008751,231.82066
3008752,178.67714
3008753,78.29118
3008754,3930.4065
3008755,20.994545
3008756,1.7730021
3008757,20.664867
3008758,20.607073
3008759,-0.051516064
3008760,168.75775
3008761,6.565927
3008762,17.047874
3008763,11.538447
3008764,80.85311
3008765,6.3522053
3008766,344.69446
3008767,261.84225
3008768,5.37598
3008769,7.3752575
3008770,319.30832
3008771,96.175804
3008772,1584.1018
3008773,34.264797
3008774,18.094133
3008775,6.918244
3008776,0.14158568
3008777,5.9977427
3008778,3305.2312
3008779,0.047574352
3008780,483.0399
3008781,7.849245
3008782,966.7475
3008783,730.91815
3008784,232.32655
3008785,175.3863
3008786,77.04085
3008787,3915.173
3008788,20.738394
3008789,1.778383
3008790,20.721588
3008791,20.686491
3008792,0.03412442
3008793,168.76283
3008794,6.5704217
3008795,17.082565
3008796,11.392393
3008797,83.046524
3008798,6.3023214
3008799,340.2157
3008800,261.8397
3008801,5.328848
3008802,7.2637672
3008803,323.04642
3008804,94.62904
3008805,1584.0441
3008806,34.31691
3008807,17.77726
3008808,6.93032
3008809,0.17923975
3008810,5.99017
3008811,3259.6218
3008812,0.0063889334
3008813,480.11008
3008814,7.812494
3008815,957.16003
3008816,718.2688
3008817,229.37457
3008818,178.32516
3008819,76.98999
3008820,3870.905
3008821,20.47648
3008822,1.7659858
3008823,20.598427
3008824,20.682579
3008825,0.038167622
3008826,168.80655
3008827,6.48158
3008828,15.687226
3008829,11.640169
3008830,82.935394
3008831,6.2342353
3008832,336.84903
3008833,259.75858
3008834,5.3114343
3008835,7.3044477
3008836,315.51956
3008837,93.847336
3008838,1584.178
3008839,34.35241
3008840,17.479965
3008841,6.9883676
3008842,0.07011067
3008843,6.042224
3008844,3256.3374
3008845,0.014571498
3008846,474.9753
3008847,7.7964144
3008848,959.2391
3008849,711.6524
3008850,230.51971
3008851,174.63908
3008852,76.545456
3008853,3852.9297
3008854,20.637356
3008855,1.7801583
3008856,20.572842
3008857,20.656206
3008858,-0.069503814
3008859,168.82716
3008860,6.428963
3008861,15.466055
3008862,11.493529
3008863,82.29337
3008864,6.2427154
3008865,338.62714
3008866,260.07016
3008867,5.381374
3008868,7.3406787
3008869,318.67023
3008870,94.031006
3008871,1584.1261
3008872,34.319286
3008873,17.38888
3008874,6.9585123
3008875,0.13002825
3008876,6.012057
3008877,3289.674
3008878,-0.0018919527
3008879,484.04477
3008880,7.6890144
3008881,963.1536
3008882,715.02264
3008883,229.96455
3008884,174.87608
3008885,76.375
3008886,3865.8477
3008887,20.718771
3008888,1.7792629
3008889,20.559214
3008890,20.80345
3008891,-0.121649735
3008892,168.82625
3008893,6.359389
3008894,15.449375
3008895,11.568487
3008896,82.37016
3008897,6.2040944
3008898,338.82968
3008899,259.58392
3008900,5.3098116
3008901,7.2798085
3008902,318.2543
3008903,93.906364
3008904,1584.083
3008905,34.427475
3008906,17.278414
3008907,6.866214
3008908,0.12544326
3008909,5.8422375
3008910,3269.6567
3008911,-0.02196729
3008912,485.2875
3008913,7.8048615
3008914,957.5824
3008915,719.789
3008916,230.67584
3008917,175.29765
3008918,77.12812
3008919,3836.6716
3008920,20.689657
3008921,1.794429
3008922,20.5802
3008923,20.685553
3008924,-0.14393415
3008925,168.87404
3008926,6.5013742
3008927,15.679835
3008928,11.556652
3008929,81.51961
3008930,6.257755
3008931,336.25867
3008932,257.49655
3008933,5.3169065
3008934,7.3815656
3008935,309.84882
3008936,94.33942
3008937,1584.0905
3008938,34.40295
3008939,17.630816
3008940,6.8490586
3008941,0.08044652
3008942,5.9143167
3008943,3302.4778
3008944,0.06927555
3008945,486.2747
3008946,7.8163414
3008947,950.3254
3008948,712.1208
3008949,229.2817
3008950,175.93326
3008951,76.78236
3008952,3795.0256
3008953,20.975632
3008954,1.7734253
3008955,20.559916
3008956,20.563894
3008957,-0.051024664
3008958,168.7937
3008959,6.489707
3008960,17.076946
3008961,11.587809
3008962,82.77343
3008963,6.306443
3008964,334.51175
3008965,251.6786
3008966,5.266652
3008967,7.3190928
3008968,308.32816
3008969,93.12002
3008970,1584.0701
3008971,34.356514
3008972,17.428286
3008973,6.7651496
3008974,0.02120665
3008975,5.969642
3008976,3205.6885
3008977,-0.034902677
3008978,477.98068
3008979,7.679005
3008980,940.091
3008981,712.963
3008982,224.2102
3008983,175.81194
3008984,76.20426
3008985,3745.8428
3008986,20.467308
3008987,1.7692827
3008988,20.648298
3008989,20.660154
3008990,-0.08099675
3008991,168.72711
3008992,6.5060315
3008993,17.029451
3008994,11.437256
3008995,80.86086
3008996,6.209895
3008997,331.8797
3008998,252.13908
3008999,5.2907705
3009000,7.3329477
3009001,307.45804
3009002,94.00407
3009003,1584.1663
3009004,34.432964
3009005,17.237495
3009006,6.7937627
3009007,0.10492583
3009008,5.9846354
3009009,3259.0947
3009010,-0.060930148
3009011,475.06467
3009012,7.742161
3009013,935.2226
3009014,706.3659
3009015,222.81966
3009016,176.8211
3009017,77.06351
3009018,3734.2856
3009019,20.863264
3009020,1.7990426
3009021,20.61718
3009022,20.773829
3009023,-0.065869644
3009024,168.7037
3009025,6.4467397
3009026,15.555786
3009027,11.762481
3009028,81.72394
3009029,6.3047523
3009030,332.30624
3009031,248.01794
3009032,5.2622128
3009033,7.3152432
3009034,308.65823
3009035,93.04764
3009036,1584.0779
3009037,34.34734
3009038,17.358685
3009039,6.706378
3009040,-0.008423254
3009041,5.850171
3009042,3196.7354
3009043,-0.013523523
3009044,474.68408
3009045,7.749777
3009046,921.3444
3009047,702.7221
3009048,222.95424
3009049,173.62425
3009050,76.67547
3009051,3711.5544
3009052,20.707592
3009053,1.7739978
3009054,20.617863
3009055,20.673899
3009056,-0.0021180615
3009057,168.82327
3009058,6.472362
3009059,15.410343
3009060,11.572187
3009061,80.71324
3009062,6.193969
3009063,333.06543
3009064,246.7243
3009065,5.283385
3009066,7.3285303
3009067,304.03635
3009068,92.89182
3009069,1584.0577
3009070,34.264904
3009071,17.019094
3009072,6.7179856
3009073,0.10699942
3009074,5.881788
3009075,3207.6145
3009076,0.031413216
3009077,473.98956
3009078,7.706593
3009079,915.18665
3009080,699.2127
3009081,221.12784
3009082,176.06079
3009083,77.15077
3009084,3703.209
3009085,20.734743
3009086,1.8056564
3009087,20.607136
3009088,20.675285
3009089,-0.119923264
3009090,168.82083
3009091,6.5502625
3009092,15.428498
3009093,11.650792
3009094,81.729904
3009095,6.1884007
3009096,333.55
3009097,248.39413
3009098,5.4354243
3009099,7.347399
3009100,302.5914
3009101,92.65753
3009102,1584.0834
3009103,34.339825
3009104,17.197264
3009105,6.738765
3009106,0.0919756
3009107,5.747152
3009108,3258.6782
3009109,-0.013541385
3009110,473.54315
3009111,7.8422704
3009112,923.7908
3009113,709.5241
3009114,222.799
3009115,174.91017
3009116,76.96906
3009117,3713.2786
3009118,20.496899
3009119,1.7823529
3009120,20.562702
3009121,20.672998
3009122,-0.00964919
3009123,168.8278
3009124,6.435845
3009125,17.035683
3009126,11.46162
3009127,81.54644
3009128,6.237876
3009129,332.74924
3009130,249.14503
3009131,5.42324
3009132,7.3693175
3009133,306.73434
3009134,92.68242
3009135,1584.1704
3009136,34.33244
3009137,17.468239
3009138,6.7043576
3009139,0.116635315
3009140,5.9039917
3009141,3251.9397
3009142,0.08722954
3009143,473.6705
3009144,7.6760335
3009145,919.2899
3009146,703.8396
3009147,222.21494
3009148,174.19127
3009149,76.96654
3009150,3712.171
3009151,20.670965
3009152,1.7701097
3009153,20.498795
3009154,20.742178
3009155,-0.120004766
3009156,168.73177
3009157,6.409733
3009158,17.073496
3009159,11.620275
3009160,81.55456
3009161,6.2297287
3009162,332.43286
3009163,249.14212
3009164,5.366339
3009165,7.3356757
3009166,304.69354
3009167,92.2429
3009168,1584.028
3009169,34.306675
3009170,17.186396
3009171,6.677315
3009172,0.053454127
3009173,5.8081794
3009174,3211.745
3009175,0.016568717
3009176,469.94376
3009177,7.7498693
3009178,917.2787
3009179,698.8789
3009180,222.39903
3009181,173.27716
3009182,76.441864
3009183,3692.4128
3009184,20.617228
3009185,1.7695688
3009186,20.679897
3009187,20.66487
3009188,-0.076641805
3009189,168.85791
3009190,6.5419116
3009191,17.05202
3009192,11.390581
3009193,81.75592
3009194,6.1985693
3009195,333.7509
3009196,246.27797
3009197,5.45843
3009198,7.3502045
3009199,305.24997
3009200,92.17812
3009201,1584.0372
3009202,34.377808
3009203,17.016558
3009204,6.727199
3009205,0.12313884
3009206,5.8393054
3009207,3198.7834
3009208,0.040852558
3009209,468.77695
3009210,7.690972
3009211,918.83545
3009212,694.16864
3009213,222.21898
3009214,173.00554
3009215,76.44487
3009216,3714.0632
3009217,20.387123
3009218,1.7798232
3009219,20.510824
3009220,20.798033
3009221,-0.06937089
3009222,168.9014
3009223,6.564631
3009224,17.06102
3009225,11.476692
3009226,81.68225
3009227,6.1967006
3009228,332.29807
3009229,247.64624
3009230,5.4266596
3009231,7.259224
3009232,305.19275
3009233,91.59983
3009234,1584.1216
3009235,34.32966
3009236,16.98945
3009237,6.781091
3009238,0.1126077
3009239,5.75816
3009240,3015.1982
3009241,-0.09025454
3009242,470.03018
3009243,7.7536817
3009244,913.1234
3009245,697.8485
3009246,223.94669
3009247,173.99469
3009248,76.73968
3009249,3680.9373
3009250,20.382175
3009251,1.7677763
3009252,20.62548
3009253,20.66452
3009254,-0.09332322
3009255,168.87627
3009256,6.447492
3009257,15.463069
3009258,11.235164
3009259,81.959595
3009260,6.3568435
3009261,334.21585
3009262,247.30476
3009263,5.3864627
3009264,7.3755355
3009265,305.22717
3009266,92.47739
3009267,1583.9884
3009268,34.310013
3009269,17.238575
3009270,6.6657295
3009271,0.102283016
3009272,5.734144
3009273,3011.7488
3009274,0.062091984
3009275,470.57913
3009276,7.779757
3009277,914.3756
3009278,701.1356
3009279,225.34698
3009280,173.59096
3009281,76.807365
3009282,3681.1304
3009283,20.52972
3009284,1.7936077
3009285,20.714657
3009286,20.75548
3009287,-0.03192371
3009288,168.90247
3009289,6.470411
3009290,15.581421
3009291,11.568438
3009292,81.18377
3009293,6.294787
3009294,331.84323
3009295,248.4584
3009296,5.2588882
3009297,7.2810163
3009298,304.68384
3009299,91.788025
3009300,1584.0458
3009301,34.375908
3009302,17.427872
3009303,6.789299
3009304,0.054629844
3009305,5.866856
3009306,3240.1772
3009307,0.0048225834
3009308,473.85028
3009309,7.6740026
3009310,915.6602
3009311,711.24567
3009312,225.90422
3009313,177.26654
3009314,77.79964
3009315,3694.2847
3009316,20.593088
3009317,1.7800565
3009318,20.589655
3009319,20.610144
3009320,-0.09530327
3009321,168.8118
3009322,6.526677
3009323,17.09213
3009324,11.482999
3009325,81.963234
3009326,6.1705623
3009327,333.6736
3009328,248.72102
3009329,5.258578
3009330,7.408373
3009331,310.8883
3009332,92.79822
3009333,1584.1707
3009334,34.32085
3009335,17.82266
3009336,6.78046
3009337,0.16032948
3009338,5.9844356
3009339,3222.1965
3009340,-0.015946416
3009341,479.12036
3009342,7.650918
3009343,915.1036
3009344,707.58923
3009345,224.67697
3009346,175.50798
3009347,77.08081
3009348,3693.033
3009349,20.49353
3009350,1.7778639
3009351,20.710709
3009352,20.711143
3009353,-0.036108308
3009354,168.76682
3009355,6.4534874
3009356,18.872158
3009357,11.515929
3009358,82.16676
3009359,6.253896
3009360,333.95618
3009361,246.71678
3009362,5.2975154
3009363,7.2699323
3009364,309.1757
3009365,92.774666
3009366,1584.0005
3009367,34.332634
3009368,17.810268
3009369,6.9074316
3009370,0.032610152
3009371,5.733222
3009372,3224.646
3009373,0.013631319
3009374,471.83633
3009375,7.706787
3009376,910.1464
3009377,707.2795
3009378,224.7376
3009379,175.749
3009380,76.919136
3009381,3682.308
3009382,20.588192
3009383,1.7687504
3009384,20.634687
3009385,20.635973
3009386,-0.07133688
3009387,168.84326
3009388,6.4121327
3009389,19.133265
3009390,11.725771
3009391,81.855736
3009392,6.2019186
3009393,333.30756
3009394,246.41629
3009395,5.420123
3009396,7.3197813
3009397,305.07098
3009398,92.845566
3009399,1584.1547
3009400,34.240307
3009401,17.854033
3009402,6.789713
3009403,0.071249984
3009404,5.689978
3009405,3106.3982
3009406,-0.044746634
3009407,468.8733
3009408,7.705233
3009409,910.04767
3009410,705.6932
3009411,224.82881
3009412,173.35582
3009413,76.96958
3009414,3682.8577
3009415,20.627823
3009416,1.7782344
3009417,20.56149
3009418,20.696043
3009419,0.0423412
3009420,168.88196
3009421,6.4156866
3009422,17.0079
3009423,11.480358
3009424,81.058235
3009425,6.1875496
3009426,332.43118
3009427,247.00784
3009428,5.323221
3009429,7.365139
3009430,305.1511
3009431,92.14748
3009432,1584.0775
3009433,34.360207
3009434,17.561844
3009435,6.7796493
3009436,0.13679871
3009437,5.8227763
3009438,3012.1226
3009439,-0.012780591
3009440,468.73853
3009441,7.6857266
3009442,901.45123
3009443,703.2541
3009444,223.35384
3009445,176.14532
3009446,77.13077
3009447,3668.651
3009448,20.584858
3009449,1.7741286
3009450,20.65151
3009451,20.557049
3009452,-0.020779317
3009453,168.88092
3009454,6.364084
3009455,17.057837
3009456,11.611125
3009457,83.53843
3009458,6.3447924
3009459,330.44882
3009460,245.02127
3009461,5.432663
3009462,7.255965
3009463,301.80896
3009464,92.42627
3009465,1584.0435
3009466,34.423225
3009467,17.709581
3009468,6.693295
3009469,0.0121680815
3009470,5.6361017
3009471,3106.494
3009472,0.07557735
3009473,467.9564
3009474,7.666982
3009475,905.54913
3009476,704.08575
3009477,221.48378
3009478,172.87903
3009479,76.68052
3009480,3640.5347
3009481,20.375998
3009482,1.7697564
3009483,20.572594
3009484,20.683617
3009485,-0.04140506
3009486,168.7973
3009487,6.5018764
3009488,17.067465
3009489,11.615619
3009490,83.19238
3009491,6.2460356
3009492,328.90448
3009493,243.76575
3009494,5.306346
3009495,7.226101
3009496,299.90024
3009497,91.67649
3009498,1584.1145
3009499,34.28168
3009500,17.468924
3009501,6.784453
3009502,0.048627455
3009503,5.6528044
3009504,3007.9924
3009505,0.052480627
3009506,469.2994
3009507,7.7290907
3009508,903.55505
3009509,695.70514
3009510,220.52051
3009511,174.55727
3009512,76.53327
3009513,3629.1228
3009514,20.443827
3009515,1.7798235
3009516,20.577116
3009517,20.632948
3009518,-0.14511472
3009519,168.73953
3009520,6.3547363
3009521,16.996595
3009522,11.566703
3009523,82.52351
3009524,6.280349
3009525,327.84988
3009526,241.89532
3009527,5.330443
3009528,7.3172145
3009529,299.82443
3009530,91.31221
3009531,1584.1367
3009532,34.275597
3009533,17.235067
3009534,6.7273545
3009535,0.08405154
3009536,5.728598
3009537,3008.9849
3009538,-0.0063436297
3009539,466.0691
3009540,7.6870394
3009541,905.08624
3009542,696.7258
3009543,219.64957
3009544,174.33139
3009545,76.2488
3009546,3619.5962
3009547,20.233376
3009548,1.7670397
3009549,20.661737
3009550,20.708183
3009551,-0.16294642
3009552,168.9037
3009553,6.553156
3009554,17.072721
3009555,11.574946
3009556,82.32424
3009557,6.2850847
3009558,326.48404
3009559,239.5533
3009560,5.298796
3009561,7.1991506
3009562,297.39944
3009563,92.43164
3009564,1584.0302
3009565,34.313553
3009566,17.41123
3009567,6.773354
3009568,0.09766226
3009569,5.568667
3009570,3007.1787
3009571,-0.07110502
3009572,466.3347
3009573,7.6930194
3009574,892.38983
3009575,690.24554
3009576,219.50201
3009577,172.78363
3009578,76.32069
3009579,3608.9368
3009580,20.152637
3009581,1.7779689
3009582,20.617735
3009583,20.602188
3009584,-0.15697554
3009585,168.77992
3009586,6.427975
3009587,18.711397
3009588,11.476262
3009589,82.28594
3009590,6.3274918
3009591,321.8076
3009592,240.43169
3009593,5.38987
3009594,7.286542
3009595,295.74146
3009596,90.857506
3009597,1584.1506
3009598,34.29586
3009599,17.283066
3009600,6.786862
3009601,-0.032965686
3009602,5.709032
3009603,2992.5022
3009604,-0.026324097
3009605,466.7199
3009606,7.7874203
3009607,891.67035
3009608,695.1993
3009609,218.08391
3009610,173.72453
3009611,75.535446
3009612,3591.0378
3009613,20.125736
3009614,1.775881
3009615,20.728151
3009616,20.763845
3009617,0.004546037
3009618,168.8055
3009619,6.3632374
3009620,17.043455
3009621,11.488977
3009622,82.015686
3009623,6.2721825
3009624,322.3582
3009625,238.21907
3009626,5.2880936
3009627,7.3446455
3009628,295.76465
3009629,92.275345
3009630,1584.2025
3009631,34.33908
3009632,17.01832
3009633,6.845782
3009634,0.01870647
3009635,5.680108
3009636,2969.1711
3009637,0.03252646
3009638,468.91937
3009639,7.676239
3009640,895.92993
3009641,693.94635
3009642,218.20775
3009643,173.32806
3009644,75.77839
3009645,3607.3293
3009646,20.377066
3009647,1.8046948
3009648,20.612005
3009649,20.579357
3009650,-0.13456684
3009651,168.78108
3009652,6.3919306
3009653,18.835358
3009654,11.808568
3009655,82.661476
3009656,6.2504654
3009657,320.76968
3009658,240.5947
3009659,5.3407073
3009660,7.3946004
3009661,297.2185
3009662,91.71287
3009663,1583.9608
3009664,34.401608
3009665,17.269049
3009666,6.857215
3009667,0.092410445
3009668,5.662821
3009669,2985.23
3009670,-0.06186847
3009671,468.44672
3009672,7.728658
3009673,897.7189
3009674,695.9697
3009675,218.42322
3009676,170.80179
3009677,75.80647
3009678,3617.7585
3009679,20.172466
3009680,1.7788124
3009681,20.566532
3009682,20.793203
3009683,-0.058437176
3009684,168.858
3009685,6.38022
3009686,18.723543
3009687,11.755374
3009688,82.53395
3009689,6.291679
3009690,326.70627
3009691,240.4848
3009692,5.3489685
3009693,7.303399
3009694,298.7741
3009695,91.4065
3009696,1584.118
3009697,34.274914
3009698,17.21304
3009699,6.737723
3009700,0.024309397
3009701,5.652116
3009702,2988.938
3009703,0.0018579566
3009704,468.6741
3009705,7.7670197
3009706,893.0869
3009707,693.7511
3009708,217.74458
3009709,173.0381
3009710,75.98294
3009711,3584.4573
3009712,20.408297
3009713,1.7704557
3009714,20.616327
3009715,20.642727
3009716,-0.05169669
3009717,168.86986
3009718,6.4614797
3009719,18.86862
3009720,11.496159
3009721,82.36509
3009722,6.2528033
3009723,320.8768
3009724,239.35574
3009725,5.286015
3009726,7.411358
3009727,291.45575
3009728,90.94436
3009729,1584.0724
3009730,34.420265
3009731,17.301853
3009732,6.9284883
3009733,0.06272443
3009734,5.7330627
3009735,2942.5178
3009736,-0.040183052
3009737,466.15128
3009738,7.870544
3009739,889.02435
3009740,693.322
3009741,217.68626
3009742,170.36789
3009743,75.68016
3009744,3591.7224
3009745,20.26063
3009746,1.8086205
3009747,20.536089
3009748,20.642729
3009749,-0.16727357
3009750,168.84685
3009751,6.4507804
3009752,18.938438
3009753,11.881668
3009754,81.48791
3009755,6.3177533
3009756,320.8771
3009757,238.89705
3009758,5.3382683
3009759,7.372413
3009760,297.2996
3009761,91.20979
3009762,1583.988
3009763,34.427097
3009764,17.251291
3009765,6.740387
3009766,0.05025367
3009767,5.812112
3009768,2938.1255
3009769,0.021748802
3009770,468.8033
3009771,7.775315
3009772,888.80914
3009773,688.81116
3009774,216.94894
3009775,169.6924
3009776,74.94421
3009777,3588.524
3009778,20.234648
3009779,1.7794646
3009780,20.501057
3009781,20.666403
3009782,-0.17110524
3009783,168.85913
3009784,6.3668613
3009785,17.072283
3009786,11.599344
3009787,80.95107
3009788,6.242019
3009789,319.39642
3009790,238.13008
3009791,5.358572
3009792,7.353391
3009793,298.33096
3009794,90.34758
3009795,1584.0344
3009796,34.43246
3009797,16.918669
3009798,6.731937
3009799,0.07652123
3009800,5.7552214
3009801,2918.967
3009802,-0.03901507
3009803,464.78513
3009804,7.700771
3009805,884.0529
3009806,684.27234
3009807,215.17828
3009808,171.70335
3009809,74.35287
3009810,3566.658
3009811,20.3187
3009812,1.7758476
3009813,20.669712
3009814,20.716017
3009815,-0.106507264
3009816,168.85477
3009817,6.5340214
3009818,17.051296
3009819,11.805223
3009820,81.368256
3009821,6.2810235
3009822,318.20386
3009823,237.2572
3009824,5.287388
3009825,7.319504
3009826,291.27863
3009827,90.67216
3009828,1584.0746
3009829,34.324516
3009830,16.910131
3009831,6.9586644
3009832,-0.007403289
3009833,5.5819235
3009834,2980.491
3009835,-0.06578126
3009836,465.9886
3009837,7.76856
3009838,881.3267
3009839,694.53076
3009840,216.71684
3009841,173.32047
3009842,75.14787
3009843,3720.3892
3009844,20.080545
3009845,1.7638274
3009846,20.729668
3009847,20.710215
3009848,-0.039198462
3009849,168.82286
3009850,6.467676
3009851,17.066275
3009852,11.894696
3009853,82.79947
3009854,6.2694144
3009855,319.16632
3009856,249.62427
3009857,5.2904444
3009858,7.2860866
3009859,288.17047
3009860,92.191635
3009861,1584.1373
3009862,34.28301
3009863,17.216913
3009864,6.9803267
3009865,0.090025276
3009866,5.6559386
3009867,2998.0557
3009868,0.08278935
3009869,462.8217
3009870,7.7590923
3009871,880.35846
3009872,698.1047
3009873,217.87773
3009874,173.82953
3009875,75.45063
3009876,3730.5671
3009877,20.41889
3009878,1.7670481
3009879,20.606512
3009880,20.655157
3009881,-0.06038935
3009882,168.87999
3009883,6.5137677
3009884,17.107216
3009885,11.562747
3009886,83.670044
3009887,6.300674
3009888,326.11816
3009889,252.83487
3009890,5.283093
3009891,7.4323235
3009892,298.5911
3009893,93.0977
3009894,1584.1029
3009895,34.3118
3009896,17.29537
3009897,7.059425
3009898,0.15582816
3009899,5.7476354
3009900,3199.2202
3009901,0.056034632
3009902,464.82965
3009903,7.7953405
3009904,896.0711
3009905,707.121
3009906,217.65283
3009907,174.41112
3009908,76.14128
3009909,3785.4148
3009910,20.229792
3009911,1.792461
3009912,20.591568
3009913,20.753733
3009914,-0.081127994
3009915,168.78322
3009916,6.5033603
3009917,18.728657
3009918,11.471435
3009919,83.191376
3009920,6.242305
3009921,333.95016
3009922,253.60101
3009923,5.4096894
3009924,7.3528686
3009925,302.18054
3009926,94.06579
3009927,1584.1868
3009928,34.319386
3009929,17.59683
3009930,7.148652
3009931,0.0032235582
3009932,5.7809553
3009933,3212.7483
3009934,-0.04074327
3009935,469.47406
3009936,7.7223744
3009937,898.5111
3009938,719.90643
3009939,218.9263
3009940,176.76231
3009941,76.8167
3009942,3756.9084
3009943,20.556677
3009944,1.7928007
3009945,20.600903
3009946,20.61778
3009947,-0.14429247
3009948,168.79506
3009949,6.457829
3009950,18.927984
3009951,11.546795
3009952,83.54794
3009953,6.3217974
3009954,333.84485
3009955,254.74165
3009956,5.3415613
3009957,7.2960496
3009958,306.25723
3009959,93.8767
3009960,1584.1228
3009961,34.22928
3009962,17.868431
3009963,7.0618134
3009964,0.0741078
3009965,5.8820066
3009966,3215.113
3009967,0.021118687
3009968,468.40616
3009969,7.6651607
3009970,898.07263
3009971,715.1254
3009972,219.73497
3009973,176.68939
3009974,77.59132
3009975,3788.9285
3009976,20.515074
3009977,1.8043084
3009978,20.695704
3009979,20.73346
3009980,0.017134307
3009981,168.84114
3009982,6.4772334
3009983,18.918783
3009984,11.504022
3009985,80.83762
3009986,6.2623425
3009987,333.30685
3009988,255.73615
3009989,5.3077593
3009990,7.3063245
3009991,307.5782
3009992,94.33574
3009993,1584.0239
3009994,34.246117
3009995,17.614384
3009996,7.0490775
3009997,0.09373403
3009998,5.836213
3009999,3226.1106
3010000,0.03579055
3010001,470.75455
3010002,7.620896
3010003,903.084
3010004,723.0719
3010005,220.57764
3010006,175.59174
3010007,77.873886
3010008,3806.0032
3010009,20.974836
3010010,1.7696296
3010011,20.558695
3010012,20.688864
3010013,-0.03605788
3010014,168.91188
3010015,6.377232
3010016,19.250374
3010017,11.758037
3010018,81.304855
3010019,6.2495766
3010020,336.96082
3010021,255.73615
3010022,5.4178195
3010023,7.195362
3010024,309.35748
3010025,96.283905
3010026,1584.0892
3010027,34.27838
3010028,17.912807
3010029,7.016293
3010030,0.033659536
3010031,5.903106
3010032,3219.1736
3010033,0.11094449
3010034,473.48163
3010035,7.7630153
3010036,916.39526
3010037,722.24585
3010038,220.54094
3010039,177.88379
3010040,78.619354
3010041,3829.3271
3010042,20.559975
3010043,1.7704384
3010044,20.665821
3010045,20.723133
3010046,-0.19624737
3010047,168.74658
3010048,6.464747
3010049,18.710575
3010050,11.744562
3010051,80.74109
3010052,6.293667
3010053,332.3175
3010054,254.38315
3010055,5.378505
3010056,7.3532963
3010057,313.44913
3010058,95.00145
3010059,1584.0496
3010060,34.374912
3010061,17.95161
3010062,7.2592287
3010063,-0.0029894356
3010064,5.946833
3010065,3271.5015
3010066,-0.032402664
3010067,474.80432
3010068,7.7331195
3010069,915.481
3010070,720.7233
3010071,220.49973
3010072,177.86292
3010073,78.86599
3010074,3792.0422
3010075,20.844776
3010076,1.7879258
3010077,20.65677
3010078,20.712463
3010079,-0.147112
3010080,168.78078
3010081,6.455222
3010082,19.245996
3010083,11.741943
3010084,80.90072
3010085,6.3498187
3010086,340.1933
3010087,255.3544
3010088,5.2714515
3010089,7.219498
3010090,315.2734
3010091,96.87213
3010092,1584.0898
3010093,34.29935
3010094,18.154772
3010095,7.1951375
3010096,0.11701391
3010097,5.8973756
3010098,3308.7483
3010099,0.034778826
3010100,482.3734
3010101,7.735328
3010102,916.02765
3010103,730.0298
3010104,220.44038
3010105,181.5378
3010106,78.60255
3010107,3805.4783
3010108,20.372873
3010109,1.779622
3010110,20.605247
3010111,20.740576
3010112,-0.1334907
3010113,168.70819
3010114,6.3912396
3010115,17.076159
3010116,11.735435
3010117,80.791016
3010118,6.2597594
3010119,340.8676
3010120,253.40565
3010121,5.3451667
3010122,7.287825
3010123,315.02032
3010124,95.15569
3010125,1584.149
3010126,34.345745
3010127,18.112555
3010128,7.0591197
3010129,0.06485987
3010130,5.8755755
3010131,3246.7756
3010132,0.058481075
3010133,473.84833
3010134,7.7178836
3010135,896.0333
3010136,722.49005
3010137,219.40526
3010138,178.25847
3010139,77.473915
3010140,3810.4797
3010141,20.460844
3010142,1.7787567
3010143,20.638256
3010144,20.694258
3010145,-0.11716734
3010146,168.79503
3010147,6.377519
3010148,18.80511
3010149,11.482223
3010150,80.809715
3010151,6.268848
3010152,338.41
3010153,250.76207
3010154,5.220469
3010155,7.288124
3010156,311.42657
3010157,96.399925
3010158,1584.099
3010159,34.336803
3010160,17.804281
3010161,6.8691897
3010162,0.03502912
3010163,5.7360735
3010164,3224.1404
3010165,-0.044767853
3010166,464.60364
3010167,7.70699
3010168,890.3458
3010169,711.3038
3010170,216.62971
3010171,173.70653
3010172,76.92011
3010173,3733.3323
3010174,19.872084
3010175,1.8088958
3010176,20.657099
3010177,20.656574
3010178,-0.013147518
3010179,168.88586
3010180,6.4380264
3010181,18.999134
3010182,11.804261
3010183,83.3342
3010184,6.2105823
3010185,334.72433
3010186,252.9101
3010187,5.2827177
3010188,7.384955
3010189,308.51013
3010190,94.57183
3010191,1584.0698
3010192,34.33132
3010193,17.956032
3010194,7.0566406
3010195,0.108002216
3010196,5.6661158
3010197,3106.6213
3010198,0.022581883
3010199,461.34277
3010200,7.7713494
3010201,879.1803
3010202,706.01434
3010203,211.22894
3010204,170.05093
3010205,76.45685
3010206,3675.0972
3010207,20.132261
3010208,1.7977542
3010209,20.67366
3010210,20.65052
3010211,0.021727983
3010212,168.89139
3010213,6.3847265
3010214,17.041967
3010215,11.684778
3010216,82.14321
3010217,6.315061
3010218,337.3622
3010219,247.0301
3010220,5.341552
3010221,7.234053
3010222,302.30267
3010223,94.127144
3010224,1584.0344
3010225,34.365395
3010226,17.61201
3010227,6.8793187
3010228,0.1536138
3010229,5.7651267
3010230,3007.7354
3010231,-0.0018745683
3010232,465.53577
3010233,7.7352376
3010234,870.3185
3010235,701.8989
3010236,211.39198
3010237,175.07744
3010238,76.915054
3010239,3692.7266
3010240,19.7911
3010241,1.7972565
3010242,20.642504
3010243,20.734125
3010244,-0.044960268
3010245,168.8947
3010246,6.491449
3010247,17.090925
3010248,11.759841
3010249,83.292274
3010250,6.2596707
3010251,337.03217
3010252,252.7876
3010253,5.3767076
3010254,7.4112377
3010255,303.29993
3010256,94.05651
3010257,1584.0089
3010258,34.41661
3010259,17.775578
3010260,6.9919543
3010261,0.025991913
3010262,5.794282
3010263,3205.4626
3010264,-0.07585026
3010265,460.6671
3010266,7.7681556
3010267,878.94696
3010268,721.17084
3010269,211.75948
3010270,175.42694
3010271,76.955635
3010272,3729.186
3010273,20.152842
3010274,1.7706264
3010275,20.641935
3010276,20.765078
3010277,-0.09917334
3010278,168.90791
3010279,6.5506983
3010280,18.743073
3010281,11.718366
3010282,83.36322
3010283,6.1838093
3010284,336.31857
3010285,250.48123
3010286,5.4606085
3010287,7.274137
3010288,304.59412
3010289,95.53377
3010290,1584.046
3010291,34.366917
3010292,18.079647
3010293,7.1489615
3010294,0.08903277
3010295,5.8333015
3010296,3232.4146
3010297,0.070000134
3010298,462.82355
3010299,7.816312
3010300,884.1892
3010301,726.8551
3010302,211.2344
3010303,178.69197
3010304,77.156364
3010305,3706.177
3010306,20.568422
3010307,1.7772899
3010308,20.66974
3010309,20.71064
3010310,-0.19848351
3010311,168.78577
3010312,6.3830633
3010313,18.758303
3010314,11.857563
3010315,81.08676
3010316,6.3262563
3010317,340.09448
3010318,251.94626
3010319,5.4378257
3010320,7.289115
3010321,305.91995
3010322,97.82163
3010323,1584.0469
3010324,34.45035
3010325,18.06095
3010326,6.935476
3010327,0.082443826
3010328,5.786012
3010329,3219.2375
3010330,-0.015016438
3010331,474.17136
3010332,7.6469765
3010333,882.232
3010334,725.9798
3010335,214.42717
3010336,177.63773
3010337,77.2832
3010338,3725.1743
3010339,20.391039
3010340,1.7904207
3010341,20.615273
3010342,20.626358
3010343,-0.13505358
3010344,168.87592
3010345,6.5185585
3010346,19.030382
3010347,11.766408
3010348,80.90876
3010349,6.324226
3010350,338.27185
3010351,250.78638
3010352,5.3074484
3010353,7.3427987
3010354,311.7682
3010355,97.70824
3010356,1584.1298
3010357,34.36639
3010358,18.15072
3010359,6.9901643
3010360,0.14485578
3010361,5.850119
3010362,3266.084
3010363,-0.03175226
3010364,468.43936
3010365,7.805206
3010366,891.3037
3010367,732.227
3010368,216.50569
3010369,179.10452
3010370,77.22531
3010371,3702.6394
3010372,20.76759
3010373,1.7780154
3010374,20.67571
3010375,20.718233
3010376,-0.048404362
3010377,168.8625
3010378,6.5632806
3010379,18.949883
3010380,11.893183
3010381,71.964905
3010382,6.1630464
3010383,340.42267
3010384,251.42606
3010385,5.2373857
3010386,7.3269844
3010387,313.40552
3010388,98.634926
3010389,1584.099
3010390,34.33929
3010391,18.136116
3010392,7.046522
3010393,0.075984545
3010394,5.7498016
3010395,3246.616
3010396,0.027347162
3010397,468.22504
3010398,7.7234535
3010399,885.3283
3010400,724.5365
3010401,214.89684
3010402,174.77718
3010403,76.39682
3010404,3711.3354
3010405,20.783915
3010406,1.7727664
3010407,20.551397
3010408,20.69831
3010409,-0.06231977
3010410,168.89796
3010411,6.51655
3010412,18.913265
3010413,11.790224
3010414,82.93528
3010415,6.191513
3010416,336.71136
3010417,249.98567
3010418,5.423809
3010419,7.297953
3010420,311.89346
3010421,98.80434
3010422,1584.1619
3010423,34.236393
3010424,18.104755
3010425,7.289575
3010426,0.11577918
3010427,5.820358
3010428,3335.6252
3010429,-0.061971262
3010430,474.08975
3010431,7.7308216
3010432,895.0189
3010433,728.6329
3010434,215.05458
3010435,173.64543
3010436,76.77103
3010437,3784.4568
3010438,20.795645
3010439,1.7785692
3010440,20.680618
3010441,20.744047
3010442,-0.08773385
3010443,168.74652
3010444,6.458201
3010445,19.441296
3010446,11.93976
3010447,81.30535
3010448,6.332776
3010449,336.80194
3010450,254.45872
3010451,5.3875847
3010452,7.3169475
3010453,314.7986
3010454,98.891075
3010455,1584.1412
3010456,34.336136
3010457,18.126192
3010458,7.223421
3010459,0.08449433
3010460,5.87614
3010461,3312.9187
3010462,-0.004234754
3010463,472.38608
3010464,7.73237
3010465,890.24036
3010466,728.12726
3010467,215.34166
3010468,170.99687
3010469,76.47089
3010470,3704.0403
3010471,20.443022
3010472,1.773101
3010473,20.646822
3010474,20.656368
3010475,-0.0317025
3010476,168.79276
3010477,6.4841704
3010478,18.871597
3010479,11.958874
3010480,83.34739
3010481,6.226406
3010482,338.11356
3010483,250.22272
3010484,5.358888
3010485,7.2830305
3010486,312.2247
3010487,96.815796
3010488,1584.031
3010489,34.378693
3010490,17.999437
3010491,7.059401
3010492,0.18092972
3010493,5.8122106
3010494,3343.4321
3010495,0.024158645
3010496,470.52103
3010497,7.6998677
3010498,886.1428
3010499,729.1408
3010500,217.21031
3010501,172.99966
3010502,75.75934
3010503,3754.1907
3010504,20.571495
3010505,1.769896
3010506,20.611237
3010507,20.61441
3010508,-0.080020145
3010509,168.81372
3010510,6.547752
3010511,19.14554
3010512,11.523889
3010513,81.17355
3010514,6.2607045
3010515,338.27386
3010516,249.36636
3010517,5.4429684
3010518,7.2798915
3010519,311.048
3010520,96.45949
3010521,1584.1204
3010522,34.354378
3010523,18.087122
3010524,7.296971
3010525,0.03226574
3010526,5.8043804
3010527,3309.592
3010528,0.06514716
3010529,469.27603
3010530,7.7060814
3010531,888.32837
3010532,716.19336
3010533,217.75072
3010534,173.0001
3010535,75.06543
3010536,3721.3608
3010537,20.14867
3010538,1.7895671
3010539,20.622574
3010540,20.719307
3010541,-0.033893418
3010542,168.8631
3010543,6.541313
3010544,18.904741
3010545,11.605809
3010546,83.70841
3010547,6.1543417
3010548,341.34833
3010549,250.447
3010550,5.252728
3010551,7.254254
3010552,310.95944
3010553,94.62377
3010554,1584.1923
3010555,34.287994
3010556,18.063288
3010557,6.996184
3010558,0.14919479
3010559,5.7442536
3010560,3275.3008
3010561,-0.0660882
3010562,467.6232
3010563,7.7805166
3010564,888.7598
3010565,716.6074
3010566,214.0529
3010567,169.361
3010568,74.60883
3010569,3702.3633
3010570,20.13517
3010571,1.7998534
3010572,20.664557
3010573,20.709824
3010574,-0.13132805
3010575,168.80122
3010576,6.4551497
3010577,18.83381
3010578,11.766569
3010579,83.564545
3010580,6.2880816
3010581,338.00818
3010582,250.46005
3010583,5.3480515
3010584,7.251334
3010585,311.60104
3010586,93.93841
3010587,1583.9867
3010588,34.379482
3010589,17.991945
3010590,7.033918
3010591,0.046435628
3010592,5.7820826
3010593,3218.2798
3010594,-0.028697634
3010595,465.1191
3010596,7.7471604
3010597,889.64307
3010598,705.18805
3010599,216.02321
3010600,173.38234
3010601,74.80574
3010602,3682.3816
3010603,20.069094
3010604,1.7723701
3010605,20.66637
3010606,20.762945
3010607,-0.17335431
3010608,168.75153
3010609,6.494437
3010610,18.776201
3010611,11.813767
3010612,82.88198
3010613,6.2843995
3010614,332.0248
3010615,251.01587
3010616,5.3389487
3010617,7.415495
3010618,306.33307
3010619,93.4883
3010620,1584.1577
3010621,34.237625
3010622,17.795086
3010623,6.9079275
3010624,0.0133043025
3010625,5.793075
3010626,3209.0767
3010627,-0.024246465
3010628,463.38437
3010629,7.70323
3010630,888.445
3010631,696.85315
3010632,213.97575
3010633,169.36452
3010634,74.38253
3010635,3683.3088
3010636,19.840563
3010637,1.780031
3010638,20.584759
3010639,20.63723
3010640,-0.037387352
3010641,168.77724
3010642,6.4854913
3010643,18.78169
3010644,11.855886
3010645,82.814995
3010646,6.154252
3010647,337.12708
3010648,246.3226
3010649,5.3234835
3010650,7.329526
3010651,306.15564
3010652,93.66255
3010653,1584.0497
3010654,34.296944
3010655,17.476292
3010656,7.054703
3010657,0.078742296
3010658,5.724859
3010659,3239.1135
3010660,-0.02023419
3010661,467.0542
3010662,7.6957674
3010663,888.30023
3010664,699.2748
3010665,212.78925
3010666,169.33536
3010667,74.14097
3010668,3677.0574
3010669,20.096205
3010670,1.779309
3010671,20.57452
3010672,20.652798
3010673,-0.1478833
3010674,168.8429
3010675,6.382091
3010676,18.759474
3010677,11.868101
3010678,82.3556
3010679,6.336814
3010680,337.44388
3010681,249.28073
3010682,5.3042803
3010683,7.3839297
3010684,305.9638
3010685,93.3103
3010686,1584.1495
3010687,34.365486
3010688,17.505554
3010689,7.039176
3010690,0.03282965
3010691,5.6895757
3010692,3214.1086
3010693,0.055476435
3010694,467.80847
3010695,7.7075863
3010696,893.0542
3010697,702.1651
3010698,212.40182
3010699,169.31702
3010700,74.498276
3010701,3675.4407
3010702,20.396002
3010703,1.773504
3010704,20.572706
3010705,20.59752
3010706,-0.07013621
3010707,168.8324
3010708,6.490324
3010709,18.819124
3010710,11.816456
3010711,80.8357
3010712,6.2034097
3010713,334.8123
3010714,246.33302
3010715,5.2726216
3010716,7.344939
3010717,303.04016
3010718,93.729996
3010719,1584.082
3010720,34.244396
3010721,17.56255
3010722,6.971085
3010723,0.055598713
3010724,5.8163395
3010725,3241.2236
3010726,-0.008409114
3010727,467.40338
3010728,7.7541695
3010729,887.0731
3010730,697.7271
3010731,210.56534
3010732,170.50082
3010733,74.21159
3010734,3651.7354
3010735,19.907598
3010736,1.7716942
3010737,20.726583
3010738,20.663692
3010739,-0.17617002
3010740,168.82428
3010741,6.4583097
3010742,18.951977
3010743,12.085177
3010744,83.08316
3010745,6.134936
3010746,335.11887
3010747,242.79233
3010748,5.2894506
3010749,7.4413695
3010750,302.1297
3010751,92.73431
3010752,1584.1156
3010753,34.36318
3010754,17.636759
3010755,7.1131506
3010756,0.063352056
3010757,5.707893
3010758,3004.6333
3010759,0.027586197
3010760,466.90186
3010761,7.7174497
3010762,883.99176
3010763,705.1831
3010764,210.56834
3010765,170.40454
3010766,74.178406
3010767,3624.7312
3010768,20.12224
3010769,1.7987994
3010770,20.599297
3010771,20.718805
3010772,-0.18298662
3010773,168.76108
3010774,6.500734
3010775,18.957815
3010776,11.85972
3010777,81.72734
3010778,6.2925267
3010779,334.31543
3010780,245.92244
3010781,5.3019385
3010782,7.33209
3010783,299.85547
3010784,93.2982
3010785,1584.0078
3010786,34.30663
3010787,17.28193
3010788,6.949442
3010789,0.05581608
3010790,5.7730637
3010791,3008.327
3010792,0.095865205
3010793,465.11066
3010794,7.728654
3010795,880.12634
3010796,697.8929
3010797,210.584
3010798,174.66182
3010799,74.80553
3010800,3619.2715
3010801,20.116877
3010802,1.775682
3010803,20.666964
3010804,20.734694
3010805,-0.09978853
3010806,168.78394
3010807,6.4818974
3010808,19.032394
3010809,11.883351
3010810,82.43279
3010811,6.1522384
3010812,332.96912
3010813,243.99072
3010814,5.2803383
3010815,7.405336
3010816,300.2221
3010817,92.8146
3010818,1584.0745
3010819,34.327534
3010820,17.335133
3010821,6.907871
3010822,0.09945414
3010823,5.782235
3010824,2961.218
3010825,-0.066679835
3010826,465.18112
3010827,7.786886
3010828,871.7892
3010829,694.42505
3010830,210.73816
3010831,169.65321
3010832,74.24806
3010833,3598.4136
3010834,19.951195
3010835,1.7736077
3010836,20.64558
3010837,20.642403
3010838,-0.11196409
3010839,168.76643
3010840,6.505167
3010841,18.767757
3010842,11.876893
3010843,81.538826
3010844,6.2843895
3010845,334.40085
3010846,241.46167
3010847,5.3656554
3010848,7.349974
3010849,296.7422
3010850,92.307884
3010851,1584.0653
3010852,34.330708
3010853,17.261017
3010854,6.988031
3010855,0.14662445
3010856,5.725645
3010857,2997.241
3010858,-0.08870387
3010859,465.84137
3010860,7.7015443
3010861,873.0302
3010862,693.2618
3010863,210.65216
3010864,171.23647
3010865,74.66313
3010866,3610.812
3010867,20.383781
3010868,1.7628454
3010869,20.63295
3010870,20.586145
3010871,-0.08229386
3010872,168.82184
3010873,6.3794374
3010874,18.843401
3010875,11.6804695
3010876,81.82028
3010877,6.288768
3010878,338.52084
3010879,242.4212
3010880,5.369508
3010881,7.2846723
3010882,291.66635
3010883,91.80283
3010884,1584.0336
3010885,34.24795
3010886,17.314732
3010887,6.8576565
3010888,0.10743539
3010889,5.7746058
3010890,3212.6384
3010891,0.09546716
3010892,465.7404
3010893,7.70946
3010894,883.09
3010895,704.7692
3010896,211.59116
3010897,172.6885
3010898,74.71725
3010899,3612.2524
3010900,20.092579
3010901,1.7904073
3010902,20.648323
3010903,20.681232
3010904,-0.13305548
3010905,168.80003
3010906,6.4664774
3010907,18.749271
3010908,11.88231
3010909,81.72041
3010910,6.1544824
3010911,335.2529
3010912,242.6658
3010913,5.3531847
3010914,7.2949085
3010915,299.63565
3010916,92.51961
3010917,1584.1448
3010918,34.454346
3010919,17.538189
3010920,6.896247
3010921,0.14106981
3010922,5.774257
3010923,3211.546
3010924,-0.00013124142
3010925,465.91278
3010926,7.765928
3010927,879.0396
3010928,698.453
3010929,213.37752
3010930,170.7221
3010931,74.72012
3010932,3616.6313
3010933,20.20548
3010934,1.7818556
3010935,20.598053
3010936,20.555468
3010937,-0.10112413
3010938,168.87349
3010939,6.3900657
3010940,18.925068
3010941,11.5601845
3010942,82.925156
3010943,6.3029895
3010944,338.38098
3010945,242.5892
3010946,5.3040166
3010947,7.2974663
3010948,297.88922
3010949,91.90742
3010950,1584.0779
3010951,34.36567
3010952,17.29436
3010953,6.9872737
3010954,0.08293108
3010955,5.710849
3010956,3010.694
3010957,0.017500348
3010958,463.91525
3010959,7.7869787
3010960,878.03766
3010961,693.3426
3010962,213.52245
3010963,169.71979
3010964,74.36276
3010965,3594.3328
3010966,19.989937
3010967,1.8014452
3010968,20.61955
3010969,20.616606
3010970,-0.062088896
3010971,168.85825
3010972,6.4432507
3010973,18.978905
3010974,11.797255
3010975,83.055305
3010976,6.269613
3010977,339.99866
3010978,239.993
3010979,5.35446
3010980,7.3039093
3010981,298.26947
3010982,91.93757
3010983,1584.0895
3010984,34.45791
3010985,17.462946
3010986,6.7642508
3010987,0.0067040105
3010988,5.754532
3010989,3005.3535
3010990,-0.062828265
3010991,464.05304
3010992,7.8339367
3010993,879.2616
3010994,690.57983
3010995,214.32101
3010996,167.8825
3010997,74.66901
3010998,3605.8074
3010999,19.927855
3011000,1.7716557
3011001,20.609943
3011002,20.75871
3011003,-0.07863743
3011004,168.80876
3011005,6.4821258
3011006,18.986637
3011007,11.565656
3011008,82.21886
3011009,6.2762856
3011010,339.436
3011011,240.249
3011012,5.450437
3011013,7.2686887
3011014,300.9828
3011015,91.56759
3011016,1584.0857
3011017,34.298138
3011018,17.311716
3011019,6.8625484
3011020,0.07999972
3011021,5.7511096
3011022,2996.252
3011023,0.030734293
3011024,463.6582
3011025,7.710786
3011026,871.8866
3011027,692.8563
3011028,212.8989
3011029,170.62563
3011030,74.37767
3011031,3580.1577
3011032,20.169193
3011033,1.7682594
3011034,20.619955
3011035,20.712317
3011036,-0.10676628
3011037,168.83559
3011038,6.5747356
3011039,18.829346
3011040,11.818846
3011041,82.1425
3011042,6.2981443
3011043,335.19608
3011044,239.63416
3011045,5.324868
3011046,7.233061
3011047,299.94315
3011048,92.49773
3011049,1584.0721
3011050,34.27149
3011051,17.34437
3011052,6.904291
3011053,0.06932978
3011054,5.666103
3011055,2979.1392
3011056,-0.009455776
3011057,465.32263
3011058,7.7643404
3011059,877.3704
3011060,695.276
3011061,215.9459
3011062,170.23514
3011063,75.149185
3011064,3580.486
3011065,20.190056
3011066,1.703326
3011067,20.559376
3011068,20.715542
3011069,-0.07629445
3011070,168.88
3011071,6.4506407
3011072,19.197723
3011073,11.859391
3011074,82.07896
3011075,6.242634
3011076,342.1831
3011077,241.25587
3011078,5.3567634
3011079,7.367312
3011080,298.83347
3011081,92.1255
3011082,1584.0765
3011083,34.249092
3011084,17.518137
3011085,6.7814703
3011086,0.10762268
3011087,5.799101
3011088,3217.3008
3011089,0.021015653
3011090,465.4636
3011091,7.6920257
3011092,880.8437
3011093,710.8071
3011094,216.77364
3011095,174.6081
3011096,75.6459
3011097,3581.7856
3011098,20.200373
3011099,1.7707381
3011100,20.554337
3011101,20.582348
3011102,-0.08341929
3011103,168.91414
3011104,6.4490747
3011105,18.863075
3011106,12.078703
3011107,82.95953
3011108,6.2569227
3011109,340.73233
3011110,240.8273
3011111,5.2469597
3011112,7.2956023
3011113,304.49847
3011114,92.099785
3011115,1584.0444
3011116,34.25592
3011117,17.684874
3011118,6.7367063
3011119,0.091929056
3011120,5.883686
3011121,3018.0105
3011122,-0.055983778
3011123,472.9034
3011124,7.71277
3011125,879.2967
3011126,702.82245
3011127,215.84346
3011128,174.07314
3011129,75.260765
3011130,3573.728
3011131,20.045462
3011132,1.7785989
3011133,20.631561
3011134,20.598045
3011135,-0.005472776
3011136,168.88185
3011137,6.4890027
3011138,19.17956
3011139,11.701313
3011140,83.48218
3011141,6.1759667
3011142,338.78882
3011143,238.70132
3011144,5.3545203
3011145,7.2899528
3011146,304.47934
3011147,92.33231
3011148,1584.1085
3011149,34.366535
3011150,17.770569
3011151,6.801762
3011152,0.04809407
3011153,5.657711
3011154,3194.5803
3011155,-1.5971424e-05
3011156,466.93512
3011157,7.670286
3011158,875.4593
3011159,704.266
3011160,215.67715
3011161,173.33203
3011162,74.8865
3011163,3595.8503
3011164,20.176613
3011165,1.8036373
3011166,20.614277
3011167,20.612053
3011168,-0.07350612
3011169,168.87103
3011170,6.5048943
3011171,19.230042
3011172,11.997713
3011173,83.33238
3011174,6.2241683
3011175,338.61005
3011176,238.37953
3011177,5.287124
3011178,7.231873
3011179,299.12906
3011180,91.890015
3011181,1584.102
3011182,34.402195
3011183,17.770535
3011184,6.788987
3011185,0.077751875
3011186,5.891452
3011187,2990.14
3011188,-0.006682004
3011189,464.06467
3011190,7.7610126
3011191,871.4181
3011192,703.0768
3011193,216.82591
3011194,171.07181
3011195,74.96363
3011196,3575.0103
3011197,20.10963
3011198,1.8098074
3011199,20.599594
3011200,20.662104
3011201,-0.12501404
3011202,168.91846
3011203,6.375155
3011204,18.72424
3011205,11.684262
3011206,80.80622
3011207,6.1620245
3011208,337.0623
3011209,238.19843
3011210,5.4425244
3011211,7.402494
3011212,301.66443
3011213,91.666626
3011214,1584.135
3011215,34.36998
3011216,17.380009
3011217,6.8567753
3011218,0.090179056
3011219,5.7546086
3011220,2984.7334
3011221,-0.059694286
3011222,464.02005
3011223,7.7313414
3011224,866.9704
3011225,700.1504
3011226,215.66122
3011227,173.34853
3011228,75.20894
3011229,3571.1653
3011230,20.231857
3011231,1.8051846
3011232,20.64623
3011233,20.736792
3011234,-0.013204744
3011235,168.91139
3011236,6.4800057
3011237,18.822508
3011238,11.824443
3011239,80.905525
3011240,6.1495223
3011241,337.97348
3011242,237.96213
3011243,5.269589
3011244,7.2976985
3011245,297.81265
3011246,91.90303
3011247,1583.9841
3011248,34.451294
3011249,17.511702
3011250,6.6730833
3011251,0.15550521
3011252,5.7605
3011253,2999.1238
3011254,0.09004952
3011255,464.0143
3011256,7.754952
3011257,870.8991
3011258,698.8363
3011259,215.02585
3011260,170.13593
3011261,74.74716
3011262,3532.6665
3011263,20.027267
3011264,1.7226989
3011265,20.59073
3011266,20.717113
3011267,-0.11205374
3011268,168.80347
3011269,6.4753942
3011270,17.065695
3011271,11.816234
3011272,83.37138
3011273,6.261466
3011274,337.62186
3011275,235.88712
3011276,5.2808223
3011277,7.378393
3011278,291.5989
3011279,91.178825
3011280,1584.0818
3011281,34.3221
3011282,17.37783
3011283,6.139697
3011284,0.08421258
3011285,5.7366104
3011286,2979.8428
3011287,0.024981428
3011288,463.46548
3011289,7.812761
3011290,869.45795
3011291,690.83984
3011292,213.96994
3011293,172.71248
3011294,74.821465
3011295,3529.1582
3011296,20.023743
3011297,1.7685572
3011298,20.613836
3011299,20.691463
3011300,-0.025294026
3011301,168.81824
3011302,6.486919
3011303,17.0443
3011304,11.884336
3011305,80.73067
3011306,6.345796
3011307,333.29813
3011308,233.8292
3011309,5.3476534
3011310,7.278461
3011311,296.54355
3011312,90.94551
3011313,1584.1937
3011314,34.233448
3011315,16.88797
3011316,6.7202487
3011317,0.032838017
3011318,5.740579
3011319,2986.0928
3011320,-0.09630741
3011321,463.9505
3011322,7.735468
3011323,870.2284
3011324,693.43604
3011325,212.63127
3011326,171.52057
3011327,74.58354
3011328,3530.5537
3011329,19.767767
3011330,1.7848537
3011331,20.58043
3011332,20.704145
3011333,-0.09940081
3011334,168.72974
3011335,6.5407653
3011336,18.766098
3011337,11.895195
3011338,71.97701
3011339,6.1796613
3011340,332.15982
3011341,232.08508
3011342,5.3391323
3011343,7.191387
3011344,291.14395
3011345,91.947
3011346,1584.0553
3011347,34.428337
3011348,17.354641
3011349,6.8417664
3011350,0.056117203
3011351,5.5998154
3011352,2979.6184
3011353,0.04244812
3011354,461.7002
3011355,7.7674046
3011356,857.4506
3011357,687.5075
3011358,211.84795
3011359,170.8179
3011360,74.30431
3011361,3516.6855
3011362,19.905594
3011363,1.7671225
3011364,20.65469
3011365,20.737194
3011366,-0.14419901
3011367,168.89536
3011368,6.485453
3011369,17.153893
3011370,11.885024
3011371,83.260025
3011372,6.280224
3011373,333.40622
3011374,233.75082
3011375,5.333987
3011376,7.3725843
3011377,288.879
3011378,90.70732
3011379,1584.0553
3011380,34.32882
3011381,17.246298
3011382,6.7065763
3011383,0.048930768
3011384,5.685853
3011385,2977.712
3011386,0.06813449
3011387,463.50043
3011388,7.676521
3011389,857.12854
3011390,693.6898
3011391,211.28719
3011392,171.61656
3011393,73.91097
3011394,3514.754
3011395,19.608078
3011396,1.7868799
3011397,20.64104
3011398,20.591322
3011399,-0.18237649
3011400,168.76749
3011401,6.3885555
3011402,18.760101
3011403,11.793764
3011404,83.75341
3011405,6.3442874
3011406,333.32736
3011407,231.60555
3011408,5.30332
3011409,7.1969004
3011410,288.5564
3011411,92.092316
3011412,1584.0605
3011413,34.33763
3011414,17.192102
3011415,6.8378
3011416,0.13853832
3011417,5.6254873
3011418,2953.5405
3011419,0.045238353
3011420,465.00726
3011421,7.7892823
3011422,861.7393
3011423,692.478
3011424,212.08315
3011425,170.82327
3011426,73.881935
3011427,3516.9563
3011428,20.177914
3011429,1.772409
3011430,20.636217
3011431,20.600676
3011432,-0.22491564
3011433,168.86542
3011434,6.419257
3011435,17.157858
3011436,11.988092
3011437,80.75101
3011438,6.190562
3011439,332.8882
3011440,233.47379
3011441,5.3029575
3011442,7.3423376
3011443,289.32327
3011444,91.86682
3011445,1584.1633
3011446,34.395237
3011447,17.237528
3011448,6.7405715
3011449,0.03375831
3011450,5.735911
3011451,2974.9822
3011452,-0.03542167
3011453,466.40662
3011454,7.7397795
3011455,863.36646
3011456,694.2557
3011457,213.12256
3011458,169.5786
3011459,74.07104
3011460,3521.8777
3011461,19.969236
3011462,1.8077552
3011463,20.642271
3011464,20.683317
3011465,-0.06527084
3011466,168.78358
3011467,6.467376
3011468,18.999578
3011469,11.979371
3011470,83.66389
3011471,6.2770815
3011472,334.2564
3011473,233.48428
3011474,5.347304
3011475,7.434385
3011476,291.41327
3011477,91.492966
3011478,1584.0834
3011479,34.32322
3011480,17.206991
3011481,6.820973
3011482,0.13102283
3011483,5.8426833
3011484,2971.2698
3011485,0.0013791322
3011486,465.5012
3011487,7.669457
3011488,856.0637
3011489,690.91644
3011490,212.41591
3011491,170.91687
3011492,74.03623
3011493,3477.396
3011494,19.964115
3011495,1.780088
3011496,20.626978
3011497,20.682978
3011498,-0.0042771325
3011499,168.81726
3011500,6.493679
3011501,19.126726
3011502,11.768677
3011503,82.23945
3011504,6.227009
3011505,333.40045
3011506,229.09315
3011507,5.3711205
3011508,7.34194
3011509,288.12598
3011510,91.1296
3011511,1584.071
3011512,34.333565
3011513,17.319168
3011514,6.8999453
3011515,0.08453176
3011516,5.632962
3011517,2938.8538
3011518,-0.039101787
3011519,465.58167
3011520,7.6562653
3011521,855.8714
3011522,691.4722
3011523,212.32045
3011524,169.76212
3011525,73.82875
3011526,3468.5254
3011527,19.744709
3011528,1.7785122
3011529,20.536875
3011530,20.568047
3011531,-0.06570547
3011532,168.88507
3011533,6.502247
3011534,19.028313
3011535,12.078706
3011536,83.450035
3011537,6.2800403
3011538,334.00858
3011539,228.43022
3011540,5.439223
3011541,7.371007
3011542,289.77365
3011543,90.831856
3011544,1584.052
3011545,34.378372
3011546,17.32029
3011547,6.656733
3011548,-0.02234933
3011549,5.734854
3011550,2929.4717
3011551,0.049462277
3011552,466.06216
3011553,7.6101294
3011554,857.3659
3011555,688.7702
3011556,211.4211
3011557,169.54173
3011558,73.58064
3011559,3483.843
3011560,19.92178
3011561,1.756108
3011562,20.637857
3011563,20.780754
3011564,0.0021439882
3011565,168.87625
3011566,6.422547
3011567,18.894085
3011568,11.95088
3011569,83.17376
3011570,6.3281417
3011571,334.17484
3011572,228.2988
3011573,5.297835
3011574,7.365619
3011575,291.38065
3011576,89.98469
3011577,1584.1711
3011578,34.32137
3011579,16.815702
3011580,6.743431
3011581,0.18748313
3011582,5.6541395
3011583,2926.3213
3011584,-0.060175892
3011585,460.76422
3011586,7.6833386
3011587,847.4076
3011588,682.7125
3011589,209.97963
3011590,171.54178
3011591,72.867615
3011592,3423.748
3011593,20.023453
3011594,1.7923477
3011595,20.727432
3011596,20.590494
3011597,-0.21474403
3011598,168.80339
3011599,6.507116
3011600,18.82448
3011601,12.0084715
3011602,83.23457
3011603,6.2329483
3011604,331.01294
3011605,226.73863
3011606,5.356717
3011607,7.2962484
3011608,286.7758
3011609,90.21823
3011610,1584.1241
3011611,34.264942
3011612,17.006697
3011613,6.8768444
3011614,0.06537695
3011615,5.620487
3011616,3001.0762
3011617,-0.036144003
3011618,463.7851
3011619,7.6865215
3011620,847.32324
3011621,699.2461
3011622,211.67381
3011623,173.48111
3011624,73.4923
3011625,3434.2068
3011626,20.053871
3011627,1.733736
3011628,20.594103
3011629,20.640228
3011630,-0.12444856
3011631,168.83398
3011632,6.4017105
3011633,17.090296
3011634,11.795262
3011635,83.1263
3011636,6.326309
3011637,332.8441
3011638,223.70972
3011639,5.30573
3011640,7.3203745
3011641,284.2504
3011642,92.98551
3011643,1583.975
3011644,34.246403
3011645,17.25319
3011646,6.777287
3011647,0.12595585
3011648,5.5775437
3011649,3198.6917
3011650,0.106055
3011651,465.44205
3011652,7.747907
3011653,846.1064
3011654,706.6229
3011655,212.74858
3011656,174.53496
3011657,74.09637
3011658,3474.0142
3011659,20.400202
3011660,1.7807148
3011661,20.672453
3011662,20.636562
3011663,0.010180436
3011664,168.79695
3011665,6.4151115
3011666,18.926176
3011667,11.8695
3011668,80.723495
3011669,6.1875873
3011670,334.31763
3011671,223.55347
3011672,5.2980766
3011673,7.248849
3011674,289.23572
3011675,93.45965
3011676,1584.1603
3011677,34.2677
3011678,17.031525
3011679,6.86103
3011680,0.031528633
3011681,5.6463213
3011682,3227.387
3011683,0.017056562
3011684,462.6927
3011685,7.7272277
3011686,858.60376
3011687,712.9292
3011688,213.0081
3011689,175.42441
3011690,75.0251
3011691,3493.892
3011692,20.379368
3011693,1.7775487
3011694,20.594954
3011695,20.5996
3011696,-0.02275347
3011697,168.88254
3011698,6.4888396
3011699,19.199621
3011700,11.957756
3011701,82.54136
3011702,6.150055
3011703,337.31122
3011704,225.07869
3011705,5.2841296
3011706,7.37014
3011707,295.6352
3011708,94.392685
3011709,1584.1257
3011710,34.319115
3011711,17.379185
3011712,6.975724
3011713,0.09026971
3011714,5.687099
3011715,3245.5242
3011716,-0.02788576
3011717,468.99643
3011718,7.729658
3011719,858.7445
3011720,726.90674
3011721,215.10423
3011722,178.2432
3011723,76.10284
3011724,3540.7566
3011725,20.62991
3011726,1.7762822
3011727,20.581888
3011728,20.716047
3011729,-0.13723867
3011730,168.80328
3011731,6.416411
3011732,19.26762
3011733,11.991242
3011734,83.46683
3011735,6.2211866
3011736,336.56546
3011737,228.30269
3011738,5.328433
3011739,7.3045135
3011740,298.11066
3011741,94.34143
3011742,1584.1217
3011743,34.303528
3011744,17.648819
3011745,6.9061255
3011746,0.1289269
3011747,5.799613
3011748,3222.5728
3011749,0.051238768
3011750,471.812
3011751,7.66348
3011752,858.86084
3011753,725.79926
3011754,216.32529
3011755,178.05516
3011756,76.62113
3011757,3522.7227
3011758,20.76898
3011759,1.8152581
3011760,20.603243
3011761,20.69499
3011762,-0.046780724
3011763,168.90219
3011764,6.510503
3011765,19.112236
3011766,12.04555
3011767,83.26729
3011768,6.331309
3011769,335.4354
3011770,227.2185
3011771,5.4402804
3011772,7.308188
3011773,301.30646
3011774,94.778946
3011775,1584.0056
3011776,34.249184
3011777,17.30133
3011778,7.030663
3011779,0.06321285
3011780,5.734946
3011781,3248.144
3011782,0.060320262
3011783,475.87827
3011784,7.810975
3011785,862.2667
3011786,731.58936
3011787,215.73227
3011788,178.11345
3011789,77.2758
3011790,3531.07
3011791,20.80582
3011792,1.7882708
3011793,20.627869
3011794,20.78412
3011795,-0.08674554
3011796,168.91866
3011797,6.426565
3011798,19.036163
3011799,12.1036625
3011800,81.13813
3011801,6.2475452
3011802,340.43015
3011803,229.08574
3011804,5.3294683
3011805,7.412063
3011806,302.33084
3011807,96.794815
3011808,1583.9603
3011809,34.35495
3011810,17.76587
3011811,7.019893
3011812,0.15820898
3011813,5.831502
3011814,3232.7505
3011815,-0.04133845
3011816,478.00616
3011817,7.6643844
3011818,873.8719
3011819,733.38104
3011820,216.6236
3011821,178.86462
3011822,77.91534
3011823,3567.514
3011824,21.090525
3011825,1.8070481
3011826,20.66473
3011827,20.72047
3011828,-0.027909657
3011829,168.74065
3011830,6.4147058
3011831,18.962854
3011832,12.054485
3011833,83.613655
3011834,6.2845874
3011835,339.12494
3011836,232.95465
3011837,5.2800007
3011838,7.283488
3011839,305.90677
3011840,96.36498
3011841,1584.0929
3011842,34.399296
3011843,17.71763
3011844,6.8354907
3011845,0.06689393
3011846,5.87315
3011847,3317.5334
3011848,0.121690206
3011849,482.48117
3011850,7.7916727
3011851,870.0814
3011852,730.965
3011853,216.6309
3011854,180.73315
3011855,78.44016
3011856,3605.966
3011857,21.010706
3011858,1.7758776
3011859,20.605106
3011860,20.789677
3011861,-0.054607823
3011862,168.82478
3011863,6.4343863
3011864,19.209497
3011865,11.996482
3011866,67.25792
3011867,6.2634363
3011868,341.05817
3011869,230.8952
3011870,5.3682323
3011871,7.375989
3011872,308.43216
3011873,98.63985
3011874,1584.0752
3011875,34.437725
3011876,17.984808
3011877,7.0029335
3011878,0.17927568
3011879,5.8882914
3011880,3339.7935
3011881,0.043583293
3011882,487.11087
3011883,7.7549615
3011884,874.2801
3011885,735.92816
3011886,215.60011
3011887,184.74019
3011888,78.2984
3011889,3611.401
3011890,20.785421
3011891,1.7199506
3011892,20.56056
3011893,20.712765
3011894,-0.11711118
3011895,168.89204
3011896,6.46691
3011897,19.126043
3011898,12.088261
3011899,81.30796
3011900,6.2908697
3011901,341.25473
3011902,230.93776
3011903,5.38318
3011904,7.2848005
3011905,306.91595
3011906,96.33754
3011907,1584.0676
3011908,34.318626
3011909,18.15291
3011910,6.9428935
3011911,0.022907581
3011912,5.81705
3011913,3270.9836
3011914,0.04083477
3011915,481.8855
3011916,7.620525
3011917,862.2268
3011918,733.3071
3011919,214.58975
3011920,180.09813
3011921,77.4769
3011922,3568.8772
3011923,20.768473
3011924,1.8005015
3011925,20.606148
3011926,20.66518
3011927,-0.0849341
3011928,168.81427
3011929,6.485425
3011930,19.217123
3011931,12.096932
3011932,80.93514
3011933,6.274038
3011934,340.3466
3011935,232.85524
3011936,5.234291
3011937,7.219003
3011938,306.82816
3011939,97.62073
3011940,1584.067
3011941,34.32469
3011942,17.620987
3011943,6.899023
3011944,0.07758
3011945,5.7730656
3011946,3258.8918
3011947,-0.058409747
3011948,469.18176
3011949,7.6759987
3011950,862.8569
3011951,730.67816
3011952,213.00339
3011953,179.62247
3011954,76.84442
3011955,3533.8862
3011956,20.924065
3011957,1.7688403
3011958,20.718517
3011959,20.729324
3011960,-0.028291037
3011961,168.8115
3011962,6.4990025
3011963,19.454542
3011964,12.24143
3011965,80.89082
3011966,6.248827
3011967,336.33624
3011968,225.24652
3011969,5.2892056
3011970,7.3039393
3011971,304.86176
3011972,96.35151
3011973,1583.9796
3011974,34.306526
3011975,17.887135
3011976,6.7497563
3011977,0.087614864
3011978,5.6397147
3011979,3234.378
3011980,-0.009765141
3011981,466.15942
3011982,7.6566453
3011983,850.03033
3011984,723.03827
3011985,207.51785
3011986,174.85568
3011987,75.84596
3011988,3467.175
3011989,20.4397
3011990,1.7451799
3011991,20.667309
3011992,20.680017
3011993,-0.09041436
3011994,168.89954
3011995,6.4823284
3011996,18.900705
3011997,12.002885
3011998,83.2634
3011999,6.232422
3012000,340.46695
3012001,221.37817
3012002,5.376377
3012003,7.311255
3012004,298.948
3012005,94.78582
3012006,1584.0464
3012007,34.397118
3012008,17.641386
3012009,6.7419
3012010,0.061902087
3012011,5.6883297
3012012,3206.9233
3012013,0.049357582
3012014,469.75778
3012015,7.688294
3012016,843.8239
3012017,714.94116
3012018,207.28287
3012019,177.89449
3012020,77.14667
3012021,3492.6042
3012022,20.723642
3012023,1.7688897
3012024,20.687506
3012025,20.714834
3012026,-0.08678028
3012027,168.84856
3012028,6.523583
3012029,19.146008
3012030,12.17206
3012031,82.841
3012032,6.170522
3012033,342.8259
3012034,221.96362
3012035,5.4404655
3012036,7.3633966
3012037,300.5787
3012038,94.8741
3012039,1584.1113
3012040,34.25797
3012041,17.628483
3012042,6.867484
3012043,0.03720086
3012044,5.7580166
3012045,3256.193
3012046,-0.0082366
3012047,467.5822
3012048,7.724577
3012049,852.1606
3012050,730.33594
3012051,207.3419
3012052,177.75256
3012053,77.80836
3012054,3510.6504
3012055,20.887075
3012056,1.7967966
3012057,20.576426
3012058,20.72924
3012059,0.015305227
3012060,168.78618
3012061,6.4656267
3012062,19.300512
3012063,11.9307995
3012064,80.80379
3012065,6.296345
3012066,341.20532
3012067,222.57028
3012068,5.2622952
3012069,7.230343
3012070,302.54703
3012071,96.92396
3012072,1584.023
3012073,34.2325
3012074,17.939072
3012075,6.8303986
3012076,0.13005981
3012077,5.871477
3012078,3230.1907
3012079,-0.09383695
3012080,471.36972
3012081,7.698494
3012082,862.94745
3012083,730.4157
3012084,206.89856
3012085,181.42004
3012086,77.35193
3012087,3530.5332
3012088,20.805298
3012089,1.7968107
3012090,20.567453
3012091,20.67304
3012092,-0.18314973
3012093,168.83138
3012094,6.50388
3012095,19.085558
3012096,12.1551285
3012097,81.199875
3012098,6.2415977
3012099,342.21143
3012100,224.43591
3012101,5.3984323
3012102,7.282009
3012103,303.53464
3012104,99.0029
3012105,1584.0665
3012106,34.321022
3012107,18.123787
3012108,6.7891307
3012109,0.021760482
3012110,5.843563
3012111,3221.5955
3012112,-0.03589717
3012113,477.2389
3012114,7.622829
3012115,851.4929
3012116,731.85583
3012117,209.2098
3012118,179.8983
3012119,77.896194
3012120,3507.0842
3012121,20.889177
3012122,1.7903187
3012123,20.532728
3012124,20.738434
3012125,-0.030963177
3012126,168.82193
3012127,6.4872484
3012128,19.215832
3012129,12.223202
3012130,83.58134
3012131,6.135181
3012132,341.9878
3012133,223.69797
3012134,5.40456
3012135,7.308199
3012136,309.23804
3012137,99.09957
3012138,1584.0426
3012139,34.423054
3012140,18.009398
3012141,6.8301516
3012142,0.10253356
3012143,5.8463535
3012144,3249.5808
3012145,-0.02831032
3012146,475.84933
3012147,7.821996
3012148,854.33545
3012149,737.8621
3012150,210.10141
3012151,181.49446
3012152,77.220215
3012153,3521.9043
3012154,20.8279
3012155,1.8128315
3012156,20.638914
3012157,20.73131
3012158,-0.08880112
3012159,168.9213
3012160,6.5680685
3012161,18.120995
3012162,12.253819
3012163,67.27668
3012164,6.27445
3012165,342.04343
3012166,221.09929
3012167,5.2929215
3012168,7.386374
3012169,309.9438
3012170,89.96123
3012171,1584.1051
3012172,34.255493
3012173,18.132668
3012174,6.7455173
3012175,0.107670054
3012176,5.7333503
3012177,3253.5215
3012178,0.045739137
3012179,474.01968
3012180,7.79734
3012181,848.07965
3012182,731.0063
3012183,210.28468
3012184,178.0615
3012185,76.25621
3012186,3542.9187
3012187,20.916018
3012188,1.7765319
3012189,20.607155
3012190,20.646563
3012191,-0.021219898
3012192,168.87958
3012193,6.5380564
3012194,19.212767
3012195,12.006212
3012196,83.35273
3012197,6.2522674
3012198,338.77603
3012199,227.46004
3012200,5.323785
3012201,7.368838
3012202,308.36655
3012203,90.219666
3012204,1584.18
3012205,34.378696
3012206,17.853073
3012207,6.7479486
3012208,0.032786794
3012209,5.819137
3012210,3300.7122
3012211,0.07348113
3012212,480.9408
3012213,7.77527
3012214,858.9192
3012215,735.28143
3012216,211.59756
3012217,177.6019
3012218,76.248344
3012219,3552.3394
3012220,21.026806
3012221,1.7790052
3012222,20.593142
3012223,20.670467
3012224,-0.03799048
3012225,168.84015
3012226,6.4468503
3012227,19.423187
3012228,12.315779
3012229,71.92094
3012230,6.223582
3012231,341.08322
3012232,225.10281
3012233,5.370131
3012234,7.4072423
3012235,315.3755
3012236,90.15609
3012237,1584.1115
3012238,34.342743
3012239,18.105965
3012240,6.8982215
3012241,0.10957457
3012242,5.9131775
3012243,3262.4658
3012244,-0.088536985
3012245,485.6477
3012246,7.7252283
3012247,857.9511
3012248,734.0582
3012249,212.47841
3012250,173.97095
3012251,75.70732
3012252,3530.0977
3012253,20.909115
3012254,1.7699418
3012255,20.633772
3012256,20.696459
3012257,-0.07547345
3012258,168.83376
3012259,6.5241838
3012260,19.177088
3012261,11.980378
3012262,83.490814
3012263,6.2410107
3012264,340.36108
3012265,222.62035
3012266,5.2268186
3012267,7.330641
3012268,311.0971
3012269,88.42541
3012270,1584.0662
3012271,34.36597
3012272,17.776436
3012273,6.820078
3012274,0.095013104
3012275,5.8614306
3012276,3305.2087
3012277,0.07109686
3012278,488.05725
3012279,7.7804327
3012280,848.1221
3012281,731.1531
3012282,213.38649
3012283,175.31584
3012284,75.76143
3012285,3488.8186
3012286,20.782206
3012287,1.7699083
3012288,20.5785
3012289,20.659914
3012290,-0.03176862
3012291,168.8219
3012292,6.5285687
3012293,19.250124
3012294,11.963938
3012295,83.70845
3012296,6.247991
3012297,339.76123
3012298,225.31607
3012299,5.3020697
3012300,7.3548784
3012301,309.69006
3012302,99.02085
3012303,1584.0492
3012304,34.301327
3012305,17.98602
3012306,6.78473
3012307,0.051464617
3012308,5.823172
3012309,3246.3225
3012310,0.06163157
3012311,478.42163
3012312,7.7672124
3012313,845.9838
3012314,723.20557
3012315,213.63536
3012316,174.56688
3012317,75.06487
3012318,3458.796
3012319,20.65464
3012320,1.788867
3012321,20.554491
3012322,20.632671
3012323,0.024678139
3012324,168.86864
3012325,6.4325085
3012326,19.208424
3012327,12.195247
3012328,67.29176
3012329,6.3169413
3012330,342.2127
3012331,222.54181
3012332,5.441566
3012333,7.395474
3012334,309.6304
3012335,96.95678
3012336,1584.0673
3012337,34.28433
3012338,18.114496
3012339,6.8137794
3012340,-0.013845248
3012341,5.7850795
3012342,3238.8108
3012343,-0.092738196
3012344,476.7887
3012345,7.8236103
3012346,854.94476
3012347,728.7145
3012348,211.00177
3012349,170.83276
3012350,74.37373
3012351,3454.9614
3012352,20.531996
3012353,1.7868862
3012354,20.588196
3012355,20.80004
3012356,0.053169027
3012357,168.80475
3012358,6.5277786
3012359,19.224527
3012360,12.227309
3012361,83.67733
3012362,6.2516327
3012363,339.64725
3012364,221.48589
3012365,5.348738
3012366,7.225582
3012367,309.8833
3012368,96.6534
3012369,1584.1824
3012370,34.28639
3012371,17.771994
3012372,6.9025426
3012373,0.111231424
3012374,5.7284713
3012375,3194.6829
3012376,-0.0043683886
3012377,472.04132
3012378,7.730273
3012379,855.23193
3012380,715.9365
3012381,211.29793
3012382,173.34941
3012383,74.28786
3012384,3449.2092
3012385,20.396858
3012386,1.8096555
3012387,20.639
3012388,20.692673
3012389,-0.19818026
3012390,168.86679
3012391,6.3920045
3012392,19.030794
3012393,12.032048
3012394,83.76771
3012395,6.1928124
3012396,337.24896
3012397,222.96568
3012398,5.3747463
3012399,7.2730765
3012400,303.63882
3012401,95.0486
3012402,1584.1805
3012403,34.262524
3012404,17.768589
3012405,6.9194937
3012406,0.1781163
3012407,5.784248
3012408,3204.0383
3012409,-0.05864425
3012410,469.62143
3012411,7.6133204
3012412,850.09515
3012413,707.23346
3012414,209.55745
3012415,171.33119
3012416,73.90481
3012417,3472.5981
3012418,20.304743
3012419,1.7676288
3012420,20.61776
3012421,20.80408
3012422,-0.044074904
3012423,168.82353
3012424,6.4095984
3012425,18.954416
3012426,12.258223
3012427,83.42092
3012428,6.356924
3012429,338.7516
3012430,221.52547
3012431,5.294194
3012432,7.346057
3012433,304.88345
3012434,96.66832
3012435,1584.0181
3012436,34.250957
3012437,17.53675
3012438,6.9799757
3012439,0.009092626
3012440,5.6980896
3012441,3239.8054
3012442,0.00015482298
3012443,476.40067
3012444,7.734599
3012445,853.75793
3012446,713.42706
3012447,208.12619
3012448,170.3605
3012449,73.54249
3012450,3454.6858
3012451,20.281319
3012452,1.7721269
3012453,20.656813
3012454,20.66316
3012455,-0.11349841
3012456,168.92722
3012457,6.3785744
3012458,18.781425
3012459,12.160438
3012460,80.76896
3012461,6.240519
3012462,339.92004
3012463,220.6702
3012464,5.3395143
3012465,7.2582755
3012466,305.13547
3012467,95.126114
3012468,1583.9984
3012469,34.264908
3012470,17.607115
3012471,6.975143
3012472,0.09781652
3012473,5.692714
3012474,3205.6604
3012475,0.0005483339
3012476,478.93585
3012477,7.7744536
3012478,849.5536
3012479,716.71356
3012480,208.08034
3012481,170.94875
3012482,74.46561
3012483,3456.989
3012484,20.487988
3012485,1.7742066
3012486,20.63342
3012487,20.652382
3012488,-0.06251852
3012489,168.71005
3012490,6.533743
3012491,18.961767
3012492,12.276376
3012493,82.79579
3012494,6.119905
3012495,336.2836
3012496,222.02104
3012497,5.3564353
3012498,7.265369
3012499,301.28113
3012500,96.63293
3012501,1584.0431
3012502,34.37169
3012503,17.701412
3012504,6.8629923
3012505,0.016919397
3012506,5.7843776
3012507,3238.2039
3012508,0.0041876095
3012509,475.50522
3012510,7.7622957
3012511,849.2826
3012512,706.8213
3012513,206.7702
3012514,172.71317
3012515,73.944466
3012516,3465.3796
3012517,20.147873
3012518,1.7730253
3012519,20.662025
3012520,20.676893
3012521,-0.19783176
3012522,168.86092
3012523,6.4903083
3012524,18.990253
3012525,12.035997
3012526,83.54733
3012527,6.250945
3012528,334.8715
3012529,224.38672
3012530,5.356423
3012531,7.28763
3012532,300.76517
3012533,94.023155
3012534,1584.1111
3012535,34.38616
3012536,17.546837
3012537,6.9361696
3012538,0.023601957
3012539,5.744906
3012540,2995.1208
3012541,-0.0030432143
3012542,470.97742
3012543,7.71445
3012544,850.3057
3012545,709.49384
3012546,206.65952
3012547,171.54408
3012548,73.571075
3012549,3457.7605
3012550,20.132557
3012551,1.77382
3012552,20.696276
3012553,20.685167
3012554,-0.10087365
3012555,168.9134
3012556,6.4745407
3012557,18.832273
3012558,12.197011
3012559,82.61469
3012560,6.2570972
3012561,332.82062
3012562,218.79193
3012563,5.259008
3012564,7.3536053
3012565,297.73196
3012566,94.63429
3012567,1584.0183
3012568,34.225864
3012569,17.293747
3012570,6.7784038
3012571,0.12036929
3012572,5.80639
3012573,2975.8318
3012574,-0.021776492
3012575,468.17004
3012576,7.812493
3012577,837.5429
3012578,703.4224
3012579,206.92117
3012580,175.65352
3012581,74.62183
3012582,3453.6174
3012583,20.254599
3012584,1.8042321
3012585,20.572731
3012586,20.697504
3012587,-0.13591081
3012588,168.84924
3012589,6.581053
3012590,19.346308
3012591,12.145541
3012592,83.05126
3012593,6.191045
3012594,332.30838
3012595,220.29672
3012596,5.3416452
3012597,7.309856
3012598,296.7469
3012599,93.99266
3012600,1584.0729
3012601,34.35139
3012602,17.333689
3012603,6.767486
3012604,0.107392386
3012605,5.712283
3012606,2937.9023
3012607,-0.009510099
3012608,469.0405
3012609,7.621879
3012610,831.41846
3012611,699.3307
3012612,206.65135
3012613,170.04266
3012614,73.73599
3012615,3424.5627
3012616,20.058098
3012617,1.7740383
3012618,20.539564
3012619,20.700315
3012620,-0.17686066
3012621,168.82085
3012622,6.550706
3012623,17.05021
3012624,11.966197
3012625,81.71247
3012626,6.1780643
3012627,331.83435
3012628,217.47823
3012629,5.2433033
3012630,7.224884
3012631,289.6129
3012632,93.39834
3012633,1584.0907
3012634,34.25684
3012635,17.173233
3012636,6.7451196
3012637,0.061254144
3012638,5.580677
3012639,2989.22
3012640,-0.075129755
3012641,466.3798
3012642,7.731122
3012643,843.47345
3012644,696.6509
3012645,205.91803
3012646,171.56061
3012647,74.03582
3012648,3425.8743
3012649,20.245686
3012650,1.7908673
3012651,20.608225
3012652,20.700039
3012653,-0.03469201
3012654,168.82161
3012655,6.5106044
3012656,18.85958
3012657,11.96252
3012658,81.68625
3012659,6.162716
3012660,333.49365
3012661,218.26207
3012662,5.2255106
3012663,7.2758746
3012664,289.83127
3012665,93.174675
3012666,1584.1149
3012667,34.31675
3012668,17.204763
3012669,6.762048
3012670,0.10325793
3012671,5.777693
3012672,3107.9963
3012673,-0.060295872
3012674,468.28644
3012675,7.8172026
3012676,843.4734
3012677,708.0787
3012678,205.95181
3012679,172.79301
3012680,74.31236
3012681,3433.29
3012682,20.217041
3012683,1.7796582
3012684,20.627604
3012685,20.758558
3012686,0.0027673698
3012687,168.73346
3012688,6.5087323
3012689,19.03678
3012690,12.0021925
3012691,83.09634
3012692,6.208299
3012693,333.00845
3012694,220.80501
3012695,5.3020883
3012696,7.3813977
3012697,297.18228
3012698,93.64697
3012699,1584.0509
3012700,34.392654
3012701,17.442879
3012702,6.823897
3012703,0.09004956
3012704,5.721972
3012705,3020.326
3012706,0.025796719
3012707,469.27402
3012708,7.7480984
3012709,846.6485
3012710,702.0909
3012711,208.91118
3012712,171.67322
3012713,74.418755
3012714,3466.4812
3012715,20.344967
3012716,1.7857522
3012717,20.571537
3012718,20.692022
3012719,-0.004550645
3012720,168.80002
3012721,6.4708166
3012722,19.076174
3012723,12.2915745
3012724,83.152954
3012725,6.290881
3012726,333.53598
3012727,221.9925
3012728,5.3810444
3012729,7.381646
3012730,291.43713
3012731,93.49414
3012732,1584.0663
3012733,34.268494
3012734,17.172495
3012735,6.794774
3012736,0.07539229
3012737,5.701096
3012738,2987.025
3012739,-0.050359923
3012740,466.28778
3012741,7.799422
3012742,837.68823
3012743,696.12305
3012744,209.34283
3012745,170.20924
3012746,73.92151
3012747,3434.9712
3012748,20.433681
3012749,1.7808766
3012750,20.625582
3012751,20.608927
3012752,-0.007254499
3012753,168.74529
3012754,6.479532
3012755,18.823862
3012756,12.108128
3012757,83.28183
3012758,6.213828
3012759,336.01828
3012760,221.95943
3012761,5.301557
3012762,7.430297
3012763,290.377
3012764,92.89798
3012765,1584.0513
3012766,34.33095
3012767,17.248676
3012768,6.7702
3012769,0.04332066
3012770,5.6496882
3012771,2987.341
3012772,0.025749583
3012773,465.76047
3012774,7.6986074
3012775,839.7178
3012776,693.66437
3012777,209.92622
3012778,169.31056
3012779,73.97715
3012780,3431.4258
3012781,20.12831
3012782,1.781945
3012783,20.63169
3012784,20.73937
3012785,-0.20112313
3012786,168.7991
3012787,6.490535
3012788,19.328726
3012789,12.133052
3012790,83.69891
3012791,6.319667
3012792,335.34998
3012793,222.48999
3012794,5.3095636
3012795,7.282276
3012796,297.12814
3012797,92.41477
3012798,1584.129
3012799,34.38339
3012800,17.265026
3012801,6.810691
3012802,0.10861286
3012803,5.75615
3012804,2975.5781
3012805,0.09904093
3012806,466.39526
3012807,7.824504
3012808,840.5471
3012809,694.5686
3012810,209.23508
3012811,171.02711
3012812,73.873566
3012813,3421.8394
3012814,20.156492
3012815,1.7917328
3012816,20.705894
3012817,20.657343
3012818,-0.22427115
3012819,168.85304
3012820,6.4649987
3012821,18.761383
3012822,12.174953
3012823,83.417435
3012824,6.2502217
3012825,334.6238
3012826,219.66832
3012827,5.4332013
3012828,7.3998327
3012829,296.84024
3012830,93.47686
3012831,1584.0083
3012832,34.361294
3012833,17.250978
3012834,6.670524
3012835,0.11997762
3012836,5.7590675
3012837,2972.702
3012838,-0.015507882
3012839,467.36438
3012840,7.7158327
3012841,848.33887
3012842,697.9142
3012843,211.61905
3012844,170.86443
3012845,74.36605
3012846,3452.0945
3012847,20.627293
3012848,1.7534727
3012849,20.653423
3012850,20.664358
3012851,-0.22233036
3012852,168.74721
3012853,6.5438247
3012854,18.885696
3012855,12.291895
3012856,83.21247
3012857,6.2655435
3012858,334.05692
3012859,223.01067
3012860,5.4083986
3012861,7.2810855
3012862,297.2482
3012863,92.824066
3012864,1584.0719
3012865,34.268284
3012866,17.360731
3012867,6.708086
3012868,0.08404464
3012869,5.853673
3012870,3194.8057
3012871,0.06100016
3012872,468.60333
3012873,7.7957006
3012874,850.61426
3012875,706.09766
3012876,212.79803
3012877,173.95393
3012878,74.855125
3012879,3454.5564
3012880,20.189371
3012881,1.7742778
3012882,20.52199
3012883,20.637424
3012884,-0.16698813
3012885,168.89651
3012886,6.502684
3012887,18.991741
3012888,12.238873
3012889,80.762184
3012890,6.250336
3012891,335.18475
3012892,223.8732
3012893,5.354278
3012894,7.227389
3012895,301.12122
3012896,94.531715
3012897,1584.0953
3012898,34.392525
3012899,17.42376
3012900,6.815302
3012901,0.082720526
3012902,5.8516493
3012903,2987.294
3012904,0.11734932
3012905,472.47803
3012906,7.715155
3012907,846.6716
3012908,700.95056
3012909,211.86136
3012910,174.43376
3012911,74.578285
3012912,3446.1072
3012913,20.252562
3012914,1.7709618
3012915,20.524204
3012916,20.711147
3012917,-0.16422772
3012918,168.81282
3012919,6.423083
3012920,18.699585
3012921,12.233208
3012922,82.97646
3012923,6.1719494
3012924,335.71356
3012925,220.46799
3012926,5.3394265
3012927,7.332155
3012928,300.6687
3012929,93.77491
3012930,1584.1891
3012931,34.309887
3012932,17.687422
3012933,6.7454443
3012934,0.1533732
3012935,5.821939
3012936,3002.6729
3012937,-0.051699646
3012938,468.1212
3012939,7.7041655
3012940,846.87366
3012941,702.143
3012942,211.85751
3012943,173.71884
3012944,74.39731
3012945,3449.6797
3012946,20.194714
3012947,1.7856232
3012948,20.661364
3012949,20.608013
3012950,0.03492917
3012951,168.81485
3012952,6.50666
3012953,18.04792
3012954,12.276879
3012955,83.77327
3012956,6.157912
3012957,331.84164
3012958,221.48721
3012959,5.354881
3012960,7.4173584
3012961,297.39075
3012962,93.68151
3012963,1584.1357
3012964,34.279835
3012965,17.629807
3012966,6.7234597
3012967,0.090464115
3012968,5.6464486
3012969,2971.797
3012970,2.1835929e-06
3012971,466.14047
3012972,7.705864
3012973,845.5808
3012974,699.7189
3012975,212.71996
3012976,170.66771
3012977,74.22701
3012978,3462.6375
3012979,20.135458
3012980,1.7825264
3012981,20.671038
3012982,20.620253
3012983,-0.08756785
3012984,168.81529
3012985,6.4223156
3012986,18.682716
3012987,11.852363
3012988,83.28536
3012989,6.274416
3012990,332.06863
3012991,222.50734
3012992,5.3565884
3012993,7.3630514
3012994,298.15686
3012995,92.88507
3012996,1584.0814
3012997,34.34808
3012998,17.421165
3012999,6.6729474
3013000,0.08967651
3013001,5.633195
3013002,2958.9734
3013003,0.024854543
3013004,466.71237
3013005,7.8344064
3013006,840.0489
3013007,696.57214
3013008,211.45175
3013009,173.56573
3013010,74.42347
3013011,3428.9353
3013012,20.381903
3013013,1.7824098
3013014,20.576208
3013015,20.6803
3013016,-0.13518703
3013017,168.83287
3013018,6.4388328
3013019,19.108362
3013020,12.178877
3013021,83.55011
3013022,6.2314854
3013023,333.96448
3013024,221.56795
3013025,5.2939
3013026,7.319816
3013027,291.724
3013028,93.268036
3013029,1584.0654
3013030,34.28876
3013031,17.419386
3013032,6.671088
3013033,0.039421696
3013034,5.7417793
3013035,2966.137
3013036,0.034440454
3013037,466.12167
3013038,7.760881
3013039,839.5872
3013040,697.47766
3013041,211.10988
3013042,170.50365
3013043,73.92502
3013044,3414.529
3013045,20.037298
3013046,1.8081744
3013047,20.637566
3013048,20.735138
3013049,-0.11709815
3013050,168.8491
3013051,6.479043
3013052,18.859825
3013053,12.304942
3013054,82.1511
3013055,6.1343355
3013056,331.86285
3013057,218.31946
3013058,5.2745214
3013059,7.2976794
3013060,290.61325
3013061,92.33314
3013062,1584.1204
3013063,34.33768
3013064,17.301388
3013065,6.8418813
3013066,0.03549592
3013067,5.793138
3013068,2958.8262
3013069,-0.022535885
3013070,465.55865
3013071,7.7487774
3013072,836.075
3013073,692.6564
3013074,209.97403
3013075,172.63875
3013076,73.797646
3013077,3420.0999
3013078,20.23869
3013079,1.7942823
3013080,20.622496
3013081,20.742764
3013082,-0.093399
3013083,168.7841
3013084,6.5336027
3013085,17.086168
3013086,12.308712
3013087,83.06696
3013088,6.2609644
3013089,332.02423
3013090,217.66803
3013091,5.2974343
3013092,7.3259635
3013093,291.4623
3013094,91.883255
3013095,1584.0057
3013096,34.39077
3013097,16.804695
3013098,6.188171
3013099,0.10593094
3013100,5.639575
3013101,2961.9639
3013102,-0.017321158
3013103,463.58865
3013104,7.7284255
3013105,838.9196
3013106,692.9596
3013107,208.74423
3013108,171.40099
3013109,73.70365
3013110,3405.4775
3013111,20.041409
3013112,1.7852131
3013113,20.61542
3013114,20.673334
3013115,-0.16848226
3013116,168.78622
3013117,6.4139247
3013118,18.838959
3013119,12.197158
3013120,76.55978
3013121,6.258824
3013122,330.101
3013123,216.8638
3013124,5.362964
3013125,7.310302
3013126,290.2035
3013127,92.853775
3013128,1584.0676
3013129,34.2672
3013130,17.466774
3013131,6.190444
3013132,0.08641118
3013133,5.673559
3013134,2952.7188
3013135,-0.055918775
3013136,465.549
3013137,7.6808486
3013138,830.36914
3013139,686.68494
3013140,206.9696
3013141,170.51396
3013142,73.63807
3013143,3391.8445
3013144,19.982239
3013145,1.7847819
3013146,20.660866
3013147,20.686813
3013148,-0.108997494
3013149,168.89923
3013150,6.486804
3013151,18.962343
3013152,12.121246
3013153,80.72297
3013154,6.2194552
3013155,328.328
3013156,216.84189
3013157,5.3263655
3013158,7.4057746
3013159,287.70535
3013160,91.49225
3013161,1584.153
3013162,34.422318
3013163,17.201044
3013164,6.6839795
3013165,0.0613877
3013166,5.650683
3013167,2947.3943
3013168,0.12377564
3013169,464.08264
3013170,7.655136
3013171,830.2152
3013172,692.2399
3013173,207.08083
3013174,171.66675
3013175,73.12282
3013176,3386.4192
3013177,19.83555
3013178,1.7922965
3013179,20.573467
3013180,20.79437
3013181,-0.20884961
3013182,168.81035
3013183,6.4398365
3013184,19.027075
3013185,12.3375225
3013186,83.46503
3013187,6.1927238
3013188,327.839
3013189,216.03574
3013190,5.4140644
3013191,7.3278265
3013192,287.5552
3013193,93.25022
3013194,1584.0612
3013195,34.22075
3013196,16.924662
3013197,6.719734
3013198,0.10181784
3013199,5.712837
3013200,2934.3062
3013201,0.017539898
3013202,464.9165
3013203,7.650596
3013204,832.6161
3013205,690.67786
3013206,207.81882
3013207,170.66815
3013208,73.22078
3013209,3401.0715
3013210,20.013393
3013211,1.7741618
3013212,20.546774
3013213,20.619724
3013214,-0.038399722
3013215,168.81625
3013216,6.4841805
3013217,19.237713
3013218,12.252334
3013219,67.26609
3013220,6.279621
3013221,326.2526
3013222,217.24849
3013223,5.3010583
3013224,7.2645507
3013225,288.39493
3013226,93.25459
3013227,1584.1348
3013228,34.27785
3013229,17.294905
3013230,6.783908
3013231,0.11649926
3013232,5.699921
3013233,2939.219
3013234,0.040400572
3013235,464.67807
3013236,7.8133316
3013237,835.8116
3013238,691.4663
3013239,208.54112
3013240,169.48866
3013241,73.05258
3013242,3406.3481
3013243,19.903765
3013244,1.767312
3013245,20.678272
3013246,20.586802
3013247,0.011169393
3013248,168.81697
3013249,6.5153656
3013250,18.687164
3013251,12.218658
3013252,81.107445
3013253,6.2111025
3013254,326.0709
3013255,217.78102
3013256,5.3022146
3013257,7.2774763
3013258,288.59222
3013259,92.97957
3013260,1584.1649
3013261,34.450417
3013262,17.04333
3013263,6.6623206
3013264,0.09163009
3013265,5.6479654
3013266,2937.0376
3013267,-0.049913898
3013268,464.68747
3013269,7.815845
3013270,828.4069
3013271,689.2749
3013272,207.65805
3013273,170.29004
3013274,73.27788
3013275,3375.6233
3013276,19.846266
3013277,1.7664715
3013278,20.56631
3013279,20.649393
3013280,-0.019350858
3013281,168.81839
3013282,6.4241076
3013283,18.864128
3013284,12.110987
3013285,80.946556
3013286,6.2973704
3013287,322.51077
3013288,216.17458
3013289,5.270664
3013290,7.276948
3013291,286.5178
3013292,92.206345
3013293,1584.1932
3013294,34.337017
3013295,17.27626
3013296,6.718893
3013297,0.09468807
3013298,5.697797
3013299,2903.4028
3013300,0.0015267881
3013301,464.4589
3013302,7.6502843
3013303,824.4587
3013304,689.05786
3013305,208.03879
3013306,169.35257
3013307,73.01822
3013308,3372.6191
3013309,19.802698
3013310,1.8053198
3013311,20.569927
3013312,20.618938
3013313,-0.08978711
3013314,168.79503
3013315,6.4596844
3013316,19.336351
3013317,12.16699
3013318,81.21301
3013319,6.272752
3013320,325.9746
3013321,216.34457
3013322,5.3799806
3013323,7.2648854
3013324,288.28586
3013325,92.33126
3013326,1584.1241
3013327,34.342632
3013328,17.227816
3013329,6.7195134
3013330,0.058879763
3013331,5.664126
3013332,2905.3154
3013333,-0.029409967
3013334,465.14468
3013335,7.7068844
3013336,829.4005
3013337,682.82587
3013338,207.52467
3013339,169.03723
3013340,72.60731
3013341,3384.4663
3013342,19.664557
3013343,1.7785841
3013344,20.651237
3013345,20.55662
3013346,-0.092918254
3013347,168.84595
3013348,6.575746
3013349,18.712963
3013350,12.292727
3013351,83.020836
3013352,6.352056
3013353,321.4431
3013354,216.71794
3013355,5.342106
3013356,7.370344
3013357,289.97842
3013358,90.74834
3013359,1584.1791
3013360,34.26116
3013361,16.719273
3013362,6.1244025
3013363,0.13296586
3013364,5.7514167
3013365,2868.9973
3013366,-0.043263182
3013367,459.04736
3013368,7.7523713
3013369,823.0172
3013370,679.0645
3013371,206.23247
3013372,170.86743
3013373,71.82353
3013374,3334.1597
3013375,19.871103
3013376,1.7684159
3013377,20.631159
3013378,20.7326
3013379,-0.1317581
3013380,168.80284
3013381,6.517348
3013382,18.87373
3013383,12.286862
3013384,80.9913
3013385,6.1905537
3013386,319.8234
3013387,216.02788
3013388,5.4569154
3013389,7.243185
3013390,285.854
3013391,91.23786
3013392,1584.033
3013393,34.234703
3013394,16.80728
3013395,6.7383924
3013396,0.020663388
3013397,5.538944
3013398,2906.51
3013399,0.021880917
3013400,460.1628
3013401,7.763809
3013402,819.573
3013403,684.44824
3013404,207.57628
3013405,170.2333
3013406,71.75047
3013407,3329.6987
3013408,19.48319
3013409,1.775818
3013410,20.57307
3013411,20.578114
3013412,-0.19571789
3013413,168.72916
3013414,6.434755
3013415,17.071342
3013416,12.390833
3013417,81.208885
3013418,6.1920977
3013419,320.87292
3013420,215.0839
3013421,5.3720264
3013422,7.2787876
3013423,283.10474
3013424,92.66373
3013425,1583.9971
3013426,34.375328
3013427,17.235783
3013428,6.7273083
3013429,0.106323764
3013430,5.6379333
3013431,2902.0059
3013432,0.005984618
3013433,459.0658
3013434,7.7607994
3013435,816.3094
3013436,684.5692
3013437,208.00488
3013438,169.05183
3013439,71.4608
3013440,3345.1765
3013441,19.653738
3013442,1.7772563
3013443,20.620573
3013444,20.621645
3013445,-0.17824283
3013446,168.83931
3013447,6.491562
3013448,18.904455
3013449,12.283669
3013450,81.1269
3013451,6.216091
3013452,328.57312
3013453,214.77289
3013454,5.3983316
3013455,7.4167814
3013456,284.83154
3013457,93.61969
3013458,1584.0925
3013459,34.23677
3013460,17.038166
3013461,6.6815476
3013462,0.10165326
3013463,5.783257
3013464,2936.9004
3013465,0.026295662
3013466,458.62985
3013467,7.688497
3013468,821.94275
3013469,693.53485
3013470,208.87865
3013471,169.45535
3013472,71.64189
3013473,3348.9006
3013474,19.51317
3013475,1.7750367
3013476,20.58254
3013477,20.605822
3013478,-0.019617163
3013479,168.80577
3013480,6.535868
3013481,19.435568
3013482,12.255751
3013483,81.178955
3013484,6.212191
3013485,333.3553
3013486,214.71344
3013487,5.2823925
3013488,7.272877
3013489,288.47665
3013490,94.39055
3013491,1583.9763
3013492,34.407585
3013493,17.408375
3013494,6.8126826
3013495,0.08580247
3013496,5.574948
3013497,2961.8953
3013498,0.08207451
3013499,461.31213
3013500,7.6556835
3013501,829.474
3013502,704.4368
3013503,209.57182
3013504,169.31189
3013505,72.17342
3013506,3376.5396
3013507,19.621529
3013508,1.7690523
3013509,20.667618
3013510,20.631702
3013511,-0.07055631
3013512,168.8086
3013513,6.543482
3013514,19.148424
3013515,12.294129
3013516,83.66173
3013517,6.196657
3013518,333.40073
3013519,215.88237
3013520,5.3529077
3013521,7.4019375
3013522,288.0949
3013523,94.78845
3013524,1584.1093
3013525,34.219894
3013526,17.349283
3013527,6.8251886
3013528,0.113351986
3013529,5.675407
3013530,2974.1895
3013531,-0.009891985
3013532,459.7218
3013533,7.676553
3013534,829.0513
3013535,700.48376
3013536,209.9259
3013537,170.93553
3013538,73.140396
3013539,3371.4573
3013540,19.311342
3013541,1.770295
3013542,20.569685
3013543,20.714952
3013544,-0.07320301
3013545,168.90286
3013546,6.4807916
3013547,19.074121
3013548,12.297787
3013549,83.63916
3013550,6.307833
3013551,333.18686
3013552,215.4929
3013553,5.296558
3013554,7.2337813
3013555,290.79843
3013556,94.76239
3013557,1584.0442
3013558,34.301083
3013559,17.339663
3013560,6.9796166
3013561,0.078561336
3013562,5.7315006
3013563,2970.211
3013564,-0.06807653
3013565,459.41556
3013566,7.733574
3013567,826.76117
3013568,704.6368
3013569,210.44978
3013570,170.65108
3013571,73.39036
3013572,3369.5256
3013573,19.560862
3013574,1.7757069
3013575,20.530344
3013576,20.67224
3013577,-0.049989652
3013578,168.87672
3013579,6.4634833
3013580,19.242249
3013581,12.342658
3013582,81.241714
3013583,6.254438
3013584,333.94577
3013585,215.3963
3013586,5.3151293
3013587,7.4296403
3013588,289.71698
3013589,96.54222
3013590,1584.1237
3013591,34.356564
3013592,17.659868
3013593,6.821736
3013594,0.15606937
3013595,5.656618
3013596,2990.7727
3013597,0.106891975
3013598,462.2648
3013599,7.7025676
3013600,826.343
3013601,706.73975
3013602,210.22437
3013603,171.56712
3013604,73.1083
3013605,3379.6707
3013606,19.290823
3013607,1.7676357
3013608,20.670454
3013609,20.730618
3013610,-0.15952012
3013611,168.83206
3013612,6.5596366
3013613,18.8806
3013614,12.306744
3013615,80.909515
3013616,6.204034
3013617,333.049
3013618,214.58945
3013619,5.3562126
3013620,7.1952252
3013621,296.26944
3013622,96.28805
3013623,1584.1763
3013624,34.31911
3013625,17.70345
3013626,6.9733353
3013627,0.13653448
3013628,5.845278
3013629,2934.667
3013630,0.031834953
3013631,461.19244
3013632,7.820218
3013633,830.927
3013634,708.8878
3013635,209.72076
3013636,170.8954
3013637,73.22804
3013638,3395.1812
3013639,19.622807
3013640,1.7672323
3013641,20.613632
3013642,20.58203
3013643,-0.05938608
3013644,168.76898
3013645,6.4391704
3013646,19.262867
3013647,12.285207
3013648,81.220314
3013649,6.264825
3013650,337.09717
3013651,214.05418
3013652,5.3086534
3013653,7.3450756
3013654,297.72345
3013655,98.760086
3013656,1584.0791
3013657,34.40507
3013658,17.84402
3013659,6.989424
3013660,0.08507352
3013661,5.818909
3013662,3010.7542
3013663,-0.051571567
3013664,469.22635
3013665,7.7428546
3013666,832.36816
3013667,717.341
3013668,209.44528
3013669,173.14455
3013670,74.17155
3013671,3389.8518
3013672,19.356903
3013673,1.7838396
3013674,20.684923
3013675,20.652939
3013676,-0.16767117
3013677,168.86224
3013678,6.511222
3013679,18.920519
3013680,12.339511
3013681,81.060295
3013682,6.303922
3013683,338.31485
3013684,214.48933
3013685,5.392261
3013686,7.270419
3013687,297.6387
3013688,96.16507
3013689,1584.0237
3013690,34.344463
3013691,17.90663
3013692,6.781857
3013693,0.0215747
3013694,5.718486
3013695,3000.499
3013696,-1.470868e-05
3013697,465.71014
3013698,7.7801313
3013699,823.026
3013700,708.2125
3013701,207.93701
3013702,173.57236
3013703,72.96189
3013704,3336.0872
3013705,19.322569
3013706,1.795174
3013707,20.728777
3013708,20.65757
3013709,-0.17165904
3013710,168.79767
3013711,6.480183
3013712,19.152174
3013713,12.283272
3013714,80.79726
3013715,6.1538773
3013716,336.54495
3013717,214.0553
3013718,5.3847423
3013719,7.439021
3013720,290.2867
3013721,96.80092
3013722,1584.0485
3013723,34.282467
3013724,17.473896
3013725,6.8047104
3013726,0.005467741
3013727,5.5238
3013728,2954.5398
3013729,0.07149508
3013730,457.2708
3013731,7.7466297
3013732,816.91785
3013733,695.67365
3013734,206.34216
3013735,169.80246
3013736,72.39514
3013737,3327.4492
3013738,19.432997
3013739,1.7397306
3013740,20.68044
3013741,20.697462
3013742,-0.16378799
3013743,168.81346
3013744,6.3928666
3013745,19.057005
3013746,12.314449
3013747,81.056335
3013748,6.2627707
3013749,333.21973
3013750,211.63824
3013751,5.294652
3013752,7.2896748
3013753,284.5606
3013754,94.65154
3013755,1584.0365
3013756,34.35516
3013757,17.470163
3013758,6.737325
3013759,0.015724614
3013760,5.574918
3013761,2878.1191
3013762,-0.08641499
3013763,454.82953
3013764,7.8256497
3013765,815.8531
3013766,689.0278
3013767,202.52301
3013768,166.846
3013769,72.2502
3013770,3293.6536
3013771,19.329332
3013772,1.7821933
3013773,20.613335
3013774,20.68032
3013775,-0.1726249
3013776,168.7779
3013777,6.5390606
3013778,19.037243
3013779,12.137613
3013780,83.473175
3013781,6.263489
3013782,332.55066
3013783,210.65242
3013784,5.320555
3013785,7.388035
3013786,283.62137
3013787,94.14104
3013788,1584.0276
3013789,34.3354
3013790,17.010689
3013791,6.7754774
3013792,0.09311971
3013793,5.4762697
3013794,2909.9368
3013795,0.069592744
3013796,459.072
3013797,7.8721204
3013798,811.57007
3013799,690.37897
3013800,202.32518
3013801,170.41154
3013802,71.311905
3013803,3294.0845
3013804,19.367952
3013805,1.791824
3013806,20.54704
3013807,20.610416
3013808,0.0345075
3013809,168.76357
3013810,6.4269624
3013811,17.04276
3013812,12.265063
3013813,81.15362
3013814,6.2105227
3013815,333.17056
3013816,210.90012
3013817,5.271184
3013818,7.355213
3013819,282.28375
3013820,94.39677
3013821,1584.0371
3013822,34.38901
3013823,17.22143
3013824,6.7556148
3013825,-0.010643355
3013826,5.600314
3013827,2935.0212
3013828,0.021316567
3013829,456.2338
3013830,7.6484103
3013831,813.2504
3013832,702.8093
3013833,202.33646
3013834,170.26192
3013835,71.510414
3013836,3301.2065
3013837,19.93295
3013838,1.7842135
3013839,20.58855
3013840,20.574879
3013841,-0.09748359
3013842,168.80873
3013843,6.4557395
3013844,19.109274
3013845,12.383164
3013846,75.052315
3013847,6.2755704
3013848,332.88184
3013849,211.46437
3013850,5.269266
3013851,7.3621635
3013852,283.94458
3013853,96.36944
3013854,1584.0422
3013855,34.31977
3013856,17.665007
3013857,6.8097653
3013858,0.09433687
3013859,5.6151934
3013860,2991.2266
3013861,-0.056337405
3013862,455.3671
3013863,7.7095923
3013864,824.7141
3013865,711.6001
3013866,202.42006
3013867,170.55302
3013868,72.60747
3013869,3320.494
3013870,19.943253
3013871,1.7827246
3013872,20.693958
3013873,20.743908
3013874,-0.061777577
3013875,168.78821
3013876,6.453744
3013877,19.00327
3013878,12.236131
3013879,80.93879
3013880,6.167668
3013881,336.06976
3013882,212.17041
3013883,5.4253654
3013884,7.253476
3013885,283.56906
3013886,97.76566
3013887,1584.1189
3013888,34.251083
3013889,17.69027
3013890,6.7703815
3013891,0.13337676
3013892,5.560087
3013893,2995.21
3013894,0.040901672
3013895,462.9063
3013896,7.72492
3013897,810.195
3013898,712.6885
3013899,203.98508
3013900,171.65251
3013901,71.82561
3013902,3313.6025
3013903,19.923681
3013904,1.8072473
3013905,20.603289
3013906,20.69522
3013907,-0.20812377
3013908,168.87523
3013909,6.4677978
3013910,19.02923
3013911,12.457761
3013912,83.76246
3013913,6.1377254
3013914,337.35205
3013915,211.26004
3013916,5.375227
3013917,7.377434
3013918,286.28317
3013919,97.76536
3013920,1584.1245
3013921,34.341362
3013922,17.822718
3013923,6.7725725
3013924,0.10443356
3013925,5.6000867
3013926,2993.8076
3013927,0.11018289
3013928,458.0855
3013929,7.66255
3013930,810.18494
3013931,715.19775
3013932,205.39703
3013933,169.9237
3013934,72.320175
3013935,3336.2847
3013936,20.175676
3013937,1.7722324
3013938,20.566374
3013939,20.653875
3013940,-0.18846065
3013941,168.79779
3013942,6.4235153
3013943,19.228758
3013944,12.471851
3013945,81.214386
3013946,6.271125
3013947,339.52817
3013948,210.91592
3013949,5.449706
3013950,7.289385
3013951,289.8915
3013952,98.74996
3013953,1584.0482
3013954,34.350018
3013955,18.043589
3013956,6.800029
3013957,0.15026334
3013958,5.636351
3013959,2997.4768
3013960,-0.06761744
3013961,459.5422
3013962,7.678282
3013963,812.4727
3013964,709.3108
3013965,205.14732
3013966,168.07495
3013967,71.6875
3013968,3344.4714
3013969,19.762983
3013970,1.7909017
3013971,20.655718
3013972,20.717318
3013973,-0.13314003
3013974,168.81747
3013975,6.563596
3013976,19.167528
3013977,12.427659
3013978,80.90237
3013979,6.287295
3013980,336.63666
3013981,212.84596
3013982,5.2816834
3013983,7.288254
3013984,284.30847
3013985,90.05893
3013986,1584.067
3013987,34.399063
3013988,17.732769
3013989,6.645762
3013990,0.082630046
3013991,5.6072235
3013992,3216.4104
3013993,-0.023984347
3013994,463.38995
3013995,7.7891984
3013996,814.8785
3013997,713.5563
3013998,206.45482
3013999,170.33571
3014000,72.70269
3014001,3327.665
3014002,19.842386
3014003,1.7726063
3014004,20.645466
3014005,20.747898
3014006,-0.20852233
3014007,168.77274
3014008,6.5638514
3014009,19.363344
3014010,12.680257
3014011,81.29846
3014012,6.3008666
3014013,335.18042
3014014,213.48392
3014015,5.3266587
3014016,7.2520404
3014017,297.7849
3014018,99.08806
3014019,1584.0138
3014020,34.24276
3014021,18.012653
3014022,6.8086996
3014023,0.07935587
3014024,5.671836
3014025,3195.0637
3014026,0.08486411
3014027,460.57495
3014028,7.7353387
3014029,817.1739
3014030,707.65106
3014031,206.85957
3014032,167.84253
3014033,72.418304
3014034,3340.4016
3014035,19.825733
3014036,1.774574
3014037,20.582144
3014038,20.736654
3014039,-0.07110698
3014040,168.78368
3014041,6.49882
3014042,18.919178
3014043,12.315732
3014044,75.04124
3014045,6.3357472
3014046,336.44028
3014047,212.26271
3014048,5.2874193
3014049,7.351742
3014050,291.35275
3014051,98.62761
3014052,1584.0447
3014053,34.446045
3014054,17.863033
3014055,6.776735
3014056,0.110461175
3014057,5.6165304
3014058,3011.132
3014059,-0.071049795
3014060,462.33224
3014061,7.7320185
3014062,811.82745
3014063,701.56714
3014064,207.34546
3014065,170.47691
3014066,71.90811
3014067,3331.164
3014068,19.756857
3014069,1.7671025
3014070,20.704403
3014071,20.72983
3014072,-0.12624177
3014073,168.80214
3014074,6.446458
3014075,18.961462
3014076,12.207468
3014077,81.08456
3014078,6.297598
3014079,335.162
3014080,213.15144
3014081,5.3803263
3014082,7.257748
3014083,288.57733
3014084,97.72056
3014085,1583.9757
3014086,34.295635
3014087,17.848127
3014088,6.710948
3014089,0.07081377
3014090,5.611291
3014091,2990.0505
3014092,0.027157016
3014093,460.2383
3014094,7.658036
3014095,814.63214
3014096,698.317
3014097,207.66345
3014098,170.25687
3014099,71.44879
3014100,3324.389
3014101,19.632732
3014102,1.7967639
3014103,20.573782
3014104,20.771294
3014105,-0.008376702
3014106,168.85852
3014107,6.4552155
3014108,18.947206
3014109,12.266638
3014110,76.8802
3014111,6.335131
3014112,341.34247
3014113,213.55148
3014114,5.355045
3014115,7.37046
3014116,297.5302
3014117,95.162605
3014118,1584.1224
3014119,34.357105
3014120,17.854507
3014121,6.670131
3014122,0.114859596
3014123,5.671685
3014124,2969.949
3014125,-0.053095248
3014126,459.18066
3014127,7.7185397
3014128,813.13086
3014129,691.1383
3014130,206.56732
3014131,167.87915
3014132,71.310844
3014133,3329.4104
3014134,19.302576
3014135,1.8131052
3014136,20.60532
3014137,20.761814
3014138,-0.15937209
3014139,168.9052
3014140,6.4797873
3014141,18.729658
3014142,12.120389
3014143,81.22284
3014144,6.3626823
3014145,336.64532
3014146,212.34491
3014147,5.3180447
3014148,7.31967
3014149,285.482
3014150,94.70684
3014151,1584.0297
3014152,34.4379
3014153,17.58845
3014154,6.6536546
3014155,0.091828875
3014156,5.611876
3014157,2961.9915
3014158,0.12031084
3014159,460.07822
3014160,7.7096477
3014161,814.6933
3014162,688.8428
3014163,207.00546
3014164,170.33543
3014165,71.25105
3014166,3318.2896
3014167,19.281277
3014168,1.7983979
3014169,20.723469
3014170,20.689219
3014171,-0.13111378
3014172,168.8674
3014173,6.466751
3014174,18.841295
3014175,12.150712
3014176,80.95472
3014177,6.217194
3014178,333.69296
3014179,212.57289
3014180,5.330068
3014181,7.351469
3014182,287.81802
3014183,93.892784
3014184,1584.0469
3014185,34.41233
3014186,17.331036
3014187,6.763952
3014188,0.084914416
3014189,5.601469
3014190,2976.3616
3014191,0.076857716
3014192,455.131
3014193,7.844834
3014194,810.06555
3014195,682.63306
3014196,205.26302
3014197,167.72205
3014198,70.669914
3014199,3315.0435
3014200,19.287327
3014201,1.8128352
3014202,20.646748
3014203,20.708532
3014204,-0.19195259
3014205,168.7527
3014206,6.491182
3014207,17.050663
3014208,12.276455
3014209,71.92046
3014210,6.255607
3014211,333.84558
3014212,212.08702
3014213,5.3126707
3014214,7.364891
3014215,282.24643
3014216,94.49518
3014217,1584.0631
3014218,34.32527
3014219,16.922344
3014220,6.8597193
3014221,0.13032742
3014222,5.587814
3014223,2964.0854
3014224,0.017626131
3014225,458.52203
3014226,7.7846704
3014227,814.59644
3014228,682.40015
3014229,204.21313
3014230,167.92323
3014231,70.67852
3014232,3296.4814
3014233,19.385496
3014234,1.7690002
3014235,20.53573
3014236,20.735151
3014237,-0.122071765
3014238,168.82928
3014239,6.4065585
3014240,17.065878
3014241,12.314372
3014242,80.998764
3014243,6.1523557
3014244,334.70242
3014245,211.1847
3014246,5.2322164
3014247,7.350202
3014248,281.89752
3014249,93.777374
3014250,1584.096
3014251,34.36532
3014252,17.203722
3014253,6.865726
3014254,0.074038744
3014255,5.584543
3014256,3016.4578
3014257,0.07471624
3014258,458.63007
3014259,7.758003
3014260,811.51843
3014261,688.81433
3014262,203.9132
3014263,168.54556
3014264,70.922585
3014265,3302.708
3014266,19.74079
3014267,1.7721897
3014268,20.602226
3014269,20.667507
3014270,-0.041263543
3014271,168.90799
3014272,6.4437966
3014273,17.0589
3014274,12.264485
3014275,76.68284
3014276,6.3024344
3014277,334.31027
3014278,210.99333
3014279,5.4308443
3014280,7.2095685
3014281,287.10287
3014282,93.949036
3014283,1584.0977
3014284,34.386166
3014285,17.378063
3014286,6.7717648
3014287,0.10867038
3014288,5.622029
3014289,3202.2302
3014290,-0.07544898
3014291,457.9638
3014292,7.8020844
3014293,803.9609
3014294,685.06793
3014295,203.2679
3014296,168.56384
3014297,70.57366
3014298,3294.6858
3014299,19.285236
3014300,1.7729652
3014301,20.603283
3014302,20.746166
3014303,-0.116077505
3014304,168.80966
3014305,6.4730363
3014306,17.110083
3014307,12.371709
3014308,67.197914
3014309,6.21868
3014310,332.07605
3014311,211.41783
3014312,5.3363533
3014313,7.4229827
3014314,286.1095
3014315,93.088104
3014316,1584.1215
3014317,34.407234
3014318,17.372091
3014319,6.8682575
3014320,0.10462853
3014321,5.582037
3014322,2994.4915
3014323,0.06565025
3014324,457.5032
3014325,7.751081
3014326,816.5519
3014327,691.45526
3014328,202.45052
3014329,168.23584
3014330,70.41149
3014331,3294.167
3014332,19.23071
3014333,1.8058205
3014334,20.615036
3014335,20.69344
3014336,-0.07120612
3014337,168.89464
3014338,6.4467607
3014339,17.05054
3014340,12.070745
3014341,81.254875
3014342,6.1746016
3014343,334.01086
3014344,208.85083
3014345,5.302728
3014346,7.324399
3014347,283.15665
3014348,93.609276
3014349,1584.1066
3014350,34.306988
3014351,17.290112
3014352,6.6969476
3014353,0.15499605
3014354,5.612417
3014355,2924.468
3014356,0.081708536
3014357,458.40164
3014358,7.6884
3014359,806.63354
3014360,686.6769
3014361,202.44197
3014362,172.84453
3014363,70.859566
3014364,3291.6133
3014365,19.451897
3014366,1.7879453
3014367,20.601347
3014368,20.750107
3014369,-0.110185005
3014370,168.79538
3014371,6.46957
3014372,17.03387
3014373,12.277936
3014374,75.008156
3014375,6.290286
3014376,330.89285
3014377,208.74309
3014378,5.366045
3014379,7.379228
3014380,281.2428
3014381,93.15954
3014382,1584.1503
3014383,34.399918
3014384,16.984068
3014385,6.7410164
3014386,0.08197939
3014387,5.487718
3014388,2907.8086
3014389,-0.027164396
3014390,456.87115
3014391,7.8317466
3014392,802.4458
3014393,683.263
3014394,202.765
3014395,167.55269
3014396,70.90622
3014397,3280.872
3014398,19.435526
3014399,1.7870514
3014400,20.534918
3014401,20.69541
3014402,-0.13742025
3014403,168.82735
3014404,6.4895835
3014405,15.609736
3014406,12.168392
3014407,81.03916
3014408,6.369265
3014409,326.53882
3014410,208.20021
3014411,5.4083853
3014412,7.3564954
3014413,281.04428
3014414,92.45633
3014415,1584.019
3014416,34.35739
3014417,17.211557
3014418,6.8258815
3014419,0.016689086
3014420,5.532506
3014421,2959.4573
3014422,0.028226404
3014423,457.2963
3014424,7.70525
3014425,807.25195
3014426,682.81146
3014427,201.9052
3014428,169.28195
3014429,70.780975
3014430,3281.0579
3014431,19.509073
3014432,1.7705681
3014433,20.654713
3014434,20.673546
3014435,-0.10258622
3014436,168.92702
3014437,6.5481215
3014438,17.093596
3014439,12.186663
3014440,81.30018
3014441,6.3007393
3014442,327.44272
3014443,208.47401
3014444,5.2995286
3014445,7.415843
3014446,279.9002
3014447,92.25777
3014448,1584.0634
3014449,34.33728
3014450,17.286728
3014451,6.7853575
3014452,0.112772524
3014453,5.600878
3014454,3003.559
3014455,0.0037505329
3014456,460.13016
3014457,7.7567363
3014458,805.8639
3014459,688.8072
3014460,201.34937
3014461,169.57768
3014462,70.726524
3014463,3277.0205
3014464,19.653131
3014465,1.7671576
3014466,20.709778
3014467,20.679926
3014468,-0.15326351
3014469,168.77954
3014470,6.336771
3014471,17.156937
3014472,12.309518
3014473,81.031876
3014474,6.1711864
3014475,333.0279
3014476,209.41205
3014477,5.387232
3014478,7.3533716
3014479,283.86642
3014480,92.630325
3014481,1584.1432
3014482,34.364933
3014483,17.537285
3014484,6.7257457
3014485,0.07911499
3014486,5.60992
3014487,3011.845
3014488,0.082430735
3014489,463.24185
3014490,7.735087
3014491,816.17725
3014492,688.5301
3014493,203.08253
3014494,168.28828
3014495,70.233475
3014496,3285.8064
3014497,19.414177
3014498,1.7743195
3014499,20.524242
3014500,20.67114
3014501,-0.14678434
3014502,168.85794
3014503,6.402198
3014504,18.679853
3014505,12.405479
3014506,80.84622
3014507,6.2628827
3014508,330.89407
3014509,209.20848
3014510,5.3500547
3014511,7.4180627
3014512,283.83127
3014513,92.3009
3014514,1584.1603
3014515,34.283882
3014516,17.288723
3014517,6.775709
3014518,-0.000711746
3014519,5.599508
3014520,2968.9905
3014521,0.01979841
3014522,456.9036
3014523,7.6445937
3014524,806.4065
3014525,681.8707
3014526,203.98756
3014527,168.6813
3014528,70.28439
3014529,3293.5789
3014530,19.188404
3014531,1.779728
3014532,20.685266
3014533,20.759645
3014534,-0.1505416
3014535,168.80188
3014536,6.476601
3014537,18.878649
3014538,12.432629
3014539,81.129906
3014540,6.319834
3014541,332.87238
3014542,210.132
3014543,5.361042
3014544,7.2528033
3014545,283.77588
3014546,91.92326
3014547,1584.0885
3014548,34.2909
3014549,17.284384
3014550,6.672323
3014551,0.063799255
3014552,5.5713997
3014553,2947.1013
3014554,-0.0173874
3014555,455.7248
3014556,7.8454595
3014557,805.0117
3014558,676.9594
3014559,204.2639
3014560,166.9771
3014561,70.49287
3014562,3286.295
3014563,19.243038
3014564,1.7778716
3014565,20.61471
3014566,20.714838
3014567,-0.084207
3014568,168.8899
3014569,6.5721464
3014570,18.933958
3014571,12.415358
3014572,71.919785
3014573,6.2123
3014574,333.26044
3014575,209.83905
3014576,5.3847785
3014577,7.3157988
3014578,288.76654
3014579,91.53099
3014580,1584.0193
3014581,34.328373
3014582,16.94292
3014583,6.7628174
3014584,0.10207201
3014585,5.592967
3014586,2946.53
3014587,0.027471026
3014588,456.32718
3014589,7.842223
3014590,805.4166
3014591,683.87756
3014592,204.23195
3014593,169.2795
3014594,70.548935
3014595,3283.9727
3014596,19.63066
3014597,1.7705001
3014598,20.644352
3014599,20.657911
3014600,-0.15089865
3014601,168.76276
3014602,6.4820576
3014603,18.837477
3014604,12.310708
3014605,81.194214
3014606,6.257448
3014607,332.29074
3014608,209.55081
3014609,5.2669735
3014610,7.289364
3014611,289.40808
3014612,92.511604
3014613,1584.1637
3014614,34.33117
3014615,17.25847
3014616,6.751534
3014617,0.0895321
3014618,5.7087264
3014619,2947.6663
3014620,0.054500718
3014621,461.35217
3014622,7.7594166
3014623,816.33466
3014624,687.6616
3014625,205.26779
3014626,169.08714
3014627,71.728165
3014628,3311.846
3014629,19.896301
3014630,1.7857637
3014631,20.533537
3014632,20.622633
3014633,-0.23641798
3014634,168.7758
3014635,6.44269
3014636,19.120653
3014637,12.332083
3014638,81.284805
3014639,6.224895
3014640,332.1145
3014641,211.08472
3014642,5.3543777
3014643,7.257479
3014644,289.3477
3014645,91.97774
3014646,1584.138
3014647,34.283913
3014648,17.290815
3014649,6.743307
3014650,-0.016651276
3014651,5.678255
3014652,3204.206
3014653,-0.057980455
3014654,458.94376
3014655,7.8254137
3014656,819.3571
3014657,702.4483
3014658,206.17361
3014659,170.9708
3014660,72.16017
3014661,3321.6956
3014662,19.926104
3014663,1.7532164
3014664,20.708664
3014665,20.699492
3014666,-0.10158225
3014667,168.70961
3014668,6.4191422
3014669,18.833502
3014670,12.296786
3014671,81.237465
3014672,6.2463474
3014673,332.13858
3014674,211.84258
3014675,5.3297577
3014676,7.243372
3014677,297.15952
3014678,94.724304
3014679,1584.0812
3014680,34.360683
3014681,17.872295
3014682,6.8057427
3014683,0.010220905
3014684,5.696274
3014685,2984.3196
3014686,-0.033687886
3014687,466.20914
3014688,7.697264
3014689,811.75183
3014690,694.4074
3014691,205.3508
3014692,170.10045
3014693,71.58482
3014694,3307.9204
3014695,19.7591
3014696,1.7483453
3014697,20.501368
3014698,20.717377
3014699,-0.14526516
3014700,168.76344
3014701,6.4580455
3014702,18.934185
3014703,12.376541
3014704,80.76068
3014705,6.1753874
3014706,333.02386
3014707,209.98419
3014708,5.375436
3014709,7.3490825
3014710,297.60464
3014711,93.71149
3014712,1584.0143
3014713,34.3254
3014714,17.91203
3014715,6.677169
3014716,0.11265062
3014717,5.745566
3014718,3017.3337
3014719,0.044593114
3014720,461.32852
3014721,7.700802
3014722,819.0582
3014723,699.46124
3014724,204.95084
3014725,170.57768
3014726,71.69274
3014727,3317.73
3014728,19.74575
3014729,1.7829047
3014730,20.58047
3014731,20.604897
3014732,-0.19117913
3014733,168.88716
3014734,6.45272
3014735,19.243801
3014736,12.37494
3014737,71.97814
3014738,6.3701677
3014739,333.40622
3014740,210.47719
3014741,5.296291
3014742,7.26341
3014743,289.75415
3014744,93.57547
3014745,1584.1324
3014746,34.36073
3014747,18.056444
3014748,6.7253838
3014749,0.064950585
3014750,5.7459006
3014751,2985.5413
3014752,0.054289423
3014753,460.09323
3014754,7.6951976
3014755,815.7188
3014756,697.10266
3014757,205.668
3014758,169.11838
3014759,71.68884
3014760,3347.6301
3014761,19.722826
3014762,1.7751273
3014763,20.644312
3014764,20.585443
3014765,-0.0111337425
3014766,168.87207
3014767,6.45818
3014768,18.768242
3014769,12.151602
3014770,81.02701
3014771,6.2931433
3014772,332.47064
3014773,210.4759
3014774,5.4372067
3014775,7.317831
3014776,296.42514
3014777,92.80496
3014778,1584.0624
3014779,34.344376
3014780,17.668379
3014781,6.783375
3014782,0.10332267
3014783,5.70398
3014784,2963.771
3014785,0.0038388707
3014786,459.2271
3014787,7.7208333
3014788,810.79755
3014789,693.71405
3014790,205.43242
3014791,170.50822
3014792,71.429054
3014793,3293.2659
3014794,19.667154
3014795,1.773373
3014796,20.675991
3014797,20.6396
3014798,-0.12624536
3014799,168.84758
3014800,6.3821516
3014801,19.107922
3014802,12.288044
3014803,83.656784
3014804,6.2668686
3014805,329.93814
3014806,210.56552
3014807,5.2723904
3014808,7.366098
3014809,287.4102
3014810,92.8487
3014811,1584.0071
3014812,34.356506
3014813,17.734726
3014814,6.718713
3014815,0.07413392
3014816,5.7080946
3014817,2996.3386
3014818,0.04728657
3014819,456.79672
3014820,7.782836
3014821,812.58777
3014822,693.62775
3014823,206.23035
3014824,167.66577
3014825,71.10787
3014826,3277.8367
3014827,19.626066
3014828,1.778205
3014829,20.627777
3014830,20.728125
3014831,-0.13400358
3014832,168.86588
3014833,6.451293
3014834,18.824066
3014835,12.469837
3014836,81.203804
3014837,6.2229805
3014838,330.12158
3014839,208.24553
3014840,5.2507024
3014841,7.3133965
3014842,286.61832
3014843,91.97983
3014844,1584.0598
3014845,34.3022
3014846,17.475882
3014847,6.160935
3014848,0.06039022
3014849,5.6672974
3014850,2981.5452
3014851,-0.065594114
3014852,459.10986
3014853,7.736776
3014854,799.93445
3014855,686.08777
3014856,204.06467
3014857,169.99478
3014858,71.17547
3014859,3276.38
3014860,19.815308
3014861,1.7909448
3014862,20.517426
3014863,20.750414
3014864,-0.22924744
3014865,168.93935
3014866,6.50928
3014867,17.047989
3014868,12.275849
3014869,81.08835
3014870,6.2509227
3014871,327.56186
3014872,206.99092
3014873,5.3834643
3014874,7.3556066
3014875,288.78842
3014876,91.50358
3014877,1584.0391
3014878,34.34345
3014879,17.265814
3014880,6.6982794
3014881,0.07854618
3014882,5.609455
3014883,2981.6455
3014884,0.015556786
3014885,457.3486
3014886,7.7378135
3014887,804.51196
3014888,687.75323
3014889,202.87663
3014890,170.22447
3014891,71.03963
3014892,3261.4307
3014893,19.6575
3014894,1.7805303
3014895,20.669106
3014896,20.639858
3014897,-0.19224994
3014898,168.86649
3014899,6.441827
3014900,18.955807
3014901,12.466753
3014902,71.91542
3014903,6.2548323
3014904,326.80908
3014905,206.62202
3014906,5.423797
3014907,7.3300314
3014908,286.8878
3014909,92.79692
3014910,1583.9967
3014911,34.427116
3014912,17.591976
3014913,6.7628245
3014914,0.11630289
3014915,5.682291
3014916,2972.722
3014917,-0.039978556
3014918,454.08582
3014919,7.673211
3014920,798.99744
3014921,681.59216
3014922,201.78745
3014923,169.42018
3014924,71.02784
3014925,3277.9724
3014926,19.280241
3014927,1.7818332
3014928,20.656925
3014929,20.596413
3014930,-0.11323693
3014931,168.89493
3014932,6.4834895
3014933,18.876896
3014934,12.347699
3014935,81.141075
3014936,6.242547
3014937,322.403
3014938,206.36252
3014939,5.27902
3014940,7.2644825
3014941,283.30997
3014942,91.711555
3014943,1584.174
3014944,34.392174
3014945,17.281961
3014946,6.707248
3014947,0.09759385
3014948,5.614474
3014949,2979.211
3014950,0.070056945
3014951,456.32343
3014952,7.7323895
3014953,801.6839
3014954,687.70465
3014955,201.63379
3014956,170.08202
3014957,70.86193
3014958,3278.8574
3014959,19.392467
3014960,1.7821336
3014961,20.540022
3014962,20.644873
3014963,-0.06283687
3014964,168.74753
3014965,6.4210057
3014966,19.183289
3014967,12.5026865
3014968,80.75166
3014969,6.280626
3014970,328.0327
3014971,206.40489
3014972,5.312688
3014973,7.2464347
3014974,284.62018
3014975,94.14195
3014976,1583.9729
3014977,34.278614
3014978,17.354832
3014979,6.650315
3014980,0.15004106
3014981,5.6754
3014982,2951.3118
3014983,-0.0074398313
3014984,456.68042
3014985,7.795647
3014986,801.46423
3014987,685.35846
3014988,202.89667
3014989,169.32741
3014990,70.84176
3014991,3272.3218
3014992,19.60663
3014993,1.7675878
3014994,20.53435
3014995,20.604607
3014996,-0.16580383
3014997,168.81372
3014998,6.3875504
3014999,19.133204
3015000,12.68785
3015001,67.1946
3015002,6.216652
3015003,326.23105
3015004,206.1358
3015005,5.3927727
3015006,7.2635784
3015007,285.79904
3015008,93.715225
3015009,1584.1156
3015010,34.341877
3015011,17.192856
3015012,6.6513333
3015013,0.04679256
3015014,5.64166
3015015,2972.8962
3015016,0.06196133
3015017,459.02112
3015018,7.767106
3015019,802.62115
3015020,688.0424
3015021,203.29448
3015022,167.89865
3015023,71.16703
3015024,3278.2898
3015025,19.755323
3015026,1.7917596
3015027,20.716595
3015028,20.659428
3015029,-0.22651927
3015030,168.82632
3015031,6.435722
3015032,18.947336
3015033,12.53614
3015034,81.27354
3015035,6.1979837
3015036,330.17297
3015037,206.35432
3015038,5.367217
3015039,7.2398286
3015040,286.89462
3015041,94.45848
3015042,1584.0057
3015043,34.310978
3015044,17.298113
3015045,6.6823654
3015046,0.053437322
3015047,5.5686812
3015048,2968.6475
3015049,-0.08853976
3015050,462.00317
3015051,7.6708646
3015052,802.2577
3015053,685.51056
3015054,203.76537
3015055,169.60713
3015056,71.032906
3015057,3268.407
3015058,19.74728
3015059,1.7700119
3015060,20.687265
3015061,20.628942
3015062,-0.22935256
3015063,168.82613
3015064,6.505914
3015065,19.068306
3015066,12.247517
3015067,81.03124
3015068,6.300289
3015069,322.4875
3015070,206.36365
3015071,5.3275566
3015072,7.336057
3015073,284.0833
3015074,94.146965
3015075,1584.0973
3015076,34.312965
3015077,17.447577
3015078,6.077735
3015079,0.09674578
3015080,5.64778
3015081,2929.6172
3015082,0.059406783
3015083,459.29932
3015084,7.7779145
3015085,797.2973
3015086,684.94507
3015087,203.90773
3015088,169.24939
3015089,70.88103
3015090,3271.8662
3015091,19.474003
3015092,1.7772288
3015093,20.614912
3015094,20.69591
3015095,-0.23998642
3015096,168.88358
3015097,6.377138
3015098,19.28756
3015099,12.339747
3015100,72.08797
3015101,6.2495713
3015102,322.47565
3015103,206.46901
3015104,5.3984795
3015105,7.4522734
3015106,287.20465
3015107,94.162544
3015108,1584.1117
3015109,34.39097
3015110,17.504513
3015111,5.979932
3015112,0.08265614
3015113,5.5889854
3015114,2930.6484
3015115,0.010496868
3015116,464.67267
3015117,7.6174836
3015118,803.799
3015119,681.6509
3015120,203.20178
3015121,168.6006
3015122,70.87604
3015123,3288.147
3015124,19.417866
3015125,1.7760246
3015126,20.664795
3015127,20.67097
3015128,-0.031072255
3015129,168.74988
3015130,6.448538
3015131,18.874899
3015132,12.339571
3015133,80.82323
3015134,6.2485857
3015135,322.13483
3015136,207.2869
3015137,5.3634334
3015138,7.271466
3015139,289.63672
3015140,92.18817
3015141,1583.9769
3015142,34.23311
3015143,17.275614
3015144,6.0624638
3015145,0.109718435
3015146,5.561872
3015147,2914.9705
3015148,0.09307156
3015149,458.54922
3015150,7.763945
3015151,797.6349
3015152,676.6605
3015153,202.88596
3015154,170.79134
3015155,70.31719
3015156,3265.755
3015157,19.611862
3015158,1.769317
3015159,20.688723
3015160,20.738892
3015161,-0.12253016
3015162,168.75107
3015163,6.5023646
3015164,19.271786
3015165,12.709052
3015166,72.064316
3015167,6.287578
3015168,319.41873
3015169,207.61629
3015170,5.3086724
3015171,7.420454
3015172,284.24722
3015173,92.20197
3015174,1584.0242
3015175,34.359814
3015176,16.830788
3015177,6.0929646
3015178,-0.004793312
3015179,5.617453
3015180,3007.5906
3015181,-0.040252626
3015182,458.05743
3015183,7.646673
3015184,797.71136
3015185,690.4426
3015186,205.16832
3015187,172.74966
3015188,71.11487
3015189,3260.4375
3015190,19.682734
3015191,1.7822438
3015192,20.663137
3015193,20.710396
3015194,-0.15017587
3015195,168.8206
3015196,6.465824
3015197,17.14405
3015198,12.525045
3015199,72.05469
3015200,6.219346
3015201,330.64395
3015202,206.84528
3015203,5.2918797
3015204,7.324743
3015205,283.00073
3015206,96.38448
3015207,1584.1677
3015208,34.305126
3015209,17.582865
3015210,5.957266
3015211,0.18540767
3015212,5.5894723
3015213,3219.4924
3015214,-0.043039497
3015215,460.4794
3015216,7.814885
3015217,795.25793
3015218,697.18097
3015219,206.46898
3015220,171.59926
3015221,71.70142
3015222,3283.914
3015223,19.92772
3015224,1.7984473
3015225,20.66378
3015226,20.760103
3015227,-0.058565155
3015228,168.91876
3015229,6.459738
3015230,19.312998
3015231,12.326401
3015232,80.94036
3015233,6.2657433
3015234,334.40753
3015235,206.47142
3015236,5.403676
3015237,7.3300986
3015238,297.44446
3015239,94.65464
3015240,1584.0035
3015241,34.271908
3015242,17.759768
3015243,6.681002
3015244,0.120290816
3015245,5.545484
3015246,3238.2222
3015247,0.008717307
3015248,460.54257
3015249,7.755436
3015250,802.3525
3015251,709.4037
3015252,207.2349
3015253,173.33224
3015254,72.60963
3015255,3299.7483
3015256,19.936605
3015257,1.7929369
3015258,20.59921
3015259,20.630644
3015260,-0.114635505
3015261,168.8554
3015262,6.5476465
3015263,19.428053
3015264,12.31268
3015265,67.30583
3015266,6.1976724
3015267,337.7417
3015268,206.29892
3015269,5.3865514
3015270,7.276933
3015271,299.66757
3015272,96.63715
3015273,1584.0448
3015274,34.308193
3015275,18.155819
3015276,6.7320333
3015277,-0.015970984
3015278,5.590728
3015279,3268.3994
3015280,0.010255531
3015281,464.02893
3015282,7.735015
3015283,805.31934
3015284,720.682
3015285,208.65768
3015286,174.13821
3015287,73.39682
3015288,3341.2222
3015289,19.957626
3015290,1.7739875
3015291,20.512907
3015292,20.674517
3015293,-0.03995193
3015294,168.73387
3015295,6.507082
3015296,18.893442
3015297,12.594525
3015298,81.15763
3015299,6.1660156
3015300,341.03644
3015301,208.01958
3015302,5.2998357
3015303,7.4098096
3015304,304.35748
3015305,96.355774
3015306,1583.9924
3015307,34.28454
3015308,18.131594
3015309,6.7600613
3015310,0.09202798
3015311,5.6100926
3015312,3245.4993
3015313,0.00020485219
3015314,464.58838
3015315,7.7524724
3015316,805.67163
3015317,721.6713
3015318,209.83272
3015319,176.0619
3015320,74.0307
3015321,3333.9685
3015322,19.88152
3015323,1.770271
3015324,20.630693
3015325,20.603245
3015326,-0.07101937
3015327,168.84274
3015328,6.3894596
3015329,18.069864
3015330,12.425292
3015331,83.768105
3015332,6.3230076
3015333,342.0678
3015334,207.48497
3015335,5.439721
3015336,7.2620134
3015337,304.7734
3015338,98.82212
3015339,1584.1628
3015340,34.336033
3015341,18.063227
3015342,6.7444277
3015343,0.054697447
3015344,5.648965
3015345,3272.6833
3015346,0.037912097
3015347,465.96707
3015348,7.7811837
3015349,804.55505
3015350,728.50916
3015351,209.86073
3015352,175.74445
3015353,74.086395
3015354,3326.6426
3015355,19.836721
3015356,1.7801356
3015357,20.67323
3015358,20.783388
3015359,-0.1296014
3015360,168.84435
3015361,6.478941
3015362,19.382717
3015363,12.837773
3015364,71.94327
3015365,6.195697
3015366,340.83102
3015367,207.38792
3015368,5.314288
3015369,7.2392044
3015370,303.8747
3015371,98.807846
3015372,1584.0973
3015373,34.295013
3015374,18.151716
3015375,6.873581
3015376,0.1047789
3015377,5.7946534
3015378,3245.316
3015379,0.10922904
3015380,465.7068
3015381,7.8270507
3015382,808.05237
3015383,730.45245
3015384,210.01106
3015385,176.44876
3015386,75.3375
3015387,3344.1504
3015388,19.9687
3015389,1.7691319
3015390,20.663061
3015391,20.730885
3015392,-0.14645454
3015393,168.82184
3015394,6.4530835
3015395,18.899797
3015396,12.684422
3015397,80.92872
3015398,6.196421
3015399,336.8294
3015400,207.2072
3015401,5.41129
3015402,7.310099
3015403,310.2626
3015404,98.57156
3015405,1584.0383
3015406,34.40715
3015407,18.103254
3015408,6.872489
3015409,0.050744135
3015410,5.9117994
3015411,3391.895
3015412,-0.062090747
3015413,467.6861
3015414,7.760495
3015415,806.4369
3015416,724.74316
3015417,210.02295
3015418,176.76306
3015419,75.50933
3015420,3366.0269
3015421,20.0712
3015422,1.7671512
3015423,20.527685
3015424,20.637066
3015425,-0.15205616
3015426,168.9105
3015427,6.5097136
3015428,19.455738
3015429,12.607251
3015430,81.09713
3015431,6.1663265
3015432,341.36584
3015433,207.20795
3015434,5.387222
3015435,7.3815036
3015436,312.06293
3015437,90.07235
3015438,1584.0935
3015439,34.331722
3015440,18.433752
3015441,6.85789
3015442,0.11438413
3015443,5.771496
3015444,3383.976
3015445,-0.07868658
3015446,477.48477
3015447,7.7900443
3015448,806.6716
3015449,732.7545
3015450,210.12418
3015451,180.74547
3015452,75.62821
3015453,3361.8643
3015454,19.947178
3015455,1.7785087
3015456,20.575314
3015457,20.642447
3015458,-0.2504695
3015459,168.80156
3015460,6.446751
3015461,19.323862
3015462,12.62489
3015463,67.2992
3015464,6.277212
3015465,344.32492
3015466,206.60915
3015467,5.4394913
3015468,7.416292
3015469,310.0507
3015470,96.940674
3015471,1584.151
3015472,34.358654
3015473,18.34499
3015474,6.8035417
3015475,0.07875489
3015476,5.777973
3015477,3290.0298
3015478,0.08580223
3015479,469.27423
3015480,7.814854
3015481,796.0792
3015482,730.39777
3015483,209.87384
3015484,177.80312
3015485,74.402275
3015486,3315.0806
3015487,19.264713
3015488,1.7827176
3015489,20.697374
3015490,20.729801
3015491,-0.19829793
3015492,168.9161
3015493,6.5248213
3015494,19.340973
3015495,12.585442
3015496,81.046524
3015497,6.29864
3015498,342.62332
3015499,206.59608
3015500,5.2726254
3015501,7.2658396
3015502,309.64072
3015503,90.04402
3015504,1584.1619
3015505,34.316833
3015506,18.096426
3015507,6.8199863
3015508,0.16801885
3015509,5.6891975
3015510,3302.8826
3015511,0.09162355
3015512,461.84326
3015513,7.789371
3015514,794.5085
3015515,721.2834
3015516,208.29465
3015517,173.99577
3015518,74.09613
3015519,3297.0234
3015520,19.570576
3015521,1.7803463
3015522,20.640633
3015523,20.680498
3015524,-0.046572108
3015525,168.84059
3015526,6.3663383
3015527,19.092825
3015528,12.698717
3015529,81.01934
3015530,6.3006153
3015531,341.48856
3015532,203.73907
3015533,5.3503127
3015534,7.3607774
3015535,309.05957
3015536,97.69282
3015537,1584.1427
3015538,34.359795
3015539,18.113619
3015540,6.775089
3015541,0.12977053
3015542,5.614159
3015543,3289.0195
3015544,0.07144121
3015545,457.29907
3015546,7.6698046
3015547,794.0675
3015548,715.5582
3015549,202.45099
3015550,170.18143
3015551,72.99518
3015552,3230.0579
3015553,19.564325
3015554,1.7689384
3015555,20.604837
3015556,20.72177
3015557,-0.20942587
3015558,168.84053
3015559,6.5452776
3015560,19.180178
3015561,12.573639
3015562,80.86988
3015563,6.26559
3015564,342.6904
3015565,202.7945
3015566,5.284173
3015567,7.4131207
3015568,301.77234
3015569,96.78075
3015570,1584.0977
3015571,34.312813
3015572,18.064913
3015573,6.7884254
3015574,0.14171416
3015575,5.635879
3015576,3273.1577
3015577,0.042072505
3015578,464.32794
3015579,7.6775904
3015580,788.36115
3015581,710.55566
3015582,203.03976
3015583,174.88702
3015584,74.15221
3015585,3243.9622
3015586,19.415607
3015587,1.8004109
3015588,20.614725
3015589,20.746124
3015590,-0.228057
3015591,168.88527
3015592,6.514141
3015593,19.21508
3015594,12.556569
3015595,80.90867
3015596,6.229861
3015597,341.05954
3015598,202.93748
3015599,5.4187937
3015600,7.3082895
3015601,306.59952
3015602,96.80992
3015603,1584.1538
3015604,34.3972
3015605,18.159441
3015606,6.73417
3015607,0.14568019
3015608,5.59701
3015609,3317.5796
3015610,-0.06911675
3015611,457.9074
3015612,7.6966286
3015613,792.7944
3015614,724.78143
3015615,203.32442
3015616,173.38628
3015617,74.1331
3015618,3247.7834
3015619,19.633675
3015620,1.8071413
3015621,20.572536
3015622,20.652475
3015623,-0.019067066
3015624,168.84932
3015625,6.4692316
3015626,19.166185
3015627,12.4890785
3015628,72.01986
3015629,6.2504363
3015630,339.41556
3015631,203.05849
3015632,5.332886
3015633,7.3524594
3015634,309.3404
3015635,98.78701
3015636,1584.0044
3015637,34.354626
3015638,18.198566
3015639,6.743204
3015640,0.08770819
3015641,5.61925
3015642,3286.2812
3015643,0.026658885
3015644,460.32898
3015645,7.744285
3015646,799.3295
3015647,729.94183
3015648,202.84198
3015649,176.8879
3015650,73.89841
3015651,3288.3218
3015652,19.897793
3015653,1.8151493
3015654,20.641138
3015655,20.608604
3015656,-0.15521374
3015657,168.73177
3015658,6.4667373
3015659,19.203747
3015660,12.398043
3015661,80.94996
3015662,6.262604
3015663,342.64816
3015664,203.91681
3015665,5.435995
3015666,7.2236547
3015667,310.9671
3015668,90.08779
3015669,1584.0636
3015670,34.36465
3015671,18.224733
3015672,6.7720428
3015673,0.024464553
3015674,5.5639796
3015675,3283.9688
3015676,-0.06250994
3015677,467.06577
3015678,7.6420608
3015679,791.31866
3015680,730.8198
3015681,204.03922
3015682,176.86574
3015683,74.94407
3015684,3268.441
3015685,19.860966
3015686,1.7790862
3015687,20.590933
3015688,20.809664
3015689,-0.107228585
3015690,168.88034
3015691,6.5075107
3015692,19.176756
3015693,12.633314
3015694,67.20247
3015695,6.335053
3015696,341.346
3015697,203.44434
3015698,5.3882575
3015699,7.391274
3015700,315.24326
3015701,90.041466
3015702,1584.0203
3015703,34.317047
3015704,18.208652
3015705,6.7445917
3015706,0.039210882
3015707,5.5980663
3015708,3337.7322
3015709,0.077400275
3015710,465.55502
3015711,7.651115
3015712,788.7082
3015713,732.46576
3015714,205.52264
3015715,176.52884
3015716,74.433136
3015717,3288.1309
3015718,20.224564
3015719,1.8082346
3015720,20.661913
3015721,20.694036
3015722,-0.16543227
3015723,168.71094
3015724,6.3759646
3015725,19.351448
3015726,12.763454
3015727,75.02988
3015728,6.202478
3015729,341.57895
3015730,202.7426
3015731,5.3707705
3015732,7.4148073
3015733,313.50653
3015734,90.07051
3015735,1584.0663
3015736,34.380253
3015737,18.091759
3015738,6.8502827
3015739,0.15199527
3015740,5.646381
3015741,3311.7192
3015742,0.08159989
3015743,463.36237
3015744,7.75213
3015745,791.0398
3015746,725.1118
3015747,206.129
3015748,171.81673
3015749,73.81484
3015750,3312.8257
3015751,19.656506
3015752,1.7756115
3015753,20.614786
3015754,20.740286
3015755,-0.2212226
3015756,168.76999
3015757,6.494769
3015758,19.326977
3015759,12.695176
3015760,81.0468
3015761,6.1421556
3015762,339.95856
3015763,204.51253
3015764,5.3104873
3015765,7.212831
3015766,314.24258
3015767,90.033394
3015768,1583.9727
3015769,34.264626
3015770,18.07702
3015771,6.901351
3015772,0.089756824
3015773,5.6472063
3015774,3397.4312
3015775,-0.073513724
3015776,473.2501
3015777,7.707564
3015778,800.34735
3015779,731.01483
3015780,210.6087
3015781,173.29675
3015782,73.88419
3015783,3282.2937
3015784,19.934156
3015785,1.7758209
3015786,20.565664
3015787,20.717112
3015788,-0.056830328
3015789,168.8012
3015790,6.441682
3015791,19.26248
3015792,12.870512
3015793,71.92764
3015794,6.212028
3015795,340.68747
3015796,205.49583
3015797,5.3009005
3015798,7.3465257
3015799,319.80832
3015800,90.831
3015801,1583.9869
3015802,34.320305
3015803,18.135494
3015804,6.875536
3015805,0.08415516
3015806,5.800808
3015807,3378.542
3015808,-0.02773874
3015809,465.8291
3015810,7.6504426
3015811,795.1323
3015812,730.17773
3015813,208.60309
3015814,170.504
3015815,73.038506
3015816,3336.2317
3015817,19.960896
3015818,1.7740481
3015819,20.551342
3015820,20.760698
3015821,-0.12882926
3015822,168.8731
3015823,6.3710775
3015824,19.43755
3015825,12.810933
3015826,72.087105
3015827,6.2413483
3015828,341.71124
3015829,203.90842
3015830,5.256577
3015831,7.227809
3015832,313.72073
3015833,89.95
3015834,1584.0269
3015835,34.387184
3015836,18.133842
3015837,6.9746284
3015838,0.10185063
3015839,5.81524
3015840,3436.331
3015841,0.0261868
3015842,466.29205
3015843,7.8189077
3015844,794.23193
3015845,731.9104
3015846,210.80933
3015847,173.22287
3015848,73.36404
3015849,3307.2258
3015850,20.031446
3015851,1.7768751
3015852,20.640646
3015853,20.693958
3015854,-0.113262706
3015855,168.89902
3015856,6.4574013
3015857,19.195993
3015858,12.530795
3015859,71.95059
3015860,6.3694034
3015861,340.4097
3015862,204.58186
3015863,5.354488
3015864,7.409936
3015865,315.87726
3015866,88.66821
3015867,1584.0344
3015868,34.245552
3015869,18.124544
3015870,6.8364
3015871,0.002547476
3015872,5.791351
3015873,3436.6396
3015874,-0.08314256
3015875,467.12247
3015876,7.805888
3015877,804.19354
3015878,720.69257
3015879,210.11626
3015880,173.17557
3015881,72.89895
3015882,3294.4565
3015883,19.92638
3015884,1.7672818
3015885,20.625832
3015886,20.629517
3015887,-0.1272628
3015888,168.76492
3015889,6.5129395
3015890,19.416664
3015891,12.552138
3015892,77.150185
3015893,6.3137417
3015894,345.61404
3015895,205.89644
3015896,5.4128313
3015897,7.3202724
3015898,312.1636
3015899,98.94355
3015900,1584.0933
3015901,34.28256
3015902,18.167797
3015903,6.938586
3015904,0.084848374
3015905,5.8781166
3015906,3354.4287
3015907,0.10575564
3015908,466.5883
3015909,7.7642455
3015910,801.91516
3015911,726.802
3015912,206.66254
3015913,169.37476
3015914,71.79354
3015915,3294.2097
3015916,19.534822
3015917,1.78124
3015918,20.614761
3015919,20.599657
3015920,-0.093194045
3015921,168.85068
3015922,6.4125137
3015923,19.18248
3015924,12.604925
3015925,81.2039
3015926,6.331908
3015927,342.387
3015928,205.14085
3015929,5.3087144
3015930,7.338295
3015931,315.5756
3015932,97.65782
3015933,1584.0507
3015934,34.37643
3015935,18.125402
3015936,6.9778576
3015937,0.012437331
3015938,5.7040434
3015939,3319.2043
3015940,0.098368816
3015941,464.1263
3015942,7.762336
3015943,804.74615
3015944,714.58417
3015945,207.21503
3015946,171.76683
3015947,71.74251
3015948,3277.7058
3015949,19.514315
3015950,1.7784799
3015951,20.667316
3015952,20.660229
3015953,-0.13479635
3015954,168.81151
3015955,6.423944
3015956,19.23629
3015957,12.556046
3015958,83.769585
3015959,6.241183
3015960,338.5826
3015961,205.00076
3015962,5.329429
3015963,7.270838
3015964,309.3364
3015965,97.60071
3015966,1584.0779
3015967,34.42603
3015968,17.9215
3015969,7.040305
3015970,0.12313395
3015971,5.731654
3015972,3329.4363
3015973,-0.10345242
3015974,465.6838
3015975,7.6516347
3015976,808.9543
3015977,706.65546
3015978,208.76303
3015979,169.96593
3015980,71.22291
3015981,3337.1052
3015982,19.337578
3015983,1.7701405
3015984,20.642458
3015985,20.707462
3015986,-0.0987721
3015987,168.86647
3015988,6.5371
3015989,19.1574
3015990,12.712799
3015991,76.56372
3015992,6.241993
3015993,341.52017
3015994,203.41156
3015995,5.411406
3015996,7.363235
3015997,313.04297
3015998,98.77615
3015999,1584.0457
3016000,34.256504
3016001,17.938606
3016002,7.0326495
3016003,-0.011218056
3016004,5.8496485
3016005,3343.062
3016006,-0.055022955
3016007,465.90024
3016008,7.8204265
3016009,809.41254
3016010,713.3679
3016011,206.69353
3016012,169.48268
3016013,71.08702
3016014,3305.665
3016015,19.698662
3016016,1.7784824
3016017,20.667957
3016018,20.733711
3016019,-0.0036876535
3016020,168.79819
3016021,6.4831557
3016022,18.845583
3016023,12.525481
3016024,80.81846
3016025,6.3066
3016026,340.70834
3016027,202.73763
3016028,5.4366107
3016029,7.358672
3016030,311.5586
3016031,96.92792
3016032,1584.1292
3016033,34.301456
3016034,17.9313
3016035,7.05342
3016036,0.07582538
3016037,5.771381
3016038,3304.672
3016039,0.020584233
3016040,468.15216
3016041,7.766552
3016042,803.5105
3016043,715.6672
3016044,208.48648
3016045,169.04288
3016046,71.906006
3016047,3332.5796
3016048,19.966257
3016049,1.7745816
3016050,20.621033
3016051,20.62116
3016052,-0.007421731
3016053,168.72746
3016054,6.5164623
3016055,19.239899
3016056,12.574125
3016057,81.3177
3016058,6.2487164
3016059,340.04834
3016060,203.50098
3016061,5.390955
3016062,7.308574
3016063,304.5376
3016064,97.756485
3016065,1584.0565
3016066,34.37074
3016067,17.99939
3016068,6.983269
3016069,0.029478455
3016070,5.8212485
3016071,3350.7454
3016072,0.018840257
3016073,466.72565
3016074,7.6851134
3016075,791.50116
3016076,710.0742
3016077,207.24017
3016078,171.47408
3016079,71.80173
3016080,3329.5474
3016081,19.619213
3016082,1.7837955
3016083,20.53819
3016084,20.687565
3016085,-0.26253185
3016086,168.86147
3016087,6.4461765
3016088,19.133787
3016089,12.802521
3016090,67.210686
3016091,6.257419
3016092,339.01788
3016093,203.5577
3016094,5.251252
3016095,7.315548
3016096,304.92487
3016097,94.71163
3016098,1583.9963
3016099,34.334377
3016100,17.935003
3016101,6.930426
3016102,0.13979773
3016103,5.764948
3016104,3252.2454
3016105,-0.01729317
3016106,466.19757
3016107,7.7316737
3016108,805.6878
3016109,710.3442
3016110,204.63899
3016111,170.3104
3016112,71.1887
3016113,3325.5112
3016114,19.516815
3016115,1.7866611
3016116,20.683167
3016117,20.608313
3016118,-0.14313631
3016119,168.76518
3016120,6.5666723
3016121,18.854853
3016122,12.514714
3016123,80.823555
3016124,6.268369
3016125,336.77823
3016126,200.74876
3016127,5.325246
3016128,7.3428044
3016129,304.21765
3016130,96.17734
3016131,1584.051
3016132,34.45093
3016133,17.764267
3016134,6.9915304
3016135,0.16175228
3016136,5.6706467
3016137,3298.9592
3016138,0.020413125
3016139,465.5424
3016140,7.8249254
3016141,792.17847
3016142,703.7159
3016143,203.51007
3016144,174.70801
3016145,72.13088
3016146,3293.0312
3016147,19.65679
3016148,1.7978208
3016149,20.67703
3016150,20.80026
3016151,-0.19553602
3016152,168.79698
3016153,6.562234
3016154,18.891716
3016155,12.729038
3016156,76.65692
3016157,6.250007
3016158,334.74335
3016159,200.68367
3016160,5.3415136
3016161,7.3082433
3016162,305.19495
3016163,95.00983
3016164,1584.0968
3016165,34.406914
3016166,17.81405
3016167,6.849351
3016168,0.06620665
3016169,5.7089524
3016170,3265.6619
3016171,0.010270842
3016172,462.82037
3016173,7.7306085
3016174,781.29395
3016175,698.67535
3016176,202.36832
3016177,168.67201
3016178,71.59737
3016179,3248.917
3016180,19.715393
3016181,1.7823464
3016182,20.669064
3016183,20.653017
3016184,-0.025965426
3016185,168.79372
3016186,6.460558
3016187,17.04976
3016188,12.633395
3016189,67.2944
3016190,6.20962
3016191,333.86334
3016192,199.7157
3016193,5.3270187
3016194,7.2995152
3016195,299.9901
3016196,93.894966
3016197,1584.1436
3016198,34.349415
3016199,17.6389
3016200,6.7721252
3016201,-0.03167726
3016202,5.6624155
3016203,3260.202
3016204,-0.028480543
3016205,465.66953
3016206,7.743039
3016207,791.39294
3016208,695.0042
3016209,202.86282
3016210,170.80664
3016211,72.015205
3016212,3262.389
3016213,19.928799
3016214,1.7794603
3016215,20.574488
3016216,20.61758
3016217,-0.108216584
3016218,168.77324
3016219,6.513156
3016220,18.845194
3016221,12.710789
3016222,83.71166
3016223,6.251824
3016224,334.6121
3016225,200.60449
3016226,5.3570247
3016227,7.3442802
3016228,299.0209
3016229,93.956024
3016230,1584.1436
3016231,34.319935
3016232,17.557585
3016233,6.810309
3016234,0.13450272
3016235,5.6419444
3016236,3305.0776
3016237,0.0031338425
3016238,466.08356
3016239,7.7491527
3016240,796.79254
3016241,710.7411
3016242,203.79448
3016243,172.69907
3016244,72.07342
3016245,3260.685
3016246,19.70569
3016247,1.7798399
3016248,20.677149
3016249,20.687998
3016250,-0.12766635
3016251,168.86542
3016252,6.455088
3016253,18.86637
3016254,12.652872
3016255,81.17287
3016256,6.2928014
3016257,336.1779
3016258,200.92346
3016259,5.3328514
3016260,7.1935506
3016261,304.70673
3016262,94.961815
3016263,1584.1365
3016264,34.42508
3016265,17.906881
3016266,6.714542
3016267,0.0882825
3016268,5.702635
3016269,3346.1025
3016270,-0.052631304
3016271,466.1554
3016272,7.7412057
3016273,800.3451
3016274,713.3121
3016275,206.4688
3016276,171.6483
3016277,71.90677
3016278,3314.0896
3016279,19.884626
3016280,1.7789853
3016281,20.605738
3016282,20.725853
3016283,-0.22772843
3016284,168.75182
3016285,6.4551105
3016286,18.930918
3016287,12.736805
3016288,81.25167
3016289,6.3136396
3016290,333.73657
3016291,200.8831
3016292,5.382981
3016293,7.25264
3016294,302.95297
3016295,96.98174
3016296,1584.1119
3016297,34.41532
3016298,17.517183
3016299,6.7836847
3016300,0.02310158
3016301,5.757388
3016302,3350.1846
3016303,0.0049886703
3016304,464.324
3016305,7.7389007
3016306,786.69446
3016307,706.0767
3016308,207.1649
3016309,169.68004
3016310,71.68295
3016311,3290.577
3016312,19.813534
3016313,1.6930239
3016314,20.612091
3016315,20.586943
3016316,-0.16431293
3016317,168.7805
3016318,6.501155
3016319,18.816143
3016320,12.83846
3016321,81.29278
3016322,6.228338
3016323,338.39307
3016324,202.47574
3016325,5.322708
3016326,7.2983284
3016327,301.11652
3016328,94.81694
3016329,1584.1146
3016330,34.279728
3016331,17.763676
3016332,6.7582836
3016333,0.11739565
3016334,5.7412143
3016335,3388.1074
3016336,-0.0070880116
3016337,467.7806
3016338,7.8162236
3016339,790.0016
3016340,708.0443
3016341,207.8625
3016342,168.7411
3016343,71.964645
3016344,3309.1028
3016345,19.6674
3016346,1.780036
3016347,20.512423
3016348,20.687243
3016349,-0.16936158
3016350,168.77557
3016351,6.5064816
3016352,19.190413
3016353,12.734071
3016354,67.2794
3016355,6.2342362
3016356,338.16104
3016357,202.90343
3016358,5.303909
3016359,7.429139
3016360,302.93192
3016361,98.66877
3016362,1584.1007
3016363,34.3892
3016364,17.6688
3016365,6.788572
3016366,0.067195036
3016367,5.846662
3016368,3326.5168
3016369,0.00012421273
3016370,466.7079
3016371,7.6466575
3016372,792.7219
3016373,709.6156
3016374,209.20576
3016375,171.21286
3016376,71.76974
3016377,3306.2073
3016378,19.77406
3016379,1.7962929
3016380,20.55999
3016381,20.62231
3016382,-0.13096276
3016383,168.84068
3016384,6.4004498
3016385,18.90372
3016386,12.7677
3016387,80.92774
3016388,6.320656
3016389,336.87393
3016390,202.27002
3016391,5.327764
3016392,7.358523
3016393,303.36353
3016394,97.55074
3016395,1584.0647
3016396,34.415512
3016397,17.538977
3016398,6.784625
3016399,0.10149569
3016400,5.841451
3016401,3317.363
3016402,0.10135483
3016403,469.18387
3016404,7.6807632
3016405,805.0186
3016406,706.6905
3016407,210.84769
3016408,170.64064
3016409,71.884445
3016410,3326.23
3016411,19.920824
3016412,1.7700001
3016413,20.601215
3016414,20.631453
3016415,-0.09661199
3016416,168.81493
3016417,6.396248
3016418,19.22272
3016419,12.890677
3016420,72.02119
3016421,6.173219
3016422,336.7543
3016423,204.55963
3016424,5.32051
3016425,7.376015
3016426,302.82928
3016427,94.96862
3016428,1584.0953
3016429,34.337624
3016430,17.784056
3016431,6.979838
3016432,0.096433036
3016433,5.8329177
3016434,3357.3435
3016435,-0.015725626
3016436,479.7327
3016437,7.6337576
3016438,813.0316
3016439,729.78815
3016440,212.44525
3016441,176.76405
3016442,73.51722
3016443,3348.7595
3016444,20.350702
3016445,1.7588227
3016446,20.702475
3016447,20.664532
3016448,-0.23432665
3016449,168.80731
3016450,6.4795694
3016451,19.17762
3016452,12.796175
3016453,81.285675
3016454,6.2889624
3016455,339.0269
3016456,206.12039
3016457,5.2571783
3016458,7.416167
3016459,312.5661
3016460,88.38944
3016461,1584.1284
3016462,34.281433
3016463,18.09864
3016464,7.035932
3016465,0.00817376
3016466,5.9156146
3016467,3389.246
3016468,0.021484211
3016469,480.22742
3016470,7.6943817
3016471,803.2043
3016472,726.45447
3016473,211.63136
3016474,176.11778
3016475,72.37865
3016476,3344.8818
3016477,19.989878
3016478,1.7745981
3016479,20.686316
3016480,20.605377
3016481,-0.1348984
3016482,168.77583
3016483,6.5352664
3016484,19.109983
3016485,12.675943
3016486,80.86191
3016487,6.1838293
3016488,337.603
3016489,203.38258
3016490,5.3695393
3016491,7.2956834
3016492,309.8672
3016493,90.10126
3016494,1584.1759
3016495,34.261875
3016496,17.863317
3016497,7.028689
3016498,0.12004956
3016499,5.869796
3016500,3397.3047
3016501,0.032259043
3016502,476.2306
3016503,7.762009
3016504,810.66943
3016505,728.4156
3016506,212.94261
3016507,175.94398
3016508,71.913445
3016509,3367.6528
3016510,20.209581
3016511,1.7824173
3016512,20.641249
3016513,20.7025
3016514,-0.08220992
3016515,168.89122
3016516,6.482106
3016517,19.330286
3016518,12.77733
3016519,76.58252
3016520,6.248481
3016521,336.27243
3016522,202.69818
3016523,5.3542233
3016524,7.3590736
3016525,305.22794
3016526,90.098274
3016527,1584.1227
3016528,34.423523
3016529,18.120476
3016530,6.8699846
3016531,0.12535885
3016532,5.9515
3016533,3322.932
3016534,0.024088152
3016535,468.76758
3016536,7.7116995
3016537,805.9293
3016538,715.5807
3016539,212.48317
3016540,175.09044
3016541,72.12219
3016542,3376.395
3016543,20.00531
3016544,1.7824743
3016545,20.677517
3016546,20.682938
3016547,-0.14484043
3016548,168.74934
3016549,6.410192
3016550,19.049997
3016551,12.710661
3016552,81.22982
3016553,6.2085505
3016554,335.53
3016555,204.16794
3016556,5.307487
3016557,7.292603
3016558,305.72882
3016559,97.60726
3016560,1584.1324
3016561,34.36378
3016562,17.675169
3016563,6.86732
3016564,0.10119439
3016565,5.7729707
3016566,3354.9573
3016567,0.013395796
3016568,468.7652
3016569,7.725725
3016570,800.07513
3016571,719.6753
3016572,210.15231
3016573,174.88226
3016574,72.36394
3016575,3351.4067
3016576,20.03338
3016577,1.7750746
3016578,20.580402
3016579,20.588581
3016580,-0.138954
3016581,168.868
3016582,6.4733753
3016583,19.125458
3016584,12.772247
3016585,81.181206
3016586,6.2927895
3016587,332.14755
3016588,205.14244
3016589,5.289978
3016590,7.300738
3016591,299.33627
3016592,99.1311
3016593,1584.1312
3016594,34.377472
3016595,17.95627
3016596,7.016921
3016597,0.083694644
3016598,5.7971387
3016599,3319.457
3016600,0.02152735
3016601,472.3137
3016602,7.68482
3016603,808.79425
3016604,721.4485
3016605,208.63261
3016606,171.02176
3016607,72.00649
3016608,3315.4072
3016609,19.867594
3016610,1.7930567
3016611,20.687777
3016612,20.668734
3016613,-0.074826725
3016614,168.8079
3016615,6.393369
3016616,18.928244
3016617,12.917344
3016618,75.00765
3016619,6.180089
3016620,332.2662
3016621,200.88493
3016622,5.2314787
3016623,7.315508
3016624,299.1986
3016625,98.83792
3016626,1584.0327
3016627,34.342155
3016628,17.860493
3016629,7.0888004
3016630,0.1614878
3016631,5.862705
3016632,3343.1116
3016633,-0.070458725
3016634,472.3832
3016635,7.817372
3016636,802.9457
3016637,706.7841
3016638,207.26526
3016639,173.71635
3016640,72.12348
3016641,3306.179
3016642,19.887363
3016643,1.7727703
3016644,20.59042
3016645,20.737492
3016646,-0.23065661
3016647,168.893
3016648,6.5385294
3016649,19.127832
3016650,12.745379
3016651,81.18208
3016652,6.1935754
3016653,331.86896
3016654,200.69359
3016655,5.3785
3016656,7.309904
3016657,299.70816
3016658,95.09135
3016659,1584.0647
3016660,34.29445
3016661,17.467274
3016662,7.074331
3016663,0.07098378
3016664,5.755144
3016665,3288.7017
3016666,0.056175053
3016667,466.42075
3016668,7.725201
3016669,806.018
3016670,703.0605
3016671,206.35295
3016672,174.08682
3016673,71.333206
3016674,3304.2659
3016675,19.510859
3016676,1.771681
3016677,20.558819
3016678,20.694614
3016679,-0.21547876
3016680,168.78859
3016681,6.454552
3016682,18.950153
3016683,12.948944
3016684,81.22903
3016685,6.187859
3016686,333.17365
3016687,200.1637
3016688,5.3217688
3016689,7.2806253
3016690,296.52444
3016691,94.709465
3016692,1584.1455
3016693,34.281197
3016694,17.772615
3016695,6.9569373
3016696,0.08243692
3016697,5.808411
3016698,3297.1267
3016699,0.118331395
3016700,466.49603
3016701,7.780789
3016702,791.69574
3016703,703.2702
3016704,206.59541
3016705,172.70222
3016706,71.29304
3016707,3308.5
3016708,19.584587
3016709,1.8023053
3016710,20.5789
3016711,20.680489
3016712,-0.014472131
3016713,168.82182
3016714,6.446063
3016715,18.765652
3016716,12.977117
3016717,67.23367
3016718,6.2818265
3016719,332.8114
3016720,199.05609
3016721,5.244478
3016722,7.228498
3016723,290.76245
3016724,96.88342
3016725,1584.0275
3016726,34.294773
3016727,17.596199
3016728,6.9834003
3016729,-0.01928252
3016730,5.976977
3016731,3280.6428
3016732,0.016543487
3016733,472.0437
3016734,7.6389203
3016735,793.9729
3016736,708.6828
3016737,204.99438
3016738,171.83818
3016739,70.67637
3016740,3302.2935
3016741,19.538221
3016742,1.7733268
3016743,20.575739
3016744,20.694002
3016745,-0.114713766
3016746,168.74579
3016747,6.4130063
3016748,19.22118
3016749,12.731443
3016750,80.84673
3016751,6.2388577
3016752,332.6952
3016753,201.0521
3016754,5.283633
3016755,7.331897
3016756,290.53555
3016757,88.69863
3016758,1584.0125
3016759,34.30202
3016760,17.503706
3016761,7.159381
3016762,-0.011012314
3016763,5.851772
3016764,3275.5168
3016765,-0.08040331
3016766,487.46204
3016767,7.663901
3016768,836.9057
3016769,709.81805
3016770,205.79681
3016771,174.5094
3016772,71.01183
3016773,3333.0283
3016774,20.178648
3016775,1.7834444
3016776,20.64775
3016777,20.711185
3016778,-0.14281775
3016779,168.77841
3016780,6.4556646
3016781,19.223532
3016782,12.849047
3016783,72.044235
3016784,6.218341
3016785,331.00375
3016786,203.05545
3016787,5.3592677
3016788,7.3416567
3016789,295.92944
3016790,90.1287
3016791,1584.0638
3016792,34.3343
3016793,17.35711
3016794,7.0562887
3016795,0.09822854
3016796,5.9732895
3016797,3290.728
3016798,0.03838519
3016799,485.45578
3016800,7.6414766
3016801,825.6195
3016802,713.17065
3016803,205.8081
3016804,170.69838
3016805,70.80788
3016806,3326.0847
3016807,19.663479
3016808,1.7842698
3016809,20.692009
3016810,20.719603
3016811,-0.13869578
3016812,168.81473
3016813,6.501048
3016814,19.016806
3016815,12.688532
3016816,72.00617
3016817,6.2252374
3016818,332.6871
3016819,201.57097
3016820,5.3335357
3016821,7.370237
3016822,298.8454
3016823,90.04631
3016824,1584.1304
3016825,34.327976
3016826,17.391203
3016827,6.8818355
3016828,0.18413886
3016829,5.9336257
3016830,3314.986
3016831,-0.015724197
3016832,483.63306
3016833,7.7043567
3016834,832.5624
3016835,711.7991
3016836,205.57214
3016837,173.12553
3016838,70.959076
3016839,3296.285
3016840,19.756884
3016841,1.7934854
3016842,20.56915
3016843,20.690367
3016844,-0.050488602
3016845,168.8535
3016846,6.364245
3016847,19.236582
3016848,12.762845
3016849,67.25974
3016850,6.2262464
3016851,331.03214
3016852,199.71664
3016853,5.377776
3016854,7.342808
3016855,289.4732
3016856,88.39474
3016857,1584.1279
3016858,34.339966
3016859,17.779377
3016860,7.0035243
3016861,0.09054339
3016862,5.8204603
3016863,3298.239
3016864,-0.07937052
3016865,480.67383
3016866,7.792575
3016867,814.0256
3016868,709.4667
3016869,205.34277
3016870,170.42326
3016871,71.04524
3016872,3294.4248
3016873,20.086424
3016874,1.8023999
3016875,20.589064
3016876,20.650852
3016877,-0.044452123
3016878,168.86626
3016879,6.5388355
3016880,19.362646
3016881,12.824234
3016882,76.966064
3016883,6.299064
3016884,331.0201
3016885,200.80225
3016886,5.3734627
3016887,7.3400593
3016888,291.42178
3016889,90.65404
3016890,1584.0197
3016891,34.32091
3016892,17.708174
3016893,7.0590496
3016894,0.10516255
3016895,5.741991
3016896,3247.1714
3016897,0.032992013
3016898,479.51035
3016899,7.735816
3016900,807.58136
3016901,706.2589
3016902,204.25749
3016903,170.30623
3016904,70.47735
3016905,3318.7163
3016906,19.513216
3016907,1.7810274
3016908,20.64302
3016909,20.713688
3016910,-0.19892845
3016911,168.837
3016912,6.494573
3016913,19.161383
3016914,12.792724
3016915,81.151115
3016916,6.261991
3016917,328.46893
3016918,201.99171
3016919,5.2913013
3016920,7.2461696
3016921,296.7924
3016922,88.38176
3016923,1583.9694
3016924,34.33012
3016925,17.325556
3016926,7.093795
3016927,0.07029134
3016928,5.81523
3016929,3256.9797
3016930,-0.0807865
3016931,469.17
3016932,7.7607536
3016933,813.8576
3016934,693.0239
3016935,202.69505
3016936,173.8623
3016937,69.98891
3016938,3260.0195
3016939,19.799833
3016940,1.7701665
3016941,20.608799
3016942,20.5983
3016943,-0.16681947
3016944,168.89612
3016945,6.431338
3016946,19.270565
3016947,12.875328
3016948,72.08507
3016949,6.148659
3016950,326.47318
3016951,200.67299
3016952,5.328442
3016953,7.2649884
3016954,288.5917
3016955,98.629814
3016956,1584.0765
3016957,34.3507
3016958,17.391718
3016959,6.958668
3016960,0.18700016
3016961,5.9914956
3016962,3302.8687
3016963,-0.037991032
3016964,482.85645
3016965,7.737587
3016966,820.57367
3016967,715.3305
3016968,209.38228
3016969,176.6554
3016970,71.02863
3016971,3301.1033
3016972,20.057579
3016973,1.7834612
3016974,20.540056
3016975,20.665726
3016976,-0.20970042
3016977,168.8618
3016978,6.531104
3016979,19.150192
3016980,12.929319
3016981,72.07471
3016982,6.1993904
3016983,333.10892
3016984,200.62679
3016985,5.342094
3016986,7.328058
3016987,289.65607
3016988,99.09239
3016989,1584.0621
3016990,34.381863
3016991,17.78768
3016992,7.1789827
3016993,0.02981527
3016994,6.078308
3016995,3437.2441
3016996,-0.024647444
3016997,496.9533
3016998,7.6790924
3016999,844.1379
3017000,725.97107
3017001,212.19763
3017002,180.99254
3017003,72.4317
3017004,3441.7073
3017005,20.553972
3017006,1.7674595
3017007,20.717834
3017008,20.755888
3017009,-0.1935794
3017010,168.86125
3017011,6.534748
3017012,19.194517
3017013,12.786149
3017014,67.25099
3017015,6.223928
3017016,337.43143
3017017,203.02039
3017018,5.3467216
3017019,7.319703
3017020,304.04184
3017021,99.05915
3017022,1584.1436
3017023,34.40712
3017024,18.062338
3017025,7.06018
3017026,0.059241764
3017027,6.133836
3017028,3443.1536
3017029,0.025949463
3017030,495.62787
3017031,7.7083273
3017032,851.048
3017033,732.1202
3017034,217.07104
3017035,182.60855
3017036,73.2303
3017037,3511.14
3017038,20.952211
3017039,1.7789415
3017040,20.615534
3017041,20.628365
3017042,-0.1239245
3017043,168.87517
3017044,6.430135
3017045,19.236189
3017046,12.996432
3017047,81.09709
3017048,6.269355
3017049,338.9475
3017050,208.32121
3017051,5.253096
3017052,7.305937
3017053,309.75244
3017054,90.18145
3017055,1584.1323
3017056,34.330532
3017057,18.099438
3017058,7.0183296
3017059,0.0655366
3017060,6.080285
3017061,3441.377
3017062,0.0011062892
3017063,495.4615
3017064,7.7013545
3017065,857.6976
3017066,729.5854
3017067,223.50647
3017068,187.05286
3017069,74.176346
3017070,3531.0679
3017071,21.05153
3017072,1.7855102
3017073,20.600063
3017074,20.645588
3017075,-0.20909263
3017076,168.76176
3017077,6.4242826
3017078,19.213583
3017079,12.983589
3017080,67.294716
3017081,6.1603737
3017082,341.9879
3017083,214.56886
3017084,5.2728934
3017085,7.3335505
3017086,317.4646
3017087,98.82082
3017088,1584.1196
3017089,34.324295
3017090,18.125278
3017091,7.109494
3017092,0.1275218
3017093,6.0680614
3017094,3380.0728
3017095,0.019747643
3017096,501.8189
3017097,7.6776924
3017098,873.53345
3017099,739.80383
3017100,222.76003
3017101,185.05061
3017102,74.69317
3017103,3595.3699
3017104,21.403448
3017105,1.7651016
3017106,20.607246
3017107,20.656021
3017108,-0.10770118
3017109,168.818
3017110,6.4003086
3017111,19.094025
3017112,12.745751
3017113,83.61058
3017114,6.187167
3017115,340.16434
3017116,219.46078
3017117,5.4231296
3017118,7.3727355
3017119,317.7512
3017120,90.47092
3017121,1583.9559
3017122,34.324
3017123,18.133722
3017124,6.994627
3017125,0.118857145
3017126,6.1405487
3017127,3399.4895
3017128,0.040936273
3017129,508.94916
3017130,7.6489353
3017131,874.0309
3017132,723.3632
3017133,225.39891
3017134,186.31139
3017135,75.00941
3017136,3630.1248
3017137,21.193205
3017138,1.7689437
3017139,20.740173
3017140,20.639416
3017141,-0.17923711
3017142,168.71512
3017143,6.5410223
3017144,18.054785
3017145,13.174048
3017146,75.05897
3017147,6.2250853
3017148,342.12982
3017149,221.63321
3017150,5.2913194
3017151,7.30873
3017152,318.02463
3017153,90.20831
3017154,1584.0874
3017155,34.22537
3017156,18.249464
3017157,7.030267
3017158,0.06852404
3017159,6.1609626
3017160,3321.4937
3017161,-0.0024303696
3017162,506.7792
3017163,7.725857
3017164,880.6608
3017165,740.83575
3017166,225.97183
3017167,183.5296
3017168,76.23221
3017169,3645.1406
3017170,21.317087
3017171,1.7918293
3017172,20.58062
3017173,20.727604
3017174,-0.11319417
3017175,168.8214
3017176,6.387681
3017177,19.089725
3017178,12.8552475
3017179,81.27829
3017180,6.2712893
3017181,339.10303
3017182,219.16048
3017183,5.319945
3017184,7.249318
3017185,319.77933
3017186,90.133514
3017187,1584.1049
3017188,34.405342
3017189,18.089827
3017190,7.29664
3017191,0.017496744
3017192,6.0555816
3017193,3445.3562
3017194,-0.05130796
3017195,510.31647
3017196,7.754281
3017197,880.5005
3017198,742.53156
3017199,229.2738
3017200,192.64835
3017201,76.498085
3017202,3597.6187
3017203,21.612762
3017204,1.7842807
3017205,20.63976
3017206,20.638222
3017207,-0.15071644
3017208,168.7417
3017209,6.465652
3017210,18.042154
3017211,12.9814625
3017212,67.236725
3017213,6.3138556
3017214,341.93127
3017215,222.31752
3017216,5.3050113
3017217,7.325911
3017218,322.3339
3017219,90.72957
3017220,1584.1799
3017221,34.383614
3017222,18.418005
3017223,7.11296
3017224,0.13317944
3017225,6.1320353
3017226,3442.9312
3017227,0.015739515
3017228,501.53098
3017229,7.7971616
3017230,882.44464
3017231,741.9204
3017232,231.2578
3017233,191.38306
3017234,76.03511
3017235,3603.9075
3017236,21.348024
3017237,1.7669461
3017238,20.68495
3017239,20.700115
3017240,-0.19505782
3017241,168.81114
3017242,6.424748
3017243,19.309393
3017244,12.835415
3017245,67.280266
3017246,6.2658086
3017247,342.8968
3017248,219.7566
3017249,5.3276544
3017250,7.290358
3017251,322.15714
3017252,89.94319
3017253,1584.1189
3017254,34.366215
3017255,18.475685
3017256,7.0125966
3017257,0.062120833
3017258,6.089086
3017259,3395.4316
3017260,0.011537595
3017261,500.60037
3017262,7.6529
3017263,879.8066
3017264,739.47986
3017265,224.43697
3017266,187.67488
3017267,75.52773
3017268,3601.352
3017269,20.707172
3017270,1.7726343
3017271,20.647491
3017272,20.748022
3017273,-0.09129944
3017274,168.84198
3017275,6.5438385
3017276,19.15873
3017277,12.91962
3017278,83.7501
3017279,6.262303
3017280,341.68008
3017281,216.29643
3017282,5.422394
3017283,7.3385983
3017284,318.7691
3017285,90.62444
3017286,1583.9967
3017287,34.37989
3017288,18.069382
3017289,7.008572
3017290,0.13913321
3017291,6.115537
3017292,3434.2266
3017293,0.065632015
3017294,506.6251
3017295,7.7601833
3017296,860.86084
3017297,741.1553
3017298,219.8148
3017299,188.52101
3017300,74.88419
3017301,3556.2903
3017302,21.150589
3017303,1.7662891
3017304,20.57665
3017305,20.703768
3017306,-0.08988346
3017307,168.85869
3017308,6.493701
3017309,19.307535
3017310,13.103992
3017311,81.02259
3017312,6.1796775
3017313,338.7285
3017314,216.7586
3017315,5.3165894
3017316,7.430608
3017317,317.17502
3017318,90.23293
3017319,1583.9608
3017320,34.3529
3017321,18.149317
3017322,6.918221
3017323,0.074464075
3017324,6.1101866
3017325,3393.317
3017326,0.110051416
3017327,500.2162
3017328,7.6264157
3017329,860.10144
3017330,732.2331
3017331,223.94601
3017332,185.40082
3017333,74.16143
3017334,3604.1602
3017335,20.831354
3017336,1.8113642
3017337,20.56501
3017338,20.652594
3017339,-0.05735016
3017340,168.83797
3017341,6.457143
3017342,19.204012
3017343,12.931601
3017344,80.998474
3017345,6.3710003
3017346,341.27493
3017347,216.96399
3017348,5.361424
3017349,7.2882137
3017350,316.3626
3017351,89.98399
3017352,1583.9844
3017353,34.276497
3017354,18.06719
3017355,7.0503783
3017356,-0.0110071255
3017357,6.0762653
3017358,3398.8599
3017359,-0.003559806
3017360,497.85236
3017361,7.804066
3017362,864.3357
3017363,737.95447
3017364,223.52322
3017365,187.68947
3017366,75.18291
3017367,3584.4739
3017368,20.941618
3017369,1.78193
3017370,20.586962
3017371,20.716658
3017372,-0.1807654
3017373,168.84186
3017374,6.489952
3017375,19.402332
3017376,12.873534
3017377,81.24562
3017378,6.3150916
3017379,342.1253
3017380,220.11882
3017381,5.325706
3017382,7.381272
3017383,314.6958
3017384,90.172386
3017385,1584.1077
3017386,34.39918
3017387,18.086699
3017388,6.9054947
3017389,0.11828164
3017390,6.128325
3017391,3428.6167
3017392,0.05065903
3017393,505.73288
3017394,7.744418
3017395,870.6869
3017396,741.63086
3017397,222.8364
3017398,188.78795
3017399,75.21385
3017400,3551.2876
3017401,21.154863
3017402,1.8018599
3017403,20.678658
3017404,20.61813
3017405,-0.09741833
3017406,168.78209
3017407,6.486091
3017408,19.420082
3017409,12.740904
3017410,72.00478
3017411,6.2533774
3017412,340.16486
3017413,217.18575
3017414,5.3849635
3017415,7.27997
3017416,316.12033
3017417,90.62899
3017418,1584.0094
3017419,34.385326
3017420,18.235365
3017421,7.00921
3017422,0.11898592
3017423,6.0541315
3017424,3395.0159
3017425,0.026128784
3017426,505.45743
3017427,7.6526237
3017428,856.5397
3017429,735.9154
3017430,224.73212
3017431,190.9132
3017432,74.85645
3017433,3572.579
3017434,21.278397
3017435,1.7796333
3017436,20.566414
3017437,20.61363
3017438,-0.18739039
3017439,168.82603
3017440,6.4963884
3017441,19.160383
3017442,12.755681
3017443,81.28086
3017444,6.2675395
3017445,342.74753
3017446,215.67674
3017447,5.315851
3017448,7.395935
3017449,318.60873
3017450,90.37193
3017451,1583.981
3017452,34.35004
3017453,18.229094
3017454,6.9795604
3017455,0.18905881
3017456,6.105425
3017457,3389.8762
3017458,-0.032660354
3017459,503.20612
3017460,7.688921
3017461,872.7689
3017462,739.59186
3017463,225.46107
3017464,191.06479
3017465,75.29959
3017466,3606.18
3017467,21.379618
3017468,1.7708119
3017469,20.676634
3017470,20.605423
3017471,-0.076009914
3017472,168.8184
3017473,6.361696
3017474,19.164455
3017475,13.2044525
3017476,80.88989
3017477,6.199265
3017478,342.11908
3017479,218.62144
3017480,5.31096
3017481,7.2246947
3017482,320.1754
3017483,90.50057
3017484,1584.0404
3017485,34.393303
3017486,18.156345
3017487,6.9877253
3017488,0.018198341
3017489,6.1057677
3017490,3427.4875
3017491,0.026401807
3017492,507.82303
3017493,7.65012
3017494,870.3543
3017495,740.39374
3017496,228.90639
3017497,192.37143
3017498,74.9003
3017499,3558.998
3017500,21.053476
3017501,1.7937175
3017502,20.641684
3017503,20.590317
3017504,-0.04882253
3017505,168.81862
3017506,6.5501833
3017507,19.33576
3017508,13.102084
3017509,76.6947
3017510,6.3055964
3017511,341.66318
3017512,216.15561
3017513,5.3136973
3017514,7.244695
3017515,315.30658
3017516,90.525345
3017517,1584.0951
3017518,34.289707
3017519,18.293098
3017520,7.057076
3017521,0.034569174
3017522,6.07623
3017523,3432.2715
3017524,0.015606089
3017525,501.37558
3017526,7.7432117
3017527,860.71893
3017528,733.2234
3017529,224.25203
3017530,191.13393
3017531,73.80616
3017532,3579.0728
3017533,21.288387
3017534,1.7879112
3017535,20.5557
3017536,20.78515
3017537,-0.13991517
3017538,168.8202
3017539,6.5068855
3017540,19.30319
3017541,12.803583
3017542,81.305084
3017543,6.30041
3017544,339.60883
3017545,215.24785
3017546,5.3340487
3017547,7.2644806
3017548,319.254
3017549,90.61804
3017550,1584.1151
3017551,34.393284
3017552,18.098465
3017553,7.05122
3017554,0.17299886
3017555,6.1474695
3017556,3451.8335
3017557,0.04752219
3017558,499.3234
3017559,7.7163053
3017560,873.9355
3017561,740.34485
3017562,229.67683
3017563,193.81
3017564,74.04624
3017565,3605.3833
3017566,21.266403
3017567,1.7972585
3017568,20.665833
3017569,20.673943
3017570,-0.19244252
3017571,168.77762
3017572,6.439204
3017573,18.233128
3017574,13.165906
3017575,76.59807
3017576,6.3320947
3017577,340.77185
3017578,222.54851
3017579,5.273157
3017580,7.3397455
3017581,321.63965
3017582,91.25442
3017583,1584.0001
3017584,34.275055
3017585,18.187359
3017586,7.1112413
3017587,0.029981868
3017588,6.18217
3017589,3432.1514
3017590,-0.053215872
3017591,508.54773
3017592,7.842786
3017593,866.45935
3017594,739.86163
3017595,229.33617
3017596,189.21877
3017597,73.59945
3017598,3604.4065
3017599,20.979057
3017600,1.7700965
3017601,20.655985
3017602,20.73809
3017603,-0.08775381
3017604,168.81258
3017605,6.4529605
3017606,19.079473
3017607,13.069053
3017608,76.63772
3017609,6.3763986
3017610,342.19763
3017611,216.9828
3017612,5.341636
3017613,7.2775464
3017614,319.93173
3017615,90.44455
3017616,1584.1039
3017617,34.324512
3017618,18.115997
3017619,7.0818706
3017620,0.09947317
3017621,6.1737585
3017622,3461.2163
3017623,-0.095640816
3017624,508.95776
3017625,7.7929187
3017626,875.8477
3017627,736.19653
3017628,224.87543
3017629,189.65659
3017630,74.11174
3017631,3611.158
3017632,20.62409
3017633,1.7828046
3017634,20.603937
3017635,20.607925
3017636,-0.18784156
3017637,168.92166
3017638,6.44538
3017639,19.044445
3017640,13.135929
3017641,81.26459
3017642,6.264369
3017643,341.38153
3017644,215.88028
3017645,5.404246
3017646,7.2457542
3017647,320.89267
3017648,90.57121
3017649,1584.0573
3017650,34.282063
3017651,18.070387
3017652,6.9963965
3017653,0.09368754
3017654,6.110798
3017655,3455.2844
3017656,-0.10836875
3017657,502.83548
3017658,7.830725
3017659,869.55005
3017660,730.1871
3017661,225.84506
3017662,185.15701
3017663,74.20949
3017664,3611.789
3017665,20.867363
3017666,1.8051689
3017667,20.586502
3017668,20.616877
3017669,-0.11122004
3017670,168.8596
3017671,6.553454
3017672,19.394102
3017673,13.080623
3017674,76.866844
3017675,6.2609468
3017676,344.45892
3017677,219.27948
3017678,5.469641
3017679,7.2717476
3017680,318.50027
3017681,90.27122
3017682,1584.0659
3017683,34.41145
3017684,18.097466
3017685,7.0858994
3017686,0.10156275
3017687,5.9918237
3017688,3433.7156
3017689,0.06691161
3017690,496.61423
3017691,7.6502357
3017692,869.2347
3017693,730.9925
3017694,226.27113
3017695,182.85265
3017696,73.63242
3017697,3589.5664
3017698,20.57612
3017699,1.7659009
3017700,20.617794
3017701,20.670826
3017702,-0.22564505
3017703,168.8322
3017704,6.415048
3017705,18.922827
3017706,12.788457
3017707,75.03675
3017708,6.175145
3017709,340.99356
3017710,220.09523
3017711,5.2379327
3017712,7.3227863
3017713,320.10635
3017714,99.09096
3017715,1584.0563
3017716,34.432934
3017717,18.120663
3017718,7.263165
3017719,-0.01789554
3017720,6.148157
3017721,3382.3098
3017722,-0.076429024
3017723,496.90338
3017724,7.7172747
3017725,858.1021
3017726,729.6769
3017727,226.1623
3017728,186.95473
3017729,73.05714
3017730,3589.2126
3017731,20.367325
3017732,1.7928667
3017733,20.531528
3017734,20.694288
3017735,-0.22275192
3017736,168.76338
3017737,6.459599
3017738,19.35632
3017739,13.085472
3017740,81.144264
3017741,6.2806144
3017742,338.2309
3017743,218.52083
3017744,5.2229357
3017745,7.255485
3017746,316.02524
3017747,99.06085
3017748,1584.0118
3017749,34.315506
3017750,18.11359
3017751,7.169558
3017752,0.14653061
3017753,6.17695
3017754,3385.185
3017755,0.0012639397
3017756,494.6695
3017757,7.622712
3017758,860.927
3017759,730.3538
3017760,229.083
3017761,181.2816
3017762,72.52334
3017763,3550.6626
3017764,20.259762
3017765,1.8022188
3017766,20.663567
3017767,20.58721
3017768,-0.12818359
3017769,168.80328
3017770,6.3729343
3017771,19.134323
3017772,13.011319
3017773,71.975044
3017774,6.247331
3017775,339.95966
3017776,219.10822
3017777,5.2724957
3017778,7.3162365
3017779,318.43204
3017780,90.02297
3017781,1584.1859
3017782,34.370888
3017783,17.998682
3017784,6.899203
3017785,0.18009217
3017786,6.0961356
3017787,3431.758
3017788,-0.0982246
3017789,499.9714
3017790,7.710686
3017791,862.9308
3017792,729.5263
3017793,231.09464
3017794,183.07762
3017795,72.04546
3017796,3559.9363
3017797,20.339825
3017798,1.7503561
3017799,20.574606
3017800,20.643784
3017801,-0.16223152
3017802,168.78665
3017803,6.5185947
3017804,19.169386
3017805,12.953084
3017806,81.232666
3017807,6.2880354
3017808,340.50537
3017809,219.22926
3017810,5.286455
3017811,7.382697
3017812,317.69342
3017813,88.36076
3017814,1584.0759
3017815,34.386284
3017816,18.032068
3017817,7.171017
3017818,0.049839776
3017819,6.1029453
3017820,3381.5906
3017821,0.0075526703
3017822,500.6888
3017823,7.733291
3017824,858.47687
3017825,732.21893
3017826,230.28372
3017827,181.97563
3017828,71.99521
3017829,3566.7324
3017830,20.331062
3017831,1.8059323
3017832,20.651316
3017833,20.610394
3017834,-0.023325007
3017835,168.80305
3017836,6.487853
3017837,19.106562
3017838,13.306331
3017839,81.29117
3017840,6.229566
3017841,338.02014
3017842,217.00435
3017843,5.3416414
3017844,7.35245
3017845,314.14645
3017846,99.12165
3017847,1584.0779
3017848,34.412785
3017849,17.842237
3017850,7.2831163
3017851,0.017832154
3017852,6.1098833
3017853,3429.0583
3017854,-0.015200837
3017855,502.52945
3017856,7.745862
3017857,859.1845
3017858,731.0412
3017859,230.32417
3017860,186.47874
3017861,72.70108
3017862,3536.2788
3017863,20.334787
3017864,1.779832
3017865,20.533735
3017866,20.727253
3017867,-0.19372538
3017868,168.8915
3017869,6.4758863
3017870,19.327772
3017871,13.272145
3017872,72.034805
3017873,6.274988
3017874,337.3326
3017875,213.3523
3017876,5.3584723
3017877,7.2961326
3017878,316.2891
3017879,97.86718
3017880,1584.1371
3017881,34.274357
3017882,18.006086
3017883,7.0379915
3017884,0.015957521
3017885,6.0993624
3017886,3341.1448
3017887,0.004510893
3017888,494.95532
3017889,7.8139586
3017890,838.913
3017891,722.4621
3017892,223.39345
3017893,181.03876
3017894,71.61225
3017895,3473.6934
3017896,19.894108
3017897,1.7816101
3017898,20.68441
3017899,20.630032
3017900,-0.1927617
3017901,168.79515
3017902,6.5375066
3017903,19.1612
3017904,13.103135
3017905,81.02414
3017906,6.2815084
3017907,335.9577
3017908,212.89157
3017909,5.343104
3017910,7.338288
3017911,311.52277
3017912,96.973946
3017913,1584.0411
3017914,34.29274
3017915,17.675459
3017916,7.0461397
3017917,0.15103768
3017918,6.066706
3017919,3338.884
3017920,0.1106743
3017921,490.80783
3017922,7.6572804
3017923,834.87476
3017924,719.5844
3017925,223.5109
3017926,180.36923
3017927,71.83853
3017928,3456.4207
3017929,19.941685
3017930,1.7698464
3017931,20.597187
3017932,20.692753
3017933,-0.11223557
3017934,168.79222
3017935,6.3650627
3017936,19.458145
3017937,13.040898
3017938,67.25643
3017939,6.252865
3017940,334.25342
3017941,209.41287
3017942,5.320601
3017943,7.3176503
3017944,312.15756
3017945,97.76406
3017946,1583.9894
3017947,34.389534
3017948,18.005512
3017949,6.933975
3017950,0.0949262
3017951,6.0398
3017952,3304.9265
3017953,-0.014729235
3017954,489.35898
3017955,7.6727147
3017956,838.28204
3017957,713.16034
3017958,220.38089
3017959,177.89375
3017960,71.79146
3017961,3451.419
3017962,19.835012
3017963,1.8116647
3017964,20.616924
3017965,20.664402
3017966,-0.27273238
3017967,168.81529
3017968,6.44085
3017969,18.832596
3017970,13.041962
3017971,81.29437
3017972,6.1858344
3017973,333.22617
3017974,206.82904
3017975,5.365585
3017976,7.267325
3017977,311.22418
3017978,96.429924
3017979,1584.0989
3017980,34.334835
3017981,17.810812
3017982,7.001278
3017983,0.13652341
3017984,5.9412084
3017985,3321.027
3017986,0.069863774
3017987,489.81223
3017988,7.7370152
3017989,835.2048
3017990,716.0896
3017991,218.77013
3017992,180.32224
3017993,71.484245
3017994,3445.8013
3017995,20.101208
3017996,1.7675604
3017997,20.536375
3017998,20.6098
3017999,-0.10881545
3018000,168.82867
3018001,6.4784245
3018002,19.266813
3018003,12.835656
3018004,83.764725
3018005,6.212663
3018006,333.3163
3018007,207.69472
3018008,5.3866777
3018009,7.3344183
3018010,309.02417
3018011,96.23757
3018012,1584.0276
3018013,34.349705
3018014,17.729324
3018015,7.03196
3018016,0.16033249
3018017,5.937699
3018018,3346.7676
3018019,0.010560303
3018020,489.77463
3018021,7.6855617
3018022,841.7784
3018023,723.96564
3018024,217.76918
3018025,180.14244
3018026,72.00954
3018027,3449.6172
3018028,19.892588
3018029,1.7882781
3018030,20.553095
3018031,20.714079
3018032,-0.1881046
3018033,168.83716
3018034,6.4674654
3018035,19.43726
3018036,13.179255
3018037,83.48129
3018038,6.1970735
3018039,334.76465
3018040,208.48203
3018041,5.389812
3018042,7.2362404
3018043,309.5251
3018044,96.63015
3018045,1584.0975
3018046,34.370018
3018047,17.993484
3018048,6.8524027
3018049,0.036108635
3018050,5.7825336
3018051,3378.6052
3018052,0.07406357
3018053,487.55118
3018054,7.607674
3018055,822.8045
3018056,717.5982
3018057,217.25397
3018058,178.8662
3018059,71.4723
3018060,3457.293
3018061,20.044561
3018062,1.7667775
3018063,20.635109
3018064,20.70836
3018065,-0.1408395
3018066,168.84357
3018067,6.4428225
3018068,19.038616
3018069,12.9863205
3018070,83.075806
3018071,6.2782393
3018072,334.33487
3018073,209.11261
3018074,5.365491
3018075,7.3390226
3018076,309.71365
3018077,96.72076
3018078,1584.0149
3018079,34.3299
3018080,17.625507
3018081,7.091811
3018082,0.051818646
3018083,5.975117
3018084,3346.085
3018085,-0.10387852
3018086,491.3479
3018087,7.658596
3018088,824.26605
3018089,718.53076
3018090,217.7002
3018091,178.33032
3018092,71.07392
3018093,3430.3218
3018094,20.04028
3018095,1.7934748
3018096,20.618338
3018097,20.678015
3018098,-0.12433834
3018099,168.81602
3018100,6.4748993
3018101,19.330042
3018102,13.153039
3018103,82.90097
3018104,6.327849
3018105,334.13477
3018106,207.33026
3018107,5.382254
3018108,7.412918
3018109,308.2352
3018110,94.95042
3018111,1584.0431
3018112,34.256626
3018113,17.750158
3018114,6.92778
3018115,0.079887204
3018116,6.006046
3018117,3382.9434
3018118,-0.013051131
3018119,496.60025
3018120,7.849844
3018121,831.89215
3018122,719.69
3018123,219.52153
3018124,180.89522
3018125,71.25197
3018126,3476.1487
3018127,19.910288
3018128,1.7981966
3018129,20.658293
3018130,20.769243
3018131,-0.21739382
3018132,168.92989
3018133,6.3914413
3018134,19.211235
3018135,13.095217
3018136,82.871826
3018137,6.2949576
3018138,334.8178
3018139,209.72908
3018140,5.4104724
3018141,7.268079
3018142,307.92813
3018143,98.69129
3018144,1584.1659
3018145,34.398758
3018146,17.6395
3018147,7.097902
3018148,0.07798768
3018149,5.9727783
3018150,3382.624
3018151,0.003683764
3018152,500.44025
3018153,7.749184
3018154,829.265
3018155,723.4832
3018156,222.18846
3018157,180.45961
3018158,71.101906
3018159,3460.8643
3018160,19.79505
3018161,1.7817148
3018162,20.66159
3018163,20.707201
3018164,-0.10646886
3018165,168.81554
3018166,6.51983
3018167,19.011772
3018168,13.030664
3018169,82.98404
3018170,6.3007164
3018171,333.82358
3018172,209.65222
3018173,5.405584
3018174,7.3679385
3018175,311.063
3018176,99.13385
3018177,1584.1039
3018178,34.318714
3018179,17.834734
3018180,6.9463377
3018181,0.029834874
3018182,5.8386607
3018183,3349.0632
3018184,-0.028817339
3018185,492.77484
3018186,7.779069
3018187,819.8068
3018188,720.8281
3018189,219.70103
3018190,179.65555
3018191,71.49789
3018192,3409.9836
3018193,19.990866
3018194,1.8007528
3018195,20.529968
3018196,20.661385
3018197,-0.23268951
3018198,168.87129
3018199,6.4571276
3018200,19.431778
3018201,13.168804
3018202,82.441154
3018203,6.1794887
3018204,334.09695
3018205,209.38391
3018206,5.325038
3018207,7.276875
3018208,310.5737
3018209,96.71097
3018210,1584.074
3018211,34.448647
3018212,17.87831
3018213,7.045817
3018214,0.1663627
3018215,6.0082207
3018216,3398.7222
3018217,-0.009546132
3018218,501.40775
3018219,7.7582536
3018220,827.37823
3018221,728.9591
3018222,223.03479
3018223,188.84207
3018224,73.35097
3018225,3495.424
3018226,20.063662
3018227,1.7850112
3018228,20.574146
3018229,20.691364
3018230,-0.27677426
3018231,168.90408
3018232,6.479101
3018233,19.017717
3018234,12.889447
3018235,82.561844
3018236,6.253111
3018237,337.40027
3018238,212.801
3018239,5.3433623
3018240,7.261492
3018241,318.89398
3018242,90.02239
3018243,1584.0338
3018244,34.310596
3018245,18.120583
3018246,7.148057
3018247,0.09190736
3018248,5.928573
3018249,3440.9421
3018250,0.027298411
3018251,498.25266
3018252,7.739413
3018253,828.14386
3018254,729.4656
3018255,222.26154
3018256,188.95396
3018257,71.85992
3018258,3456.8013
3018259,20.185934
3018260,1.7904905
3018261,20.566858
3018262,20.633379
3018263,-0.15183349
3018264,168.72627
3018265,6.486256
3018266,19.43478
3018267,12.945268
3018268,82.126366
3018269,6.292612
3018270,336.1614
3018271,210.57985
3018272,5.310575
3018273,7.3548584
3018274,315.85056
3018275,90.48842
3018276,1584.0164
3018277,34.3233
3018278,18.076914
3018279,7.297833
3018280,0.06380887
3018281,5.9546137
3018282,3441.1433
3018283,-0.0068509155
3018284,505.76218
3018285,7.7977676
3018286,822.7597
3018287,732.2486
3018288,222.4096
3018289,188.74832
3018290,71.52062
3018291,3508.571
3018292,19.83638
3018293,1.7775542
3018294,20.596415
3018295,20.692894
3018296,-0.2674731
3018297,168.83612
3018298,6.483819
3018299,18.078878
3018300,12.989146
3018301,81.802315
3018302,6.2403393
3018303,334.3842
3018304,212.70157
3018305,5.250901
3018306,7.2185583
3018307,314.7375
3018308,90.3029
3018309,1584.0947
3018310,34.266853
3018311,18.073872
3018312,7.1563187
3018313,0.0831824
3018314,5.9423904
3018315,3347.6577
3018316,0.05228467
3018317,501.3211
3018318,7.641222
3018319,821.8175
3018320,721.605
3018321,222.25552
3018322,183.02956
3018323,71.532234
3018324,3437.1792
3018325,19.760008
3018326,1.787427
3018327,20.643938
3018328,20.57245
3018329,-0.1966501
3018330,168.76083
3018331,6.5206294
3018332,19.06958
3018333,13.113421
3018334,81.613
3018335,6.2133365
3018336,334.60916
3018337,211.82672
3018338,5.306416
3018339,7.1998525
3018340,313.25427
3018341,90.001915
3018342,1584.0275
3018343,34.35309
3018344,17.78499
3018345,7.0090523
3018346,0.09307083
3018347,5.83561
3018348,3392.2231
3018349,0.051636685
3018350,502.02835
3018351,7.7352514
3018352,815.23016
3018353,727.28906
3018354,219.76297
3018355,185.28809
3018356,71.812965
3018357,3469.3914
3018358,19.930363
3018359,1.7786931
3018360,20.585617
3018361,20.77497
3018362,-0.13037585
3018363,168.91238
3018364,6.422352
3018365,19.105497
3018366,13.117065
3018367,81.881424
3018368,6.3393493
3018369,334.08643
3018370,210.60948
3018371,5.3463264
3018372,7.31345
3018373,308.4956
3018374,90.1531
3018375,1584.1162
3018376,34.28736
3018377,17.898825
3018378,6.9973383
3018379,0.083947904
3018380,5.893529
3018381,3390.3633
3018382,0.04194654
3018383,499.5669
3018384,7.6794605
3018385,819.24713
3018386,725.1926
3018387,216.74619
3018388,181.21124
3018389,71.412415
3018390,3448.6523
3018391,19.755163
3018392,1.7872579
3018393,20.66478
3018394,20.632673
3018395,-0.16496442
3018396,168.88567
3018397,6.5053873
3018398,19.121647
3018399,13.07955
3018400,81.47854
3018401,6.2183332
3018402,334.1267
3018403,210.43025
3018404,5.379672
3018405,7.3606195
3018406,306.00983
3018407,90.102425
3018408,1583.9785
3018409,34.28656
3018410,17.90815
3018411,6.921626
3018412,0.0847473
3018413,5.838366
3018414,3390.335
3018415,0.08930302
3018416,497.5172
3018417,7.6729803
3018418,813.6714
3018419,714.002
3018420,214.8518
3018421,182.33943
3018422,71.650444
3018423,3404.312
3018424,19.72887
3018425,1.779771
3018426,20.700954
3018427,20.680252
3018428,-0.070453376
3018429,168.78221
3018430,6.4727974
3018431,18.881245
3018432,13.090007
3018433,80.98259
3018434,6.1895933
3018435,331.86124
3018436,206.8814
3018437,5.3446574
3018438,7.392447
3018439,305.32205
3018440,98.85127
3018441,1584.1542
3018442,34.329746
3018443,17.601465
3018444,7.080883
3018445,0.02198839
3018446,5.8219852
3018447,3326.7864
3018448,-0.047952216
3018449,491.58945
3018450,7.7118654
3018451,808.97876
3018452,708.52106
3018453,214.14905
3018454,181.40776
3018455,70.74673
3018456,3375.9453
3018457,19.77576
3018458,1.8021669
3018459,20.506828
3018460,20.694622
3018461,-0.061132535
3018462,168.8305
3018463,6.5095863
3018464,18.99341
3018465,13.286389
3018466,81.52955
3018467,6.224939
3018468,332.39566
3018469,202.24738
3018470,5.344118
3018471,7.2791753
3018472,301.99026
3018473,96.68768
3018474,1584.1831
3018475,34.305435
3018476,17.827896
3018477,6.9991674
3018478,0.024845684
3018479,5.7642317
3018480,3313.1228
3018481,-0.074664846
3018482,493.2766
3018483,7.649902
3018484,797.4501
3018485,705.1242
3018486,212.67361
3018487,177.64644
3018488,70.49958
3018489,3350.1494
3018490,19.555548
3018491,1.778495
3018492,20.699203
3018493,20.717138
3018494,-0.2005328
3018495,168.79663
3018496,6.3545885
3018497,19.056223
3018498,13.287664
3018499,80.835365
3018500,6.266491
3018501,331.472
3018502,204.29216
3018503,5.405183
3018504,7.27012
3018505,298.71643
3018506,96.79415
3018507,1584.0573
3018508,34.340366
3018509,17.450882
3018510,7.0869017
3018511,0.14623292
3018512,5.832086
3018513,3307.2983
3018514,0.1007106
3018515,499.93314
3018516,7.7588325
3018517,803.21533
3018518,712.9248
3018519,211.78409
3018520,180.1864
3018521,70.42579
3018522,3357.3235
3018523,19.754688
3018524,1.771452
3018525,20.609926
3018526,20.749462
3018527,-0.031537164
3018528,168.75233
3018529,6.498711
3018530,19.414904
3018531,13.0771885
3018532,80.50871
3018533,6.321026
3018534,331.84973
3018535,206.17502
3018536,5.326889
3018537,7.364678
3018538,299.00125
3018539,89.965034
3018540,1584.0513
3018541,34.287
3018542,17.392084
3018543,6.957922
3018544,0.1162456
3018545,5.866362
3018546,3318.7908
3018547,-0.083757944
3018548,508.14816
3018549,7.838323
3018550,810.92334
3018551,708.19684
3018552,210.3565
3018553,181.42645
3018554,69.9036
3018555,3383.426
3018556,19.736467
3018557,1.7787184
3018558,20.618202
3018559,20.772638
3018560,-0.1597061
3018561,168.79099
3018562,6.5379667
3018563,19.2141
3018564,13.395031
3018565,80.629265
3018566,6.2869935
3018567,330.8901
3018568,209.17737
3018569,5.2533455
3018570,7.4190774
3018571,299.3811
3018572,90.111984
3018573,1584.0929
3018574,34.407784
3018575,17.465445
3018576,7.10963
3018577,0.1781907
3018578,6.0201097
3018579,3337.0981
3018580,-0.04516673
3018581,499.6445
3018582,7.6550884
3018583,810.0206
3018584,721.9141
3018585,211.22935
3018586,183.59506
3018587,70.04329
3018588,3431.6409
3018589,20.392235
3018590,1.7729768
3018591,20.697746
3018592,20.62461
3018593,-0.26183364
3018594,168.8558
3018595,6.4250526
3018596,19.095743
3018597,13.090232
3018598,81.04247
3018599,6.1386285
3018600,333.64133
3018601,211.94931
3018602,5.4043064
3018603,7.2880898
3018604,304.22028
3018605,90.17365
3018606,1584.0605
3018607,34.411453
3018608,17.845861
3018609,7.0177636
3018610,0.059900068
3018611,5.942082
3018612,3345.0415
3018613,-0.060872313
3018614,501.28857
3018615,7.6527753
3018616,808.5607
3018617,718.7489
3018618,210.28922
3018619,183.4708
3018620,69.81448
3018621,3417.217
3018622,20.217684
3018623,1.8054508
3018624,20.692846
3018625,20.618443
3018626,-0.1843395
3018627,168.7908
3018628,6.5022697
3018629,19.274658
3018630,13.227323
3018631,80.73813
3018632,6.2712054
3018633,330.70905
3018634,211.41238
3018635,5.3015175
3018636,7.1999454
3018637,299.60626
3018638,88.684326
3018639,1584.0359
3018640,34.41987
3018641,17.788246
3018642,7.0064
3018643,-0.013169157
3018644,5.934224
3018645,3387.763
3018646,-0.024115633
3018647,507.6347
3018648,7.670924
3018649,800.0749
3018650,721.44604
3018651,211.11266
3018652,183.78973
3018653,69.92356
3018654,3414.4497
3018655,20.135942
3018656,1.7706217
3018657,20.668482
3018658,20.684593
3018659,-0.09170949
3018660,168.84792
3018661,6.433055
3018662,19.29051
3018663,13.315178
3018664,79.90081
3018665,6.2226276
3018666,330.69006
3018667,211.6594
3018668,5.409083
3018669,7.3108406
3018670,299.38226
3018671,90.94087
3018672,1584.0365
3018673,34.3401
3018674,17.65008
3018675,7.0808353
3018676,0.18126996
3018677,5.9498796
3018678,3285.3267
3018679,0.00089957536
3018680,495.03125
3018681,7.7028236
3018682,794.08453
3018683,712.96106
3018684,208.39352
3018685,179.71487
3018686,69.40841
3018687,3377.87
3018688,19.660933
3018689,1.7879683
3018690,20.654354
3018691,20.57748
3018692,-0.2849792
3018693,168.71678
3018694,6.4942865
3018695,18.904152
3018696,13.163084
3018697,78.92543
3018698,6.264304
3018699,327.22784
3018700,209.21951
3018701,5.2924023
3018702,7.2409043
3018703,302.81488
3018704,90.08594
3018705,1584.1709
3018706,34.362625
3018707,17.302279
3018708,7.009699
3018709,0.1490133
3018710,5.775655
3018711,3326.3804
3018712,0.09417765
3018713,498.1492
3018714,7.799513
3018715,786.52637
3018716,704.38007
3018717,207.00229
3018718,178.70128
3018719,68.90568
3018720,3384.219
3018721,19.942049
3018722,1.7664369
3018723,20.569614
3018724,20.662079
3018725,-0.21450414
3018726,168.84946
3018727,6.4690557
3018728,19.433167
3018729,13.423966
3018730,78.69013
3018731,6.254544
3018732,322.83154
3018733,205.0097
3018734,5.3244567
3018735,7.2271285
3018736,297.51318
3018737,98.757286
3018738,1584.0796
3018739,34.305088
3018740,17.470278
3018741,6.9295964
3018742,0.12447826
3018743,5.960682
3018744,3336.9866
3018745,-0.035559304
3018746,501.2044
3018747,7.735187
3018748,813.4804
3018749,722.17004
3018750,214.82841
3018751,187.61794
3018752,70.97
3018753,3510.6853
3018754,20.579212
3018755,1.763218
3018756,20.656097
3018757,20.608725
3018758,-0.19742358
3018759,168.8457
3018760,6.436665
3018761,19.04286
3018762,13.162014
3018763,78.12175
3018764,6.2464476
3018765,334.0774
3018766,212.09055
3018767,5.2965474
3018768,7.267397
3018769,305.68723
3018770,88.682556
3018771,1584.0573
3018772,34.31321
3018773,18.043966
3018774,7.1886916
3018775,0.06125763
3018776,6.005734
3018777,3436.558
3018778,-0.062280044
3018779,508.2708
3018780,7.7068725
3018781,837.5303
3018782,731.7955
3018783,220.47977
3018784,193.5202
3018785,72.2017
3018786,3568.8716
3018787,20.434315
3018788,1.7761728
3018789,20.705467
3018790,20.636244
3018791,-0.24896947
3018792,168.92792
3018793,6.4033976
3018794,19.01229
3018795,13.26472
3018796,77.59841
3018797,6.208373
3018798,339.5734
3018799,219.01099
3018800,5.339092
3018801,7.2384777
3018802,312.11282
3018803,98.78558
3018804,1584.0647
3018805,34.285446
3018806,18.043823
3018807,7.1809688
3018808,0.17288245
3018809,6.1519594
3018810,3445.1865
3018811,-0.08044629
3018812,508.35062
3018813,7.654781
3018814,854.96545
3018815,729.2273
3018816,229.02461
3018817,193.78822
3018818,72.74817
3018819,3570.898
3018820,20.651134
3018821,1.7726572
3018822,20.646572
3018823,20.76179
3018824,-0.24246527
3018825,168.90407
3018826,6.534963
3018827,19.403608
3018828,13.0456915
3018829,77.180046
3018830,6.2683544
3018831,339.96606
3018832,218.38689
3018833,5.350059
3018834,7.3157635
3018835,316.63547
3018836,89.9439
3018837,1584.0093
3018838,34.365276
3018839,18.107449
3018840,7.0244956
3018841,0.06583262
3018842,6.143573
3018843,3435.2366
3018844,0.004607356
3018845,507.74054
3018846,7.6746025
3018847,848.0731
3018848,730.6053
3018849,229.69719
3018850,192.41216
3018851,73.71784
3018852,3583.1536
3018853,20.479425
3018854,1.7799656
3018855,20.649147
3018856,20.727139
3018857,-0.06772451
3018858,168.86647
3018859,6.392503
3018860,19.243675
3018861,13.112729
3018862,76.62951
3018863,6.1837583
3018864,342.42484
3018865,221.3935
3018866,5.4092565
3018867,7.3247557
3018868,319.09204
3018869,99.02742
3018870,1584.0729
3018871,34.345196
3018872,18.161087
3018873,7.1639824
3018874,0.05473373
3018875,6.187726
3018876,3426.317
3018877,-0.037958957
3018878,508.98062
3018879,7.6734056
3018880,855.98126
3018881,738.29785
3018882,229.31435
3018883,191.12415
3018884,73.944916
3018885,3571.8774
3018886,20.762787
3018887,1.7772857
3018888,20.629114
3018889,20.646748
3018890,-0.16738558
3018891,168.87424
3018892,6.5064025
3018893,19.434282
3018894,13.214634
3018895,66.39309
3018896,6.3272495
3018897,341.35025
3018898,221.81783
3018899,5.3478756
3018900,7.3092866
3018901,319.01505
3018902,90.19653
3018903,1584.0302
3018904,34.26975
3018905,18.153435
3018906,7.181704
3018907,0.07580213
3018908,6.1943793
3018909,3434.0842
3018910,-0.001546332
3018911,510.84427
3018912,7.769261
3018913,861.518
3018914,721.6059
3018915,230.04376
3018916,193.52773
3018917,74.62914
3018918,3586.282
3018919,20.826405
3018920,1.7682968
3018921,20.704348
3018922,20.690075
3018923,-0.09285457
3018924,168.88664
3018925,6.518925
3018926,18.087847
3018927,13.12178
3018928,66.73507
3018929,6.3157964
3018930,341.8222
3018931,220.81987
3018932,5.2617655
3018933,7.342908
3018934,319.71204
3018935,90.214165
3018936,1584.1432
3018937,34.34989
3018938,18.213364
3018939,7.098819
3018940,0.17290147
3018941,6.1434894
3018942,3382.398
3018943,-0.044243276
3018944,509.81598
3018945,7.702533
3018946,866.2342
3018947,740.5674
3018948,229.62556
3018949,190.53609
3018950,75.52605
3018951,3590.8174
3018952,20.778206
3018953,1.7730454
3018954,20.523056
3018955,20.685642
3018956,-0.115740046
3018957,168.75476
3018958,6.4746923
3018959,19.123259
3018960,13.089439
3018961,66.82438
3018962,6.207539
3018963,340.53384
3018964,218.0913
3018965,5.3785195
3018966,7.3563886
3018967,320.99384
3018968,90.16243
3018969,1584.0662
3018970,34.436714
3018971,18.259176
3018972,7.1644335
3018973,0.062016524
3018974,6.1708035
3018975,3451.0847
3018976,0.047847293
3018977,511.30304
3018978,7.788586
3018979,867.91016
3018980,742.229
3018981,229.53215
3018982,196.56873
3018983,76.06344
3018984,3570.846
3018985,20.956171
3018986,1.7673473
3018987,20.683409
3018988,20.74409
3018989,-0.25854978
3018990,168.82281
3018991,6.435167
3018992,18.029867
3018993,13.324948
3018994,66.64607
3018995,6.299713
3018996,342.75815
3018997,220.30243
3018998,5.3483305
3018999,7.397831
3019000,322.57846
3019001,90.70856
3019002,1584.1194
3019003,34.368374
3019004,18.464373
3019005,7.149887
3019006,0.058491737
3019007,6.1815214
3019008,3447.4546
3019009,0.06400821
3019010,509.2656
3019011,7.8067293
3019012,865.50726
3019013,742.0504
3019014,229.53346
3019015,194.7416
3019016,75.59791
3019017,3566.5078
3019018,20.68217
3019019,1.7786204
3019020,20.620525
3019021,20.675888
3019022,-0.19906858
3019023,168.81483
3019024,6.3875813
3019025,19.1727
3019026,13.2485
3019027,66.12878
3019028,6.3036065
3019029,344.45316
3019030,217.60559
3019031,5.43945
3019032,7.4053993
3019033,322.86465
3019034,89.95153
3019035,1584.0809
3019036,34.321747
3019037,18.473608
3019038,7.257251
3019039,0.045987345
3019040,6.1900854
3019041,3427.3645
3019042,-0.08721021
3019043,506.3799
3019044,7.830918
3019045,862.533
3019046,739.10626
3019047,225.91547
3019048,192.98769
3019049,74.890785
3019050,3560.2341
3019051,20.601603
3019052,1.7666006
3019053,20.652575
3019054,20.639044
3019055,-0.23062272
3019056,168.88881
3019057,6.392568
3019058,19.100552
3019059,13.102306
3019060,66.27733
3019061,6.3646746
3019062,342.7805
3019063,213.79979
3019064,5.3405414
3019065,7.3959374
3019066,319.6019
3019067,90.44167
3019068,1584.0641
3019069,34.317963
3019070,18.230019
3019071,7.023288
3019072,0.021908423
3019073,6.168464
3019074,3438.5635
3019075,0.0010339122
3019076,509.25134
3019077,7.65419
3019078,851.8707
3019079,741.4352
3019080,222.14935
3019081,192.58347
3019082,74.05384
3019083,3543.7395
3019084,20.661108
3019085,1.7674788
3019086,20.687351
3019087,20.632877
3019088,-0.10809027
3019089,168.84706
3019090,6.4914074
3019091,18.153889
3019092,13.351464
3019093,66.44747
3019094,6.2349744
3019095,340.77914
3019096,216.97705
3019097,5.308599
3019098,7.4127483
3019099,319.1979
3019100,90.20903
3019101,1584.0809
3019102,34.290257
3019103,18.13426
3019104,7.1586876
3019105,0.057336513
3019106,6.0236573
3019107,3393.7178
3019108,-0.04353007
3019109,506.35242
3019110,7.7480025
3019111,849.66327
3019112,732.9091
3019113,224.37268
3019114,191.99228
3019115,73.892105
3019116,3549.8833
3019117,20.418299
3019118,1.8060867
3019119,20.657522
3019120,20.650087
3019121,-0.24425513
3019122,168.77629
3019123,6.4626007
3019124,19.087666
3019125,13.248111
3019126,66.359276
3019127,6.2564473
3019128,341.7582
3019129,217.98143
3019130,5.308128
3019131,7.2597814
3019132,317.73505
3019133,90.13445
3019134,1584.1211
3019135,34.404743
3019136,18.096697
3019137,7.2071204
3019138,0.008412415
3019139,6.1112547
3019140,3399.4902
3019141,-0.030751817
3019142,507.1969
3019143,7.8631973
3019144,852.0171
3019145,736.60345
3019146,224.20512
3019147,193.651
3019148,74.50782
3019149,3543.9412
3019150,20.725716
3019151,1.7837358
3019152,20.614458
3019153,20.781065
3019154,-0.17687361
3019155,168.7405
3019156,6.4123716
3019157,19.168474
3019158,13.207327
3019159,66.3284
3019160,6.2000027
3019161,342.26828
3019162,218.97159
3019163,5.3326945
3019164,7.316349
3019165,316.10373
3019166,90.06989
3019167,1584.0902
3019168,34.24249
3019169,18.13081
3019170,7.167131
3019171,0.07340822
3019172,6.0726204
3019173,3432.8457
3019174,-0.060551487
3019175,507.9256
3019176,7.744516
3019177,855.5244
3019178,739.3554
3019179,223.66452
3019180,193.70038
3019181,75.01019
3019182,3536.9658
3019183,20.94368
3019184,1.766646
3019185,20.589033
3019186,20.675262
3019187,-0.2505602
3019188,168.85756
3019189,6.5497026
3019190,19.26667
3019191,13.07969
3019192,66.349365
3019193,6.357017
3019194,339.91605
3019195,218.1807
3019196,5.3686514
3019197,7.311629
3019198,316.72354
3019199,90.62557
3019200,1584.0411
3019201,34.26669
3019202,18.240438
3019203,7.2315135
3019204,0.12866466
3019205,6.1183963
3019206,3428.5127
3019207,-0.033218082
3019208,508.21588
3019209,7.67766
3019210,857.4794
3019211,736.0114
3019212,224.35872
3019213,193.3976
3019214,75.05548
3019215,3543.1663
3019216,21.080465
3019217,1.7807587
3019218,20.595276
3019219,20.683773
3019220,-0.10576156
3019221,168.73738
3019222,6.4987183
3019223,18.987026
3019224,13.265425
3019225,66.38226
3019226,6.321647
3019227,343.0353
3019228,217.90417
3019229,5.379617
3019230,7.3184767
3019231,319.1179
3019232,90.37873
3019233,1584.0398
3019234,34.400013
3019235,18.129427
3019236,7.006993
3019237,0.10182902
3019238,6.0300927
3019239,3428.3008
3019240,0.00474573
3019241,508.26218
3019242,7.686424
3019243,858.60565
3019244,737.8823
3019245,225.40675
3019246,193.724
3019247,75.02911
3019248,3556.711
3019249,21.15315
3019250,1.7803913
3019251,20.656399
3019252,20.5963
3019253,-0.10716274
3019254,168.90617
3019255,6.4935274
3019256,19.179558
3019257,13.297905
3019258,66.33801
3019259,6.3235507
3019260,341.81494
3019261,217.53261
3019262,5.304403
3019263,7.38096
3019264,320.26587
3019265,90.49076
3019266,1583.9636
3019267,34.359055
3019268,18.23119
3019269,7.0443544
3019270,0.102229156
3019271,6.0727997
3019272,3429.905
3019273,-0.041058756
3019274,509.27213
3019275,7.747276
3019276,856.033
3019277,739.1345
3019278,226.15324
3019279,194.40709
3019280,75.12078
3019281,3546.7256
3019282,21.19321
3019283,1.7710736
3019284,20.669178
3019285,20.774055
3019286,-0.20680954
3019287,168.83252
3019288,6.4540787
3019289,19.31258
3019290,13.062401
3019291,66.354034
3019292,6.203428
3019293,341.38583
3019294,218.06133
3019295,5.296137
3019296,7.334404
3019297,317.75656
3019298,90.82296
3019299,1584.0276
3019300,34.344955
3019301,18.170258
3019302,6.9863334
3019303,0.025986344
3019304,6.057686
3019305,3435.542
3019306,0.09860258
3019307,509.84503
3019308,7.7004747
3019309,861.3044
3019310,734.69006
3019311,225.44925
3019312,193.44534
3019313,75.12352
3019314,3561.8918
3019315,21.08082
3019316,1.7874738
3019317,20.608362
3019318,20.725245
3019319,-0.100547045
3019320,168.84668
3019321,6.476455
3019322,19.310747
3019323,13.2293215
3019324,59.93276
3019325,6.142111
3019326,340.30798
3019327,215.76701
3019328,5.2560406
3019329,7.285047
3019330,319.62042
3019331,90.806885
3019332,1584.0226
3019333,34.31069
3019334,18.176783
3019335,6.995749
3019336,0.11910174
3019337,6.160657
3019338,3453.921
3019339,0.019466024
3019340,509.4002
3019341,7.7185445
3019342,863.8168
3019343,739.5818
3019344,229.13449
3019345,196.18825
3019346,73.885155
3019347,3575.797
3019348,21.41551
3019349,1.8096149
3019350,20.587229
3019351,20.623587
3019352,-0.1958271
3019353,168.86066
3019354,6.4976816
3019355,19.326109
3019356,13.336623
3019357,66.52109
3019358,6.2425942
3019359,341.3506
3019360,219.16386
3019361,5.299778
3019362,7.3092422
3019363,320.5929
3019364,91.26432
3019365,1584.1327
3019366,34.249126
3019367,18.305525
3019368,7.1035647
3019369,0.16751017
3019370,6.10867
3019371,3440.3845
3019372,0.05191668
3019373,509.95798
3019374,7.7260284
3019375,855.5434
3019376,739.5411
3019377,228.4269
3019378,192.71843
3019379,73.835014
3019380,3558.5408
3019381,21.181274
3019382,1.767872
3019383,20.6171
3019384,20.681845
3019385,-0.079088666
3019386,168.78859
3019387,6.4647107
3019388,19.128828
3019389,13.266602
3019390,59.91438
3019391,6.372236
3019392,342.8913
3019393,217.92593
3019394,5.3183117
3019395,7.341768
3019396,320.35962
3019397,90.67112
3019398,1584.0009
3019399,34.40775
3019400,18.396862
3019401,7.151167
3019402,0.07627639
3019403,6.0627313
3019404,3461.9402
3019405,-0.022774143
3019406,510.3875
3019407,7.7159886
3019408,857.4725
3019409,735.77234
3019410,225.66
3019411,194.23782
3019412,74.58296
3019413,3561.6694
3019414,20.890863
3019415,1.7767242
3019416,20.571823
3019417,20.774992
3019418,-0.09844287
3019419,168.81308
3019420,6.5832276
3019421,19.308052
3019422,13.219372
3019423,66.46883
3019424,6.2767043
3019425,342.20062
3019426,216.37996
3019427,5.323068
3019428,7.4477
3019429,320.0425
3019430,90.56272
3019431,1584.0448
3019432,34.24622
3019433,18.0908
3019434,7.0253477
3019435,0.13837476
3019436,6.2587547
3019437,3447.948
3019438,0.0009105159
3019439,508.19934
3019440,7.657978
3019441,858.6783
3019442,729.7735
3019443,225.01231
3019444,191.55658
3019445,75.08415
3019446,3553.1636
3019447,20.91656
3019448,1.7863042
3019449,20.57404
3019450,20.714165
3019451,-0.15708661
3019452,168.78668
3019453,6.4463305
3019454,19.399195
3019455,13.578809
3019456,66.44085
3019457,6.3017206
3019458,345.73
3019459,218.40057
3019460,5.329822
3019461,7.310618
3019462,318.65762
3019463,90.663666
3019464,1584.1552
3019465,34.438457
3019466,18.293486
3019467,6.9161396
3019468,0.06336006
3019469,6.1722975
3019470,3433.1782
3019471,-0.023983095
3019472,501.3936
3019473,7.738666
3019474,852.4669
3019475,730.7783
3019476,224.85179
3019477,189.65976
3019478,74.45109
3019479,3538.2888
3019480,20.569986
3019481,1.7973206
3019482,20.65532
3019483,20.658474
3019484,-0.17869617
3019485,168.85767
3019486,6.5047936
3019487,18.94317
3019488,13.44096
3019489,66.42797
3019490,6.2853613
3019491,342.85095
3019492,217.39369
3019493,5.349069
3019494,7.3822217
3019495,319.8832
3019496,90.038826
3019497,1584.1168
3019498,34.3962
3019499,18.11945
3019500,7.0031385
3019501,0.039694693
3019502,6.1749964
3019503,3358.0159
3019504,-0.027226351
3019505,499.93164
3019506,7.8296623
3019507,845.5671
3019508,729.23676
3019509,223.72282
3019510,190.6542
3019511,73.209656
3019512,3522.9585
3019513,20.459074
3019514,1.808973
3019515,20.584621
3019516,20.718895
3019517,-0.15541063
3019518,168.79431
3019519,6.4638476
3019520,19.247618
3019521,13.383442
3019522,66.4206
3019523,6.203798
3019524,340.06598
3019525,216.61746
3019526,5.3524547
3019527,7.3063393
3019528,317.1564
3019529,90.14156
3019530,1584.1538
3019531,34.439102
3019532,18.124918
3019533,7.104992
3019534,0.068038695
3019535,6.092398
3019536,3357.791
3019537,0.03170319
3019538,498.23935
3019539,7.631645
3019540,843.1113
3019541,728.569
3019542,222.72874
3019543,187.29242
3019544,73.48209
3019545,3491.0269
3019546,20.441212
3019547,1.8001761
3019548,20.5963
3019549,20.671732
3019550,-0.23532493
3019551,168.74979
3019552,6.482901
3019553,19.014452
3019554,13.248681
3019555,66.77293
3019556,6.316123
3019557,341.83408
3019558,215.28246
3019559,5.2886834
3019560,7.388693
3019561,317.07706
3019562,90.20577
3019563,1584.0485
3019564,34.451744
3019565,18.100744
3019566,7.1134996
3019567,0.1045022
3019568,6.0755267
3019569,3354.0276
3019570,-0.023813944
3019571,499.89893
3019572,7.8050504
3019573,843.4735
3019574,726.78455
3019575,220.86
3019576,187.99152
3019577,72.54361
3019578,3482.196
3019579,20.393444
3019580,1.7849324
3019581,20.645788
3019582,20.664742
3019583,-0.3042228
3019584,168.80745
3019585,6.447736
3019586,18.888695
3019587,13.382012
3019588,66.30096
3019589,6.235948
3019590,340.55124
3019591,213.91458
3019592,5.231964
3019593,7.2415924
3019594,316.48337
3019595,98.99623
3019596,1584.0255
3019597,34.356483
3019598,18.02879
3019599,7.160304
3019600,0.086559005
3019601,6.134081
3019602,3330.7703
3019603,-0.12274979
3019604,499.78574
3019605,7.7961063
3019606,839.0625
3019607,729.3776
3019608,220.7899
3019609,186.82703
3019610,73.42795
3019611,3474.6243
3019612,20.368055
3019613,1.7714531
3019614,20.678848
3019615,20.636578
3019616,-0.25519583
3019617,168.7457
3019618,6.4268327
3019619,19.250902
3019620,13.353463
3019621,60.073086
3019622,6.261582
3019623,339.22833
3019624,212.70926
3019625,5.413002
3019626,7.2796264
3019627,313.18076
3019628,88.40636
3019629,1584.1539
3019630,34.331455
3019631,18.12787
3019632,6.9755535
3019633,0.07215174
3019634,6.08729
3019635,3340.4648
3019636,0.006472149
3019637,500.82053
3019638,7.6830916
3019639,834.00555
3019640,726.6684
3019641,219.53699
3019642,187.17091
3019643,72.80769
3019644,3439.844
3019645,20.352243
3019646,1.7791773
3019647,20.726923
3019648,20.789948
3019649,-0.2076049
3019650,168.75331
3019651,6.435009
3019652,18.814867
3019653,13.168688
3019654,60.087223
3019655,6.2748513
3019656,337.33163
3019657,210.03563
3019658,5.348133
3019659,7.3400626
3019660,312.76038
3019661,97.68848
3019662,1584.0621
3019663,34.297344
3019664,18.096355
3019665,6.850045
3019666,0.17789067
3019667,6.17212
3019668,3310.9414
3019669,0.019707963
3019670,494.32034
3019671,7.733804
3019672,827.55804
3019673,717.6723
3019674,217.50555
3019675,183.16562
3019676,71.397514
3019677,3397.6892
3019678,19.939808
3019679,1.7810252
3019680,20.576641
3019681,20.628578
3019682,-0.2596849
3019683,168.85652
3019684,6.410928
3019685,18.959234
3019686,13.133682
3019687,66.19706
3019688,6.266392
3019689,335.91867
3019690,209.13292
3019691,5.3080144
3019692,7.368802
3019693,310.00363
3019694,96.84807
3019695,1584.0176
3019696,34.416004
3019697,18.066996
3019698,6.913851
3019699,0.09544645
3019700,6.104125
3019701,3313.8884
3019702,0.10516161
3019703,493.01456
3019704,7.7045937
3019705,823.43634
3019706,715.4473
3019707,217.90639
3019708,182.56798
3019709,71.271835
3019710,3394.4194
3019711,20.1082
3019712,1.7805803
3019713,20.621805
3019714,20.633825
3019715,-0.2849318
3019716,168.72427
3019717,6.448806
3019718,19.072264
3019719,13.153746
3019720,66.569115
3019721,6.225296
3019722,334.30963
3019723,208.70744
3019724,5.353459
3019725,7.2921877
3019726,311.1099
3019727,98.58211
3019728,1584.0476
3019729,34.35412
3019730,18.100395
3019731,6.943675
3019732,0.047493316
3019733,6.0321913
3019734,3293.9656
3019735,-0.003196051
3019736,490.21375
3019737,7.6471086
3019738,820.7581
3019739,709.7535
3019740,216.59262
3019741,180.29443
3019742,70.876816
3019743,3392.6746
3019744,19.907845
3019745,1.7876301
3019746,20.66945
3019747,20.643764
3019748,-0.1347352
3019749,168.71939
3019750,6.4352345
3019751,17.057577
3019752,13.220854
3019753,66.38825
3019754,6.2529716
3019755,333.47354
3019756,206.7798
3019757,5.30742
3019758,7.4376073
3019759,310.1127
3019760,95.02412
3019761,1584.0944
3019762,34.309563
3019763,17.93281
3019764,6.7812924
3019765,0.01836373
3019766,6.0145144
3019767,3303.833
3019768,-0.022457995
3019769,490.50876
3019770,7.6624546
3019771,818.33997
3019772,710.57495
3019773,215.26997
3019774,182.30138
3019775,70.86193
3019776,3395.9678
3019777,19.925323
3019778,1.806668
3019779,20.562569
3019780,20.592651
3019781,-0.15688619
3019782,168.75703
3019783,6.421315
3019784,18.861914
3019785,13.20147
3019786,66.7073
3019787,6.288192
3019788,333.6105
3019789,204.15147
3019790,5.3448186
3019791,7.2485113
3019792,308.2721
3019793,96.319534
3019794,1584.0895
3019795,34.437843
3019796,17.795088
3019797,6.9734793
3019798,0.07232177
3019799,6.093445
3019800,3335.0427
3019801,0.012478366
3019802,488.11752
3019803,7.792908
3019804,819.14355
3019805,717.9094
3019806,214.29372
3019807,182.452
3019808,71.25045
3019809,3386.193
3019810,20.085453
3019811,1.7741617
3019812,20.700153
3019813,20.754026
3019814,-0.065130115
3019815,168.85666
3019816,6.4505405
3019817,19.004581
3019818,13.540999
3019819,66.55346
3019820,6.192389
3019821,334.94458
3019822,204.31648
3019823,5.3374386
3019824,7.362396
3019825,308.63852
3019826,96.18614
3019827,1584.0128
3019828,34.294758
3019829,18.052822
3019830,6.875336
3019831,0.08880098
3019832,6.0380416
3019833,3329.6135
3019834,0.026590904
3019835,486.3779
3019836,7.8192964
3019837,807.5298
3019838,712.6465
3019839,214.67255
3019840,180.86693
3019841,70.69581
3019842,3394.2146
3019843,19.798124
3019844,1.7646297
3019845,20.562084
3019846,20.605736
3019847,-0.23202181
3019848,168.88847
3019849,6.409984
3019850,17.076859
3019851,13.449811
3019852,66.1679
3019853,6.241764
3019854,333.56506
3019855,203.76082
3019856,5.2599635
3019857,7.408244
3019858,308.4155
3019859,96.58444
3019860,1584.1675
3019861,34.347385
3019862,17.69946
3019863,6.812817
3019864,0.0734674
3019865,5.9018397
3019866,3309.9236
3019867,0.12573022
3019868,487.90225
3019869,7.6760044
3019870,814.28076
3019871,713.9822
3019872,213.74297
3019873,181.04037
3019874,70.504425
3019875,3379.1365
3019876,20.01739
3019877,1.772838
3019878,20.691502
3019879,20.689575
3019880,-0.22022621
3019881,168.88567
3019882,6.455223
3019883,18.887503
3019884,13.166606
3019885,66.19742
3019886,6.2654686
3019887,334.372
3019888,202.28357
3019889,5.375442
3019890,7.245412
3019891,308.1502
3019892,94.64156
3019893,1584.0724
3019894,34.381435
3019895,17.948294
3019896,7.007077
3019897,0.094136216
3019898,5.994403
3019899,3298.1528
3019900,-0.046153292
3019901,489.1799
3019902,7.69899
3019903,812.80817
3019904,709.6299
3019905,213.11317
3019906,180.67935
3019907,70.40709
3019908,3392.0059
3019909,19.708115
3019910,1.8107166
3019911,20.610306
3019912,20.724098
3019913,-0.15337455
3019914,168.83694
3019915,6.4320602
3019916,17.046047
3019917,13.425346
3019918,66.16322
3019919,6.1966033
3019920,334.68506
3019921,201.67917
3019922,5.351094
3019923,7.2846622
3019924,306.69586
3019925,94.54367
3019926,1584.2059
3019927,34.376938
3019928,17.847149
3019929,6.900079
3019930,0.053028792
3019931,5.990067
3019932,3280.4204
3019933,-0.0006756498
3019934,484.25482
3019935,7.7078776
3019936,802.3969
3019937,709.3393
3019938,215.67775
3019939,180.31123
3019940,70.082664
3019941,3370.7227
3019942,19.836954
3019943,1.7796354
3019944,20.632856
3019945,20.663664
3019946,-0.19803971
3019947,168.77812
3019948,6.447024
3019949,17.072433
3019950,13.294238
3019951,59.997578
3019952,6.263421
3019953,333.5098
3019954,201.12798
3019955,5.3184085
3019956,7.2943215
3019957,306.88873
3019958,95.160065
3019959,1584.0331
3019960,34.382862
3019961,17.800495
3019962,6.7239804
3019963,0.04564441
3019964,6.0376563
3019965,3270.9841
3019966,-0.051928975
3019967,484.8377
3019968,7.721902
3019969,795.7439
3019970,708.4893
3019971,214.33769
3019972,179.72691
3019973,70.79488
3019974,3332.453
3019975,19.775757
3019976,1.7726355
3019977,20.56943
3019978,20.714386
3019979,-0.24809916
3019980,168.84654
3019981,6.5203753
3019982,18.81272
3019983,13.460836
3019984,66.570465
3019985,6.309286
3019986,334.4205
3019987,201.38858
3019988,5.3878155
3019989,7.320161
3019990,306.82947
3019991,94.42877
3019992,1584.0103
3019993,34.336346
3019994,18.075052
3019995,6.9962015
3019996,0.102384396
3019997,6.0519824
3019998,3307.7034
3019999,0.052161083
3020000,489.9523
3020001,7.704823
3020002,799.11725
3020003,719.9656
3020004,215.12326
3020005,183.50507
3020006,71.57636
3020007,3356.7803
3020008,19.960278
3020009,1.77277
3020010,20.532278
3020011,20.563116
3020012,-0.15478423
3020013,168.86855
3020014,6.5423536
3020015,18.903555
3020016,13.35793
3020017,66.71312
3020018,6.275001
3020019,336.2665
3020020,201.75624
3020021,5.427932
3020022,7.2386456
3020023,312.05627
3020024,96.59772
3020025,1584.0742
3020026,34.421467
3020027,18.06204
3020028,6.8531103
3020029,0.19882621
3020030,6.0735335
3020031,3306.607
3020032,0.06483977
3020033,490.04007
3020034,7.7538347
3020035,796.5856
3020036,713.2195
3020037,214.14941
3020038,182.18973
3020039,70.46277
3020040,3336.5857
3020041,19.881737
3020042,1.7580037
3020043,20.578638
3020044,20.682682
3020045,-0.1358377
3020046,168.93877
3020047,6.4119887
3020048,19.049639
3020049,13.520694
3020050,66.4653
3020051,6.2727036
3020052,333.66302
3020053,199.92639
3020054,5.32673
3020055,7.379497
3020056,308.74615
3020057,95.16741
3020058,1584.0071
3020059,34.297577
3020060,18.040728
3020061,6.96841
3020062,0.14873071
3020063,6.0911355
3020064,3300.4575
3020065,0.0629577
3020066,487.11664
3020067,7.7378736
3020068,793.0787
3020069,713.5963
3020070,213.64061
3020071,181.76945
3020072,70.18233
3020073,3351.3896
3020074,19.932465
3020075,1.7705903
3020076,20.622665
3020077,20.631056
3020078,-0.23981078
3020079,168.74944
3020080,6.4367585
3020081,18.981886
3020082,13.333144
3020083,66.88623
3020084,6.314212
3020085,333.5225
3020086,199.76628
3020087,5.275339
3020088,7.2946258
3020089,306.82782
3020090,96.28111
3020091,1584.0927
3020092,34.3018
3020093,18.117586
3020094,6.911746
3020095,0.091836475
3020096,5.854693
3020097,3268.662
3020098,-0.0058388864
3020099,484.42157
3020100,7.8394413
3020101,789.9931
3020102,706.26587
3020103,213.48796
3020104,178.3596
3020105,70.434326
3020106,3306.3713
3020107,19.771065
3020108,1.7768922
3020109,20.646837
3020110,20.702501
3020111,-0.24171014
3020112,168.70822
3020113,6.4067607
3020114,17.069584
3020115,13.379832
3020116,66.34243
3020117,6.2321196
3020118,332.2829
3020119,200.09023
3020120,5.357398
3020121,7.3795967
3020122,306.4602
3020123,94.50433
3020124,1584.1399
3020125,34.2157
3020126,17.615318
3020127,6.972406
3020128,0.14040913
3020129,5.9715333
3020130,3260.7698
3020131,0.09353266
3020132,484.80353
3020133,7.639403
3020134,786.29004
3020135,708.896
3020136,210.7101
3020137,180.8854
3020138,70.595146
3020139,3308.7107
3020140,19.86563
3020141,1.79604
3020142,20.62742
3020143,20.792994
3020144,-0.18906045
3020145,168.75954
3020146,6.5137386
3020147,18.812181
3020148,13.434351
3020149,66.30068
3020150,6.2926397
3020151,333.74323
3020152,198.17778
3020153,5.3534737
3020154,7.3129296
3020155,301.52426
3020156,94.741455
3020157,1584.0989
3020158,34.376522
3020159,17.706009
3020160,6.8981767
3020161,0.08138774
3020162,5.912522
3020163,3265.6807
3020164,-0.037407894
3020165,482.90802
3020166,7.7519097
3020167,784.1058
3020168,707.50104
3020169,209.05531
3020170,177.39676
3020171,70.06842
3020172,3296.826
3020173,19.514137
3020174,1.7227592
3020175,20.63475
3020176,20.723642
3020177,-0.0909822
3020178,168.86038
3020179,6.463
3020180,18.685923
3020181,13.401627
3020182,66.424835
3020183,6.2681875
3020184,332.88986
3020185,197.24004
3020186,5.367066
3020187,7.4141645
3020188,299.4863
3020189,93.75609
3020190,1584.0283
3020191,34.364807
3020192,17.708805
3020193,6.728746
3020194,0.112227455
3020195,6.0384607
3020196,3266.176
3020197,-0.0131087005
3020198,483.94193
3020199,7.664777
3020200,782.28156
3020201,697.9369
3020202,207.68501
3020203,178.80145
3020204,70.136604
3020205,3279.1692
3020206,19.700708
3020207,1.799305
3020208,20.582659
3020209,20.783484
3020210,-0.08390947
3020211,168.79974
3020212,6.416497
3020213,17.154142
3020214,13.250293
3020215,66.30278
3020216,6.3045745
3020217,333.08658
3020218,195.1465
3020219,5.394928
3020220,7.3197126
3020221,300.36713
3020222,93.52444
3020223,1584.0695
3020224,34.353256
3020225,17.42229
3020226,6.855775
3020227,0.07952973
3020228,5.768389
3020229,3237.5994
3020230,0.009502472
3020231,479.988
3020232,7.70551
3020233,780.76855
3020234,695.73816
3020235,206.73653
3020236,178.69267
3020237,69.69958
3020238,3253.0974
3020239,19.724205
3020240,1.7751602
3020241,20.718807
3020242,20.646955
3020243,-0.25782764
3020244,168.7627
3020245,6.4486594
3020246,17.060457
3020247,13.453689
3020248,66.42616
3020249,6.2774563
3020250,330.8884
3020251,193.24046
3020252,5.3408303
3020253,7.3245544
3020254,298.5804
3020255,93.79128
3020256,1584.1185
3020257,34.38582
3020258,17.653597
3020259,6.723344
3020260,0.13207956
3020261,5.7769184
3020262,3247.4832
3020263,-0.047037534
3020264,476.41452
3020265,7.7135644
3020266,771.0006
3020267,692.994
3020268,206.61957
3020269,176.79631
3020270,69.3007
3020271,3235.9138
3020272,19.372557
3020273,1.7868165
3020274,20.621387
3020275,20.673967
3020276,-0.21660016
3020277,168.79808
3020278,6.443294
3020279,17.086468
3020280,13.3948145
3020281,67.21523
3020282,6.342598
3020283,329.46497
3020284,193.34203
3020285,5.29764
3020286,7.309534
3020287,295.53177
3020288,92.95851
3020289,1584.074
3020290,34.428516
3020291,17.376925
3020292,6.753155
3020293,0.076086245
3020294,5.731991
3020295,3227.1357
3020296,0.08855298
3020297,479.69443
3020298,7.701535
3020299,768.26953
3020300,696.6059
3020301,204.97006
3020302,177.12492
3020303,68.82955
3020304,3217.3745
3020305,19.34519
3020306,1.7696581
3020307,20.596724
3020308,20.679659
3020309,-0.19202274
3020310,168.84476
3020311,6.4305406
3020312,17.095991
3020313,13.597255
3020314,60.08595
3020315,6.21518
3020316,329.91803
3020317,192.01282
3020318,5.3719563
3020319,7.3236904
3020320,291.47403
3020321,94.271484
3020322,1584.1128
3020323,34.380417
3020324,17.438194
3020325,6.7297945
3020326,0.007541299
3020327,5.7987604
3020328,3203.6482
3020329,-0.015757535
3020330,483.0285
3020331,7.646169
3020332,773.2865
3020333,693.43115
3020334,203.7886
3020335,177.6315
3020336,68.70741
3020337,3238.8542
3020338,19.381178
3020339,1.7815369
3020340,20.642153
3020341,20.747448
3020342,-0.18659298
3020343,168.81973
3020344,6.5721965
3020345,17.074331
3020346,13.356131
3020347,67.14154
3020348,6.227251
3020349,327.78522
3020350,192.66983
3020351,5.3476787
3020352,7.363367
3020353,291.9185
3020354,94.3519
3020355,1584.0776
3020356,34.275093
3020357,17.368374
3020358,6.7506623
3020359,0.12015652
3020360,5.718447
3020361,3215.2275
3020362,-0.10922423
3020363,480.8764
3020364,7.7068667
3020365,772.194
3020366,695.89056
3020367,204.23126
3020368,175.76045
3020369,68.8239
3020370,3245.4355
3020371,19.222738
3020372,1.7770846
3020373,20.667892
3020374,20.670624
3020375,-0.11164814
3020376,168.84671
3020377,6.594667
3020378,17.124142
3020379,13.536982
3020380,60.069897
3020381,6.275559
3020382,328.54544
3020383,192.66681
3020384,5.34167
3020385,7.3162346
3020386,296.5739
3020387,93.83633
3020388,1583.9952
3020389,34.251427
3020390,17.28994
3020391,6.178901
3020392,0.092705265
3020393,5.8460307
3020394,3221.6406
3020395,0.015443764
3020396,483.55643
3020397,7.7547846
3020398,764.7557
3020399,693.7688
3020400,202.85582
3020401,176.6098
3020402,68.90557
3020403,3209.8567
3020404,19.304726
3020405,1.7745899
3020406,20.633703
3020407,20.704725
3020408,-0.21322863
3020409,168.78992
3020410,6.4132147
3020411,17.15189
3020412,13.184839
3020413,66.98
3020414,6.224622
3020415,326.11957
3020416,191.30533
3020417,5.3415155
3020418,7.2130513
3020419,289.53323
3020420,93.555214
3020421,1584.0371
3020422,34.3533
3020423,17.363495
3020424,6.7274523
3020425,0.16291405
3020426,5.6933813
3020427,3192.6506
3020428,-0.024640601
3020429,476.47882
3020430,7.751149
3020431,760.26117
3020432,692.83923
3020433,201.84497
3020434,175.06851
3020435,68.65707
3020436,3196.6157
3020437,19.35583
3020438,1.767802
3020439,20.659737
3020440,20.672113
3020441,-0.22294118
3020442,168.79572
3020443,6.4284086
3020444,17.052933
3020445,13.412629
3020446,76.562454
3020447,6.2486115
3020448,326.36642
3020449,190.66524
3020450,5.2248325
3020451,7.235957
3020452,289.97202
3020453,94.029564
3020454,1584.1208
3020455,34.348774
3020456,17.488604
3020457,6.7417135
3020458,0.062188394
3020459,5.7002015
3020460,2995.5635
3020461,-0.056074046
3020462,475.9043
3020463,7.7261996
3020464,758.7851
3020465,689.6133
3020466,199.97343
3020467,173.5032
3020468,68.26084
3020469,3181.2896
3020470,18.99818
3020471,1.7390541
3020472,20.569057
3020473,20.702517
3020474,-0.14033933
3020475,168.7351
3020476,6.4690447
3020477,15.621105
3020478,13.34227
3020479,66.37378
3020480,6.327278
3020481,321.27588
3020482,189.02066
3020483,5.4237385
3020484,7.3360095
3020485,290.1
3020486,92.25261
3020487,1584.0051
3020488,34.28259
3020489,17.338964
3020490,6.6732206
3020491,0.10673794
3020492,5.6309834
3020493,3006.839
3020494,-0.014978323
3020495,472.11053
3020496,7.6760745
3020497,751.3221
3020498,683.6967
3020499,199.00052
3020500,174.7875
3020501,67.94638
3020502,3145.9983
3020503,19.004377
3020504,1.7777532
3020505,20.703995
3020506,20.657784
3020507,-0.15470903
3020508,168.78615
3020509,6.3361363
3020510,15.69511
3020511,13.416139
3020512,67.03325
3020513,6.2562575
3020514,319.55356
3020515,187.8563
3020516,5.40068
3020517,7.2874207
3020518,287.43216
3020519,92.336426
3020520,1584.0526
3020521,34.307587
3020522,17.217407
3020523,6.6630144
3020524,0.087157905
3020525,5.5181
3020526,3232.5305
3020527,-0.08298638
3020528,474.85776
3020529,7.8186135
3020530,746.3783
3020531,694.0494
3020532,199.86409
3020533,176.3891
3020534,68.06759
3020535,3134.4805
3020536,18.786444
3020537,1.8055729
3020538,20.660097
3020539,20.665632
3020540,-0.26072383
3020541,168.82176
3020542,6.513119
3020543,15.549377
3020544,13.570611
3020545,77.87906
3020546,6.335245
3020547,320.49377
3020548,182.90291
3020549,5.331208
3020550,7.2718034
3020551,283.58878
3020552,94.94451
3020553,1584.0935
3020554,34.292606
3020555,17.27558
3020556,6.7381506
3020557,0.14449957
3020558,5.5935507
3020559,3293.4817
3020560,0.013682636
3020561,480.44144
3020562,7.721959
3020563,739.58716
3020564,698.43335
3020565,200.69673
3020566,176.56612
3020567,67.69048
3020568,3147.5452
3020569,18.91103
3020570,1.7706418
3020571,20.553314
3020572,20.731329
3020573,-0.13576314
3020574,168.85265
3020575,6.448334
3020576,14.381006
3020577,13.432358
3020578,78.19618
3020579,6.34345
3020580,326.95465
3020581,182.91524
3020582,5.348452
3020583,7.272787
3020584,287.39285
3020585,96.686455
3020586,1584.0854
3020587,34.325573
3020588,17.255156
3020589,6.7150207
3020590,0.19099444
3020591,5.653761
3020592,3299.0022
3020593,-0.068494834
3020594,483.13626
3020595,7.7880826
3020596,748.98267
3020597,701.99084
3020598,202.03923
3020599,177.24333
3020600,68.398026
3020601,3170.6643
3020602,19.18443
3020603,1.812002
3020604,20.719154
3020605,20.691917
3020606,-0.1997468
3020607,168.87083
3020608,6.5065246
3020609,14.346185
3020610,13.481934
3020611,78.471695
3020612,6.251435
3020613,333.00592
3020614,184.01332
3020615,5.3136606
3020616,7.2941093
3020617,290.6562
3020618,96.44605
3020619,1584.0343
3020620,34.361195
3020621,17.790337
3020622,6.809532
3020623,0.06719746
3020624,5.682715
3020625,3341.9705
3020626,0.025364203
3020627,488.37152
3020628,7.6470547
3020629,744.83966
3020630,713.8182
3020631,202.84964
3020632,179.88292
3020633,69.04789
3020634,3185.5654
3020635,18.984045
3020636,1.7845547
3020637,20.652237
3020638,20.643456
3020639,-0.25230968
3020640,168.88156
3020641,6.5498867
3020642,17.14356
3020643,13.486091
3020644,79.239296
3020645,6.249569
3020646,333.39938
3020647,183.93553
3020648,5.411591
3020649,7.280668
3020650,297.26575
3020651,96.49985
3020652,1584.0342
3020653,34.419563
3020654,17.891489
3020655,6.8351483
3020656,0.11919429
3020657,5.633149
3020658,3254.5896
3020659,-0.11258184
3020660,489.65692
3020661,7.764163
3020662,742.2659
3020663,713.07404
3020664,204.48024
3020665,179.7771
3020666,69.75476
3020667,3171.177
3020668,19.168325
3020669,1.804361
3020670,20.636805
3020671,20.680046
3020672,-0.14066398
3020673,168.88367
3020674,6.357744
3020675,17.055687
3020676,13.438102
3020677,79.8788
3020678,6.216018
3020679,331.95093
3020680,183.29926
3020681,5.313157
3020682,7.351493
3020683,300.646
3020684,97.81465
3020685,1584.0532
3020686,34.313313
3020687,17.614262
3020688,6.8825474
3020689,0.06140699
3020690,5.645024
3020691,3297.1396
3020692,0.0064409943
3020693,497.94214
3020694,7.749707
3020695,747.3832
3020696,726.7825
3020697,205.36125
3020698,179.20525
3020699,70.02257
3020700,3179.7385
3020701,19.50946
3020702,1.773489
3020703,20.56832
3020704,20.730974
3020705,-0.101454385
3020706,168.76857
3020707,6.391903
3020708,17.124405
3020709,13.594822
3020710,81.792366
3020711,6.289085
3020712,335.3844
3020713,184.29518
3020714,5.3770375
3020715,7.351955
3020716,301.95395
3020717,98.84404
3020718,1584.0376
3020719,34.342484
3020720,18.09536
3020721,6.7494073
3020722,0.08456014
3020723,5.793213
3020724,3261.898
3020725,-0.040811364
3020726,495.0211
3020727,7.798519
3020728,754.5665
3020729,722.3356
3020730,207.29153
3020731,180.84966
3020732,70.488785
3020733,3199.8735
3020734,19.18345
3020735,1.7814986
3020736,20.591034
3020737,20.693521
3020738,-0.26302853
3020739,168.80379
3020740,6.500665
3020741,15.674132
3020742,13.566003
3020743,80.97343
3020744,6.3596416
3020745,334.00024
3020746,184.95857
3020747,5.343815
3020748,7.2912517
3020749,303.3332
3020750,97.66192
3020751,1584.0573
3020752,34.347473
3020753,17.96081
3020754,6.837103
3020755,0.12014007
3020756,5.8143826
3020757,3389.3386
3020758,0.040939398
3020759,499.4891
3020760,7.7801566
3020761,751.06335
3020762,717.4882
3020763,207.11938
3020764,182.60213
3020765,70.60933
3020766,3235.5066
3020767,19.261642
3020768,1.7801923
3020769,20.604752
3020770,20.699282
3020771,-0.13795877
3020772,168.87303
3020773,6.455467
3020774,17.146643
3020775,13.403054
3020776,82.322876
3020777,6.233931
3020778,338.50113
3020779,184.00201
3020780,5.395728
3020781,7.3618526
3020782,305.95502
3020783,98.952545
3020784,1584.1584
3020785,34.26831
3020786,18.137917
3020787,6.964313
3020788,0.07855431
3020789,5.7121267
3020790,3393.0193
3020791,-0.05270759
3020792,492.07855
3020793,7.7811856
3020794,746.3937
3020795,726.7283
3020796,206.25655
3020797,186.3196
3020798,70.883644
3020799,3210.9556
3020800,19.176805
3020801,1.7696509
3020802,20.561277
3020803,20.71719
3020804,-0.26406825
3020805,168.91887
3020806,6.515274
3020807,17.120256
3020808,13.45046
3020809,81.51538
3020810,6.1996727
3020811,339.54913
3020812,183.89447
3020813,5.3875785
3020814,7.2336135
3020815,304.08112
3020816,96.46198
3020817,1584.0128
3020818,34.38163
3020819,17.986195
3020820,6.724604
3020821,0.105464004
3020822,5.755042
3020823,3286.3264
3020824,0.10121478
3020825,486.81912
3020826,7.7508426
3020827,737.6558
3020828,718.358
3020829,203.55757
3020830,180.61444
3020831,69.47858
3020832,3151.926
3020833,18.984154
3020834,1.780363
3020835,20.65876
3020836,20.738049
3020837,-0.26670524
3020838,168.81688
3020839,6.448318
3020840,17.091923
3020841,13.529857
3020842,82.81551
3020843,6.2492228
3020844,337.31964
3020845,184.9929
3020846,5.235294
3020847,7.3819914
3020848,301.44736
3020849,98.83862
3020850,1584.1022
3020851,34.309757
3020852,17.754698
3020853,6.741633
3020854,0.017678624
3020855,5.6528935
3020856,3298.8047
3020857,-0.09389533
3020858,481.8242
3020859,7.701945
3020860,733.25183
3020861,707.02673
3020862,200.46626
3020863,178.49165
3020864,68.88401
3020865,3123.3564
3020866,18.65621
3020867,1.7768233
3020868,20.630507
3020869,20.727621
3020870,-0.18494307
3020871,168.86563
3020872,6.500992
3020873,17.108387
3020874,13.656702
3020875,82.23313
3020876,6.2502465
3020877,331.84415
3020878,179.39774
3020879,5.2893834
3020880,7.3424673
3020881,297.60056
3020882,96.400795
3020883,1583.9733
3020884,34.383163
3020885,17.704773
3020886,6.745317
3020887,0.1379301
3020888,5.6024933
3020889,3259.269
3020890,0.019475123
3020891,467.8633
3020892,7.6910095
3020893,728.1876
3020894,699.00415
3020895,193.28023
3020896,173.94879
3020897,68.48453
3020898,3042.5635
3020899,18.818243
3020900,1.766661
3020901,20.621368
3020902,20.661695
3020903,-0.15032117
3020904,168.77827
3020905,6.5472465
3020906,16.997927
3020907,13.200582
3020908,82.61767
3020909,6.3372774
3020910,334.36716
3020911,178.40938
3020912,5.270218
3020913,7.296566
3020914,287.4839
3020915,94.468216
3020916,1584.149
3020917,34.394913
3020918,17.653667
3020919,6.7462273
3020920,0.0752132
3020921,5.605837
3020922,3244.6511
3020923,0.05030433
3020924,473.6131
3020925,7.803889
3020926,727.5101
3020927,693.69275
3020928,192.95467
3020929,177.45917
3020930,68.222404
3020931,3051.3564
3020932,18.771622
3020933,1.7934313
3020934,20.631752
3020935,20.718988
3020936,-0.13094322
3020937,168.80182
3020938,6.4088216
3020939,15.68311
3020940,13.581215
3020941,81.94317
3020942,6.351368
3020943,333.88898
3020944,179.12988
3020945,5.370007
3020946,7.418895
3020947,289.74963
3020948,94.75334
3020949,1584.1373
3020950,34.278423
3020951,17.608973
3020952,6.7137017
3020953,0.08817635
3020954,5.5452595
3020955,3295.7424
3020956,-0.107037954
3020957,477.89255
3020958,7.6656075
3020959,726.90656
3020960,711.82513
3020961,193.51259
3020962,177.88754
3020963,69.176285
3020964,3057.9194
3020965,19.040846
3020966,1.7725863
3020967,20.670782
3020968,20.58226
3020969,-0.14314312
3020970,168.9455
3020971,6.35886
3020972,15.628891
3020973,13.414016
3020974,83.33721
3020975,6.1600585
3020976,333.5144
3020977,178.84688
3020978,5.3064847
3020979,7.327762
3020980,291.75156
3020981,96.60507
3020982,1584.062
3020983,34.384598
3020984,17.848589
3020985,6.65619
3020986,0.09611976
3020987,5.5287604
3020988,3286.967
3020989,-0.060627244
3020990,482.59473
3020991,7.715026
3020992,732.5999
3020993,719.8569
3020994,192.30692
3020995,181.76575
3020996,69.178734
3020997,3091.366
3020998,19.466562
3020999,1.7807871
3021000,20.597517
3021001,20.678616
3021002,-0.14715382
3021003,168.83119
3021004,6.417738
3021005,17.128653
3021006,13.38478
3021007,80.76094
3021008,6.2167106
3021009,334.29404
3021010,179.28024
3021011,5.240341
3021012,7.2681623
3021013,296.89462
3021014,97.742645
3021015,1584.0593
3021016,34.354485
3021017,18.018654
3021018,6.7554927
3021019,-0.021993443
3021020,5.507614
3021021,3284.646
3021022,-0.01954362
3021023,485.1488
3021024,7.7861223
3021025,727.60364
3021026,718.3679
3021027,196.1033
3021028,180.42978
3021029,69.36417
3021030,3072.6025
3021031,19.38871
3021032,1.7880825
3021033,20.553883
3021034,20.756784
3021035,-0.18158457
3021036,168.87589
3021037,6.4362144
3021038,17.069277
3021039,13.543079
3021040,82.99454
3021041,6.242264
3021042,336.16452
3021043,178.87425
3021044,5.3576255
3021045,7.31664
3021046,304.8026
3021047,98.60437
3021048,1584.1072
3021049,34.39615
3021050,18.09927
3021051,6.747887
3021052,0.19051065
3021053,5.6126876
3021054,3334.3542
3021055,0.048695285
3021056,493.1289
3021057,7.632524
3021058,726.9261
3021059,724.99133
3021060,196.99576
3021061,182.52118
3021062,69.06675
3021063,3117.9773
3021064,19.786005
3021065,1.8133731
3021066,20.601496
3021067,20.715857
3021068,-0.12260838
3021069,168.81317
3021070,6.3607802
3021071,18.862532
3021072,13.491533
3021073,81.13267
3021074,6.2627997
3021075,338.27603
3021076,178.27757
3021077,5.373604
3021078,7.4108486
3021079,305.68436
3021080,99.001495
3021081,1584.1693
3021082,34.42224
3021083,18.092772
3021084,6.7172785
3021085,0.11129538
3021086,5.4708247
3021087,3309.6614
3021088,0.051343817
3021089,487.87372
3021090,7.7740917
3021091,726.6683
3021092,714.962
3021093,199.1556
3021094,179.09184
3021095,67.95474
3021096,3113.0847
3021097,19.375988
3021098,1.7786572
3021099,20.584118
3021100,20.748661
3021101,-0.1437948
3021102,168.9354
3021103,6.355284
3021104,18.720144
3021105,13.547157
3021106,82.586395
3021107,6.1991963
3021108,334.15234
3021109,180.13547
3021110,5.3634567
3021111,7.3093247
3021112,303.6932
3021113,90.08921
3021114,1584.149
3021115,34.400917
3021116,18.112957
3021117,6.740338
3021118,0.15945154
3021119,5.6015944
3021120,3385.1562
3021121,-0.027890025
3021122,484.53387
3021123,7.73867
3021124,735.5652
3021125,723.64154
3021126,198.86205
3021127,177.40872
3021128,68.89895
3021129,3112.554
3021130,19.642847
3021131,1.7823083
3021132,20.663662
3021133,20.794868
3021134,-0.20094326
3021135,168.86435
3021136,6.4573364
3021137,18.757345
3021138,13.754306
3021139,83.41293
3021140,6.2861075
3021141,334.34076
3021142,180.57605
3021143,5.3456316
3021144,7.2972136
3021145,309.93405
3021146,90.03825
3021147,1584.0039
3021148,34.397808
3021149,17.986757
3021150,6.7274423
3021151,0.007727758
3021152,5.6032677
3021153,3350.4768
3021154,-0.07441465
3021155,490.9495
3021156,7.723952
3021157,733.1795
3021158,722.9115
3021159,198.39006
3021160,174.98627
3021161,68.34368
3021162,3127.8994
3021163,19.148638
3021164,1.807848
3021165,20.63402
3021166,20.580767
3021167,-0.14294465
3021168,168.84135
3021169,6.430172
3021170,17.01624
3021171,13.634696
3021172,83.42992
3021173,6.301677
3021174,335.59216
3021175,179.75182
3021176,5.37934
3021177,7.239783
3021178,306.08066
3021179,98.694016
3021180,1584.0925
3021181,34.410362
3021182,18.029186
3021183,6.7367964
3021184,0.11587599
3021185,5.5509777
3021186,3432.4167
3021187,0.018735155
3021188,489.28867
3021189,7.790563
3021190,729.499
3021191,716.93665
3021192,200.46414
3021193,175.0771
3021194,67.95168
3021195,3089.4854
3021196,19.127615
3021197,1.7695035
3021198,20.591423
3021199,20.65202
3021200,-0.30377847
3021201,168.74301
3021202,6.505591
3021203,17.114527
3021204,13.418004
3021205,83.16552
3021206,6.25095
3021207,335.30618
3021208,180.54703
3021209,5.3038335
3021210,7.2392507
3021211,302.52875
3021212,97.76147
3021213,1584.1365
3021214,34.337326
3021215,17.803751
3021216,6.7233753
3021217,0.14263141
3021218,5.6225424
3021219,3393.208
3021220,-0.09186662
3021221,479.49127
3021222,7.758985
3021223,727.0496
3021224,704.45746
3021225,199.99266
3021226,174.26808
3021227,67.3978
3021228,3053.4575
3021229,18.878492
3021230,1.7711668
3021231,20.571693
3021232,20.684818
3021233,-0.12249987
3021234,168.82729
3021235,6.432278
3021236,18.843283
3021237,13.631113
3021238,83.034294
3021239,6.358046
3021240,340.25412
3021241,181.026
3021242,5.3417425
3021243,7.2578907
3021244,303.06613
3021245,96.73199
3021246,1584.1108
3021247,34.423416
3021248,17.968813
3021249,6.740324
3021250,0.12418452
3021251,5.5794883
3021252,3324.032
3021253,-0.03020334
3021254,480.1372
3021255,7.8368006
3021256,738.01855
3021257,705.98596
3021258,195.11154
3021259,170.627
3021260,66.873566
3021261,3057.3594
3021262,18.778234
3021263,1.7689742
3021264,20.622856
3021265,20.623564
3021266,-0.09265924
3021267,168.80913
3021268,6.4526234
3021269,17.061577
3021270,13.536631
3021271,81.70407
3021272,6.251109
3021273,333.9793
3021274,180.36595
3021275,5.4492474
3021276,7.269443
3021277,303.5998
3021278,96.26371
3021279,1584.123
3021280,34.31188
3021281,17.72094
3021282,6.7738876
3021283,0.09773119
3021284,5.6177506
3021285,3275.0854
3021286,0.004520716
3021287,475.59305
3021288,7.725264
3021289,733.54614
3021290,696.3457
3021291,197.65141
3021292,174.3944
3021293,67.11231
3021294,3054.114
3021295,18.881468
3021296,1.769568
3021297,20.620424
3021298,20.591814
3021299,-0.27306038
3021300,168.79535
3021301,6.4870195
3021302,17.155117
3021303,13.568145
3021304,81.64245
3021305,6.226631
3021306,333.94788
3021307,181.23663
3021308,5.3955503
3021309,7.2448955
3021310,298.23776
3021311,94.439125
3021312,1584.0204
3021313,34.390755
3021314,17.41807
3021315,6.8092284
3021316,0.121243134
3021317,5.7057047
3021318,3259.305
3021319,-0.016377961
3021320,471.99298
3021321,7.671909
3021322,728.32025
3021323,688.96173
3021324,197.45584
3021325,170.71301
3021326,66.79722
3021327,3072.0884
3021328,18.616299
3021329,1.771426
3021330,20.603798
3021331,20.68903
3021332,-0.30612358
3021333,168.92989
3021334,6.5240984
3021335,15.595317
3021336,13.668131
3021337,81.44399
3021338,6.3276515
3021339,336.3268
3021340,179.59795
3021341,5.2614098
3021342,7.223638
3021343,299.36575
3021344,96.37044
3021345,1584.0833
3021346,34.363552
3021347,17.370037
3021348,6.768023
3021349,0.10240724
3021350,5.48562
3021351,3300.6494
3021352,0.041194472
3021353,483.00012
3021354,7.68675
3021355,733.29144
3021356,692.26544
3021357,195.31085
3021358,170.47757
3021359,66.71053
3021360,3059.013
3021361,18.612522
3021362,1.7720191
3021363,20.697126
3021364,20.660479
3021365,-0.085450344
3021366,168.77287
3021367,6.4897985
3021368,15.430051
3021369,13.489079
3021370,80.76752
3021371,6.2994137
3021372,335.99487
3021373,178.74112
3021374,5.3461447
3021375,7.3211765
3021376,298.07254
3021377,94.542076
3021378,1584.045
3021379,34.278393
3021380,17.372004
3021381,6.787874
3021382,0.11066798
3021383,5.7310915
3021384,3248.4597
3021385,0.06739013
3021386,483.64783
3021387,7.676591
3021388,731.7243
3021389,697.8294
3021390,195.59763
3021391,170.97495
3021392,67.04496
3021393,3061.0305
3021394,18.953306
3021395,1.7756594
3021396,20.645264
3021397,20.716488
3021398,-0.2449195
3021399,168.89018
3021400,6.3615665
3021401,15.680386
3021402,13.491168
3021403,81.07079
3021404,6.2492337
3021405,332.19382
3021406,179.01646
3021407,5.2788105
3021408,7.3418665
3021409,295.9115
3021410,94.91437
3021411,1584.0685
3021412,34.214962
3021413,17.48865
3021414,6.750003
3021415,0.08145438
3021416,5.592238
3021417,3268.6145
3021418,-0.10988599
3021419,482.45233
3021420,7.81414
3021421,727.7058
3021422,688.18
3021423,194.1312
3021424,173.13129
3021425,66.75947
3021426,3073.7341
3021427,18.812813
3021428,1.7718607
3021429,20.69679
3021430,20.63168
3021431,-0.23908484
3021432,168.78203
3021433,6.4238396
3021434,17.050192
3021435,13.546313
3021436,82.080444
3021437,6.220404
3021438,332.5312
3021439,179.70198
3021440,5.3990436
3021441,7.307213
3021442,295.63556
3021443,93.45464
3021444,1584.0621
3021445,34.32333
3021446,17.63963
3021447,6.8234224
3021448,0.09069681
3021449,5.584034
3021450,3190.845
3021451,-0.009771025
3021452,475.5501
3021453,7.648106
3021454,734.5717
3021455,694.95294
3021456,193.76523
3021457,172.65868
3021458,66.68854
3021459,3072.6226
3021460,18.94345
3021461,1.7685835
3021462,20.643581
3021463,20.651815
3021464,-0.1876003
3021465,168.71272
3021466,6.531736
3021467,17.099915
3021468,13.633199
3021469,80.15808
3021470,6.2004504
3021471,333.22977
3021472,176.55692
3021473,5.4347825
3021474,7.2786818
3021475,288.80276
3021476,93.9978
3021477,1584.0968
3021478,34.334248
3021479,17.270193
3021480,6.6638
3021481,0.1137181
3021482,5.490772
3021483,3228.666
3021484,0.055018965
3021485,472.71933
3021486,7.8238893
3021487,727.14575
3021488,689.69775
3021489,192.94272
3021490,175.21529
3021491,66.81895
3021492,3068.4219
3021493,18.781061
3021494,1.7705084
3021495,20.738886
3021496,20.713175
3021497,-0.10985086
3021498,168.89941
3021499,6.5343313
3021500,17.075256
3021501,13.667152
3021502,80.842155
3021503,6.258428
3021504,331.83975
3021505,176.7024
3021506,5.35048
3021507,7.2405486
3021508,288.60217
3021509,93.33752
3021510,1584.0448
3021511,34.24623
3021512,17.32757
3021513,6.6788974
3021514,0.08175322
3021515,5.5821476
3021516,3019.481
3021517,-0.033632547
3021518,471.38113
3021519,7.7098274
3021520,725.5276
3021521,686.19226
3021522,192.92763
3021523,170.89185
3021524,66.81382
3021525,3047.4429
3021526,18.950811
3021527,1.7393136
3021528,20.65056
3021529,20.670486
3021530,-0.29737565
3021531,168.84305
3021532,6.4392157
3021533,15.49396
3021534,13.408306
3021535,80.01239
3021536,6.236514
3021537,333.38168
3021538,175.76108
3021539,5.295421
3021540,7.3293467
3021541,284.75217
3021542,92.981026
3021543,1584.032
3021544,34.29257
3021545,17.029844
3021546,6.2066975
3021547,0.07226556
3021548,5.460404
3021549,3198.5767
3021550,0.0008315669
3021551,470.80557
3021552,7.75281
3021553,727.3802
3021554,682.6708
3021555,192.05829
3021556,172.7801
3021557,66.973465
3021558,3046.299
3021559,18.8177
3021560,1.7772356
3021561,20.500547
3021562,20.774342
3021563,-0.2079411
3021564,168.83826
3021565,6.473606
3021566,15.567299
3021567,13.7885
3021568,80.22047
3021569,6.2572517
3021570,338.7335
3021571,176.28763
3021572,5.293682
3021573,7.321421
3021574,284.51343
3021575,92.759315
3021576,1584.0647
3021577,34.339138
3021578,17.286886
3021579,6.7671022
3021580,0.04764742
3021581,5.549761
3021582,3240.6448
3021583,0.08382996
3021584,470.322
3021585,7.7723103
3021586,725.5224
3021587,692.75226
3021588,193.11497
3021589,173.40808
3021590,66.82462
3021591,3062.2292
3021592,18.916674
3021593,1.7717779
3021594,20.630919
3021595,20.641743
3021596,-0.22559209
3021597,168.83264
3021598,6.4301844
3021599,17.025301
3021600,13.806794
3021601,80.606346
3021602,6.2142887
3021603,333.9612
3021604,176.73126
3021605,5.4737716
3021606,7.361237
3021607,287.67334
3021608,92.82612
3021609,1584.1672
3021610,34.32831
3021611,17.472874
3021612,6.737485
3021613,0.014151276
3021614,5.5387487
3021615,3229.8203
3021616,0.10826749
3021617,471.7996
3021618,7.670917
3021619,733.96
3021620,687.246
3021621,195.35684
3021622,171.46652
3021623,66.727066
3021624,3079.303
3021625,18.798315
3021626,1.8006532
3021627,20.66372
3021628,20.69456
3021629,-0.2014251
3021630,168.91507
3021631,6.383145
3021632,17.133535
3021633,13.446539
3021634,79.931526
3021635,6.3321114
3021636,338.3435
3021637,177.53828
3021638,5.280091
3021639,7.276213
3021640,287.69247
3021641,92.597946
3021642,1584.122
3021643,34.30455
3021644,16.869629
3021645,6.7253194
3021646,0.18685788
3021647,5.5232353
3021648,3192.6853
3021649,-0.055189703
3021650,468.85724
3021651,7.7175307
3021652,725.757
3021653,682.80743
3021654,195.36021
3021655,170.08774
3021656,66.80395
3021657,3058.772
3021658,18.918936
3021659,1.7855626
3021660,20.637585
3021661,20.662271
3021662,-0.14108437
3021663,168.91171
3021664,6.543644
3021665,17.06963
3021666,13.663189
3021667,80.270874
3021668,6.212806
3021669,339.42545
3021670,179.44392
3021671,5.223879
3021672,7.251641
3021673,286.30402
3021674,92.65424
3021675,1584.0759
3021676,34.283432
3021677,17.186024
3021678,6.657535
3021679,0.18673983
3021680,5.598903
3021681,3024.595
3021682,-0.033097416
3021683,468.25055
3021684,7.6769834
3021685,727.869
3021686,680.41565
3021687,195.38922
3021688,169.29639
3021689,66.5974
3021690,3047.0894
3021691,18.74698
3021692,1.7713358
3021693,20.681326
3021694,20.79469
3021695,-0.24976267
3021696,168.78162
3021697,6.4640937
3021698,17.142723
3021699,13.476006
3021700,80.17407
3021701,6.363761
3021702,339.92245
3021703,178.21474
3021704,5.330229
3021705,7.397754
3021706,289.55182
3021707,91.8942
3021708,1584.0074
3021709,34.33327
3021710,16.928734
3021711,6.1952424
3021712,0.11948751
3021713,5.5840025
3021714,3005.685
3021715,0.07365266
3021716,468.21765
3021717,7.8229413
3021718,724.22144
3021719,683.135
3021720,196.2885
3021721,171.26982
3021722,66.669464
3021723,3041.9343
3021724,18.90231
3021725,1.7760127
3021726,20.533182
3021727,20.760191
3021728,-0.2712526
3021729,168.86314
3021730,6.457306
3021731,15.6682005
3021732,13.681274
3021733,80.07471
3021734,6.179767
3021735,334.87964
3021736,177.15611
3021737,5.3201547
3021738,7.220701
3021739,288.45374
3021740,93.007324
3021741,1584.141
3021742,34.415997
3021743,17.191896
3021744,6.7731233
3021745,-0.010771171
3021746,5.6428556
3021747,3000.161
3021748,-0.020901801
3021749,469.82516
3021750,7.7907205
3021751,735.8115
3021752,686.9122
3021753,198.67749
3021754,170.74786
3021755,67.300285
3021756,3079.196
3021757,18.9749
3021758,1.7826024
3021759,20.623238
3021760,20.750751
3021761,-0.082875066
3021762,168.81065
3021763,6.4795914
3021764,17.072206
3021765,13.532286
3021766,80.26967
3021767,6.2403846
3021768,341.81412
3021769,178.96643
3021770,5.3006034
3021771,7.274612
3021772,287.78033
3021773,92.32987
3021774,1584.0441
3021775,34.342068
3021776,17.390312
3021777,6.7035875
3021778,0.13287671
3021779,5.66373
3021780,3225.0532
3021781,-0.06405585
3021782,474.69073
3021783,7.7107444
3021784,739.5473
3021785,695.12146
3021786,198.73578
3021787,176.06348
3021788,67.752785
3021789,3087.4382
3021790,18.994604
3021791,1.7749045
3021792,20.568344
3021793,20.624262
3021794,-0.08562855
3021795,168.77121
3021796,6.521724
3021797,15.688713
3021798,13.696638
3021799,80.64574
3021800,6.1904936
3021801,341.26108
3021802,179.72246
3021803,5.2234735
3021804,7.208701
3021805,297.4706
3021806,93.34033
3021807,1584.0736
3021808,34.329185
3021809,17.504223
3021810,6.671297
3021811,0.1320688
3021812,5.737891
3021813,3194.9473
3021814,-0.0141324205
3021815,478.52643
3021816,7.735709
3021817,730.3295
3021818,691.1477
3021819,197.81566
3021820,174.96358
3021821,67.424255
3021822,3078.9836
3021823,19.014977
3021824,1.792827
3021825,20.596193
3021826,20.719387
3021827,-0.12110564
3021828,168.84927
3021829,6.388257
3021830,17.041647
3021831,13.602135
3021832,80.55608
3021833,6.179855
3021834,337.92938
3021835,178.02664
3021836,5.3234544
3021837,7.335259
3021838,298.07126
3021839,92.97446
3021840,1583.9889
3021841,34.275505
3021842,17.732555
3021843,6.72523
3021844,0.03241001
3021845,5.806889
3021846,3204.03
3021847,-0.011750982
3021848,472.9373
3021849,7.6978054
3021850,734.4424
3021851,694.2218
3021852,198.77078
3021853,175.36998
3021854,66.97907
3021855,3086.8103
3021856,19.001053
3021857,1.7703757
3021858,20.641464
3021859,20.686533
3021860,-0.27211094
3021861,168.88284
3021862,6.448605
3021863,18.952604
3021864,13.749612
3021865,81.61613
3021866,6.3209496
3021867,337.65778
3021868,178.12102
3021869,5.323351
3021870,7.233766
3021871,289.15186
3021872,93.10359
3021873,1584.0587
3021874,34.25898
3021875,17.51847
3021876,6.785534
3021877,0.09431208
3021878,5.752725
3021879,3002.387
3021880,0.069803834
3021881,469.15378
3021882,7.766667
3021883,732.9568
3021884,692.57306
3021885,198.55003
3021886,172.69946
3021887,67.242516
3021888,3107.3684
3021889,19.028116
3021890,1.7832683
3021891,20.65375
3021892,20.621065
3021893,-0.0921057
3021894,168.69743
3021895,6.3869667
3021896,17.012367
3021897,13.359289
3021898,80.71324
3021899,6.2795978
3021900,335.99426
3021901,179.5419
3021902,5.315587
3021903,7.2049017
3021904,291.25705
3021905,92.319435
3021906,1583.9886
3021907,34.330605
3021908,17.359673
3021909,6.7558966
3021910,-0.022424199
3021911,5.7273207
3021912,2996.8044
3021913,0.12698624
3021914,468.73544
3021915,7.762128
3021916,728.3449
3021917,689.879
3021918,197.17754
3021919,174.45757
3021920,67.54858
3021921,3081.2908
3021922,19.05883
3021923,1.7789167
3021924,20.70626
3021925,20.681067
3021926,-0.19405903
3021927,168.92538
3021928,6.490344
3021929,17.036842
3021930,13.614259
3021931,81.08226
3021932,6.238017
3021933,338.13855
3021934,180.108
3021935,5.2861643
3021936,7.2057724
3021937,287.65402
3021938,92.71559
3021939,1584.1034
3021940,34.414795
3021941,17.324429
3021942,6.7454515
3021943,0.17698102
3021944,5.668945
3021945,2998.6606
3021946,-0.005300366
3021947,469.34576
3021948,7.7466774
3021949,728.8149
3021950,687.835
3021951,195.95874
3021952,171.39072
3021953,67.24539
3021954,3059.4966
3021955,18.884485
3021956,1.771109
3021957,20.530853
3021958,20.574
3021959,-0.20196745
3021960,168.79594
3021961,6.4380774
3021962,15.614382
3021963,13.800853
3021964,80.61583
3021965,6.148468
3021966,337.32986
3021967,176.22829
3021968,5.390978
3021969,7.306865
3021970,285.14468
3021971,92.051796
3021972,1584.0825
3021973,34.410347
3021974,17.350317
3021975,6.779821
3021976,0.050978027
3021977,5.7748966
3021978,2987.225
3021979,0.024967354
3021980,472.45117
3021981,7.694841
3021982,725.8395
3021983,680.6396
3021984,195.26134
3021985,173.69347
3021986,67.0344
3021987,3055.935
3021988,18.990149
3021989,1.7979861
3021990,20.654974
3021991,20.658861
3021992,-0.16543078
3021993,168.74356
3021994,6.460469
3021995,15.53839
3021996,13.533205
3021997,81.32933
3021998,6.1762176
3021999,335.61807
3022000,175.23885
3022001,5.3468757
3022002,7.3225408
3022003,286.53464
3022004,91.58797
3022005,1584.0653
3022006,34.307503
3022007,16.977896
3022008,6.676501
3022009,0.099057674
3022010,5.624803
3022011,2992.9653
3022012,0.005735578
3022013,466.83475
3022014,7.628709
3022015,727.6055
3022016,683.33246
3022017,194.09558
3022018,172.95654
3022019,66.970276
3022020,3042.427
3022021,18.97271
3022022,1.794122
3022023,20.547728
3022024,20.711365
3022025,-0.17993441
3022026,168.77805
3022027,6.4744534
3022028,15.6696005
3022029,13.503819
3022030,81.10187
3022031,6.3014474
3022032,334.34348
3022033,174.64343
3022034,5.27049
3022035,7.3659678
3022036,285.30237
3022037,92.63756
3022038,1584.0927
3022039,34.357906
3022040,17.268894
3022041,6.702027
3022042,0.18781686
3022043,5.6042686
3022044,2998.0442
3022045,-0.032162443
3022046,465.70715
3022047,7.7106323
3022048,723.5692
3022049,677.47174
3022050,194.5483
3022051,171.36917
3022052,66.762215
3022053,3059.653
3022054,18.980341
3022055,1.7652035
3022056,20.616104
3022057,20.679113
3022058,-0.19238643
3022059,168.93573
3022060,6.3749866
3022061,17.124237
3022062,13.629805
3022063,80.47847
3022064,6.2434516
3022065,334.12408
3022066,174.59312
3022067,5.3408136
3022068,7.408792
3022069,283.21832
3022070,91.32093
3022071,1584.0852
3022072,34.315113
3022073,16.901525
3022074,6.188889
3022075,-0.026400216
3022076,5.6494846
3022077,2984.0723
3022078,0.06372148
3022079,467.66302
3022080,7.743902
3022081,723.30176
3022082,685.4877
3022083,192.32243
3022084,172.98145
3022085,66.45196
3022086,3052.6003
3022087,18.97753
3022088,1.7715381
3022089,20.663294
3022090,20.71466
3022091,-0.1973297
3022092,168.83308
3022093,6.496417
3022094,17.065077
3022095,13.723459
3022096,80.882744
3022097,6.325535
3022098,333.62128
3022099,174.173
3022100,5.328296
3022101,7.310863
3022102,282.64597
3022103,93.22699
3022104,1584.0759
3022105,34.302525
3022106,17.00785
3022107,6.7231083
3022108,0.06499659
3022109,5.6740603
3022110,2955.7712
3022111,0.06648755
3022112,475.37314
3022113,7.832138
3022114,723.56964
3022115,683.0992
3022116,193.11578
3022117,173.13078
3022118,66.85781
3022119,3039.7666
3022120,18.981123
3022121,1.7692648
3022122,20.662195
3022123,20.76349
3022124,-0.24367976
3022125,168.80206
3022126,6.406281
3022127,17.061476
3022128,13.87541
3022129,81.18247
3022130,6.2254663
3022131,333.17975
3022132,174.63925
3022133,5.3274055
3022134,7.3385987
3022135,283.65918
3022136,93.07753
3022137,1584.0659
3022138,34.408966
3022139,16.922852
3022140,6.725459
3022141,0.05875488
3022142,5.6549077
3022143,2982.0566
3022144,-0.00036008566
3022145,473.54962
3022146,7.693787
3022147,725.805
3022148,687.8183
3022149,193.54427
3022150,170.82823
3022151,66.69898
3022152,3054.6948
3022153,18.991434
3022154,1.7703214
3022155,20.58353
3022156,20.624355
3022157,-0.17694306
3022158,168.81119
3022159,6.48827
3022160,17.046078
3022161,13.449693
3022162,80.502525
3022163,6.302056
3022164,333.9241
3022165,174.05945
3022166,5.2898536
3022167,7.28527
3022168,284.95673
3022169,93.35229
3022170,1584.0023
3022171,34.30712
3022172,17.184
3022173,6.1845217
3022174,0.06670533
3022175,5.6947947
3022176,2971.1206
3022177,-0.0031132172
3022178,474.03455
3022179,7.7017064
3022180,723.6624
3022181,681.34485
3022182,192.96014
3022183,172.93492
3022184,66.63454
3022185,3052.3892
3022186,19.118614
3022187,1.7951785
3022188,20.613703
3022189,20.803133
3022190,-0.2668155
3022191,168.7758
3022192,6.4223127
3022193,18.717237
3022194,13.800427
3022195,80.11637
3022196,6.3251534
3022197,334.1659
3022198,173.90192
3022199,5.3343625
3022200,7.3828554
3022201,282.29465
3022202,92.90573
3022203,1584.0756
3022204,34.351578
3022205,17.325134
3022206,6.1486664
3022207,0.014765485
3022208,5.59336
3022209,2939.7393
3022210,0.010637743
3022211,467.4349
3022212,7.8156104
3022213,726.1798
3022214,681.71655
3022215,193.5399
3022216,170.23341
3022217,66.39877
3022218,3054.9165
3022219,18.805182
3022220,1.8043656
3022221,20.658463
3022222,20.69178
3022223,-0.24296297
3022224,168.80138
3022225,6.4750648
3022226,17.129648
3022227,13.753644
3022228,80.5911
3022229,6.247248
3022230,333.81573
3022231,174.90129
3022232,5.295906
3022233,7.309916
3022234,284.1103
3022235,92.59801
3022236,1584.0089
3022237,34.368126
3022238,17.230742
3022239,6.1883097
3022240,0.0922036
3022241,5.535324
3022242,2934.179
3022243,0.06340521
3022244,470.74625
3022245,7.7735906
3022246,725.1656
3022247,675.8427
3022248,192.36447
3022249,169.81874
3022250,66.27877
3022251,3039.3723
3022252,18.580784
3022253,1.7821879
3022254,20.518135
3022255,20.646591
3022256,-0.15998252
3022257,168.8185
3022258,6.438654
3022259,17.047981
3022260,13.627916
3022261,77.81815
3022262,6.3453355
3022263,333.8723
3022264,175.21083
3022265,5.350873
3022266,7.2694283
3022267,285.8365
3022268,90.84239
3022269,1584.0759
3022270,34.42126
3022271,16.914934
3022272,6.063997
3022273,-0.007707476
3022274,5.5175734
3022275,2920.0195
3022276,0.07337948
3022277,464.8926
3022278,7.8327093
3022279,719.92816
3022280,671.7209
3022281,190.33856
3022282,171.57901
3022283,65.82938
3022284,2999.1025
3022285,18.95721
3022286,1.8050774
3022287,20.60726
3022288,20.680387
3022289,-0.20888604
3022290,168.80696
3022291,6.4243097
3022292,17.078562
3022293,13.87887
3022294,79.2294
3022295,6.203205
3022296,331.8855
3022297,174.84412
3022298,5.248933
3022299,7.3967195
3022300,281.61508
3022301,91.564445
3022302,1584.0714
3022303,34.277863
3022304,16.710623
3022305,6.7036886
3022306,0.055701684
3022307,5.5135946
3022308,2983.0945
3022309,-0.07128891
3022310,468.39362
3022311,7.682556
3022312,719.9275
3022313,679.4772
3022314,192.7405
3022315,171.81306
3022316,65.96456
3022317,3002.5713
3022318,18.9306
3022319,1.7786889
3022320,20.68901
3022321,20.586935
3022322,-0.17377912
3022323,168.83813
3022324,6.461764
3022325,17.098114
3022326,13.596482
3022327,80.61981
3022328,6.3034067
3022329,333.03546
3022330,174.11763
3022331,5.2761397
3022332,7.3290954
3022333,278.0973
3022334,94.33018
3022335,1584.132
3022336,34.317116
3022337,17.19855
3022338,6.7395782
3022339,0.12882763
3022340,5.5089383
3022341,2976.1628
3022342,-0.059295606
3022343,466.8403
3022344,7.7354097
3022345,715.4916
3022346,684.68494
3022347,193.12616
3022348,173.42493
3022349,66.73246
3022350,3034.7454
3022351,19.064985
3022352,1.7783067
3022353,20.570961
3022354,20.680248
3022355,-0.2215618
3022356,168.78859
3022357,6.3785257
3022358,17.140463
3022359,13.671994
3022360,82.1304
3022361,6.2950783
3022362,333.18198
3022363,174.1808
3022364,5.3768167
3022365,7.32782
3022366,283.08017
3022367,94.45296
3022368,1584.0779
3022369,34.39111
3022370,16.925524
3022371,6.8725863
3022372,0.11764558
3022373,5.565134
3022374,3193.3445
3022375,0.023104185
3022376,466.9181
3022377,7.700166
3022378,724.9137
3022379,696.64307
3022380,193.73993
3022381,174.17241
3022382,67.015305
3022383,3040.0093
3022384,19.065817
3022385,1.7692773
3022386,20.640453
3022387,20.74125
3022388,-0.2160286
3022389,168.86035
3022390,6.5028114
3022391,18.904827
3022392,13.754287
3022393,81.37896
3022394,6.2649636
3022395,335.58185
3022396,174.53442
3022397,5.355814
3022398,7.2932673
3022399,285.85526
3022400,96.34059
3022401,1584.1694
3022402,34.32215
3022403,17.508425
3022404,6.9891963
3022405,0.044958457
3022406,5.5663166
3022407,3226.077
3022408,0.028398048
3022409,477.29303
3022410,7.83951
3022411,724.22266
3022412,709.7983
3022413,195.59013
3022414,177.22047
3022415,67.63005
3022416,3086.4963
3022417,19.26886
3022418,1.783332
3022419,20.558624
3022420,20.632748
3022421,-0.2633977
3022422,168.79128
3022423,6.412959
3022424,19.100716
3022425,13.681647
3022426,82.484
3022427,6.2042403
3022428,335.50098
3022429,176.1682
3022430,5.4420967
3022431,7.414297
3022432,291.0837
3022433,95.53447
3022434,1583.9946
3022435,34.240753
3022436,17.849075
3022437,6.8901343
3022438,0.063722245
3022439,5.657803
3022440,3210.725
3022441,0.025833208
3022442,481.48846
3022443,7.7622433
3022444,725.91223
3022445,710.06494
3022446,197.26772
3022447,176.72052
3022448,68.36583
3022449,3072.3835
3022450,19.288908
3022451,1.8090124
3022452,20.573757
3022453,20.724598
3022454,-0.14247948
3022455,168.76485
3022456,6.4424
3022457,19.085117
3022458,13.745299
3022459,83.32119
3022460,6.292339
3022461,335.90845
3022462,176.06544
3022463,5.352875
3022464,7.244842
3022465,296.88498
3022466,96.72343
3022467,1584.1282
3022468,34.398857
3022469,17.517488
3022470,6.95125
3022471,0.118259296
3022472,5.741794
3022473,3225.7114
3022474,0.086475015
3022475,488.91504
3022476,7.726149
3022477,724.2128
3022478,717.0252
3022479,197.70676
3022480,176.27843
3022481,68.5904
3022482,3066.6484
3022483,19.412905
3022484,1.7728851
3022485,20.634146
3022486,20.688042
3022487,-0.31110507
3022488,168.819
3022489,6.4900765
3022490,19.436317
3022491,13.629899
3022492,81.10168
3022493,6.2664165
3022494,339.80084
3022495,176.27928
3022496,5.408857
3022497,7.2193885
3022498,298.08884
3022499,98.62791
3022500,1584.1051
3022501,34.30416
3022502,17.783781
3022503,7.0570393
3022504,0.13475616
3022505,5.828025
3022506,3220.9014
3022507,-0.01989799
3022508,493.79578
3022509,7.77281
3022510,727.20795
3022511,719.04486
3022512,198.9245
3022513,176.80795
3022514,68.6409
3022515,3113.4258
3022516,19.163877
3022517,1.7830362
3022518,20.626915
3022519,20.710043
3022520,-0.24433161
3022521,168.84004
3022522,6.376851
3022523,18.955828
3022524,13.727749
3022525,82.32388
3022526,6.314491
3022527,338.69107
3022528,176.63933
3022529,5.3647156
3022530,7.383125
3022531,302.44333
3022532,96.818726
3022533,1584.1846
3022534,34.278908
3022535,18.045288
3022536,6.9073706
3022537,0.08904651
3022538,5.7534676
3022539,3272.0151
3022540,-0.00041498247
3022541,494.7427
3022542,7.623079
3022543,724.3944
3022544,714.5042
3022545,199.43832
3022546,177.75627
3022547,69.37995
3022548,3146.9485
3022549,19.217808
3022550,1.7716143
3022551,20.641523
3022552,20.790344
3022553,-0.3243208
3022554,168.81363
3022555,6.3606877
3022556,19.14409
3022557,13.857939
3022558,83.462944
3022559,6.170422
3022560,340.259
3022561,176.11533
3022562,5.418289
3022563,7.3255787
3022564,305.12384
3022565,98.81818
3022566,1584.1937
3022567,34.37519
3022568,18.086971
3022569,6.9546304
3022570,0.02672862
3022571,5.8283176
3022572,3312.8147
3022573,0.10484406
3022574,490.2415
3022575,7.7211533
3022576,723.24786
3022577,722.7588
3022578,197.46216
3022579,182.06973
3022580,69.400475
3022581,3140.386
3022582,18.914469
3022583,1.7722765
3022584,20.693563
3022585,20.6845
3022586,-0.19912927
3022587,168.84976
3022588,6.3559427
3022589,17.060535
3022590,13.971088
3022591,83.52451
3022592,6.11669
3022593,340.30676
3022594,177.1333
3022595,5.251391
3022596,7.380265
3022597,304.10693
3022598,96.446785
3022599,1584.1128
3022600,34.35214
3022601,18.090021
3022602,6.865949
3022603,0.07319588
3022604,5.819535
3022605,3237.4758
3022606,0.036473505
3022607,484.5045
3022608,7.7598467
3022609,720.0257
3022610,715.0537
3022611,196.69292
3022612,178.12123
3022613,68.37811
3022614,3090.815
3022615,18.688847
3022616,1.7881607
3022617,20.562052
3022618,20.609339
3022619,-0.20100656
3022620,168.77884
3022621,6.46437
3022622,18.963314
3022623,13.940561
3022624,82.92668
3022625,6.3076673
3022626,339.2039
3022627,177.11655
3022628,5.3513966
3022629,7.3025665
3022630,301.4763
3022631,98.675804
3022632,1583.9812
3022633,34.441364
3022634,17.525473
3022635,6.7533264
3022636,0.11647112
3022637,5.765466
3022638,3213.3499
3022639,-0.04813799
3022640,475.38983
3022641,7.6462526
3022642,717.78314
3022643,706.20874
3022644,195.35881
3022645,173.93005
3022646,67.32766
3022647,3062.8167
3022648,18.443527
3022649,1.7680235
3022650,20.601158
3022651,20.676657
3022652,-0.1473287
3022653,168.78326
3022654,6.379136
3022655,19.098392
3022656,13.910374
3022657,82.60393
3022658,6.1850395
3022659,337.1588
3022660,171.70294
3022661,5.405269
3022662,7.312874
3022663,299.0669
3022664,95.042854
3022665,1584.0765
3022666,34.32697
3022667,17.764486
3022668,6.8219166
3022669,0.18720981
3022670,5.681358
3022671,2992.8608
3022672,-0.056457996
3022673,466.8288
3022674,7.8057923
3022675,714.02203
3022676,700.3657
3022677,189.51166
3022678,168.68733
3022679,67.1499
3022680,2995.9814
3022681,18.280968
3022682,1.7717044
3022683,20.664488
3022684,20.685167
3022685,-0.31498232
3022686,168.7872
3022687,6.477283
3022688,19.009869
3022689,13.669038
3022690,81.69591
3022691,6.1378956
3022692,340.65683
3022693,170.17815
3022694,5.2914863
3022695,7.2677636
3022696,289.10117
3022697,94.693504
3022698,1584.068
3022699,34.322987
3022700,17.47448
3022701,6.6811895
3022702,-0.031012598
3022703,5.7052264
3022704,3000.2517
3022705,0.0021298788
3022706,470.06787
3022707,7.7690334
3022708,707.2247
3022709,694.9956
3022710,189.48376
3022711,175.15417
3022712,67.20431
3022713,3001.8196
3022714,18.913143
3022715,1.7757835
3022716,20.59746
3022717,20.706469
3022718,-0.2230714
3022719,168.82928
3022720,6.552244
3022721,18.821663
3022722,13.910031
3022723,81.99303
3022724,6.254345
3022725,342.1282
3022726,171.24287
3022727,5.3544106
3022728,7.3851376
3022729,290.26813
3022730,94.71938
3022731,1584.1152
3022732,34.263794
3022733,17.65582
3022734,6.790159
3022735,0.09962099
3022736,5.7650065
3022737,3198.8499
3022738,-0.044363704
3022739,472.95367
3022740,7.641571
3022741,711.43665
3022742,711.25806
3022743,189.64323
3022744,175.37274
3022745,67.70583
3022746,3028.964
3022747,19.009483
3022748,1.7779441
3022749,20.579752
3022750,20.788382
3022751,-0.2972841
3022752,168.72626
3022753,6.4775414
3022754,19.05114
3022755,13.600464
3022756,83.52115
3022757,6.2059855
3022758,341.9371
3022759,171.47543
3022760,5.307641
3022761,7.3760905
3022762,295.925
3022763,96.67364
3022764,1583.988
3022765,34.334465
3022766,17.992357
3022767,6.8567314
3022768,0.006354045
3022769,5.760979
3022770,3227.0781
3022771,-0.056112885
3022772,476.3806
3022773,7.746745
3022774,718.1291
3022775,719.0448
3022776,188.91487
3022777,178.6722
3022778,67.496284
3022779,3050.4573
3022780,19.193441
3022781,1.7784572
3022782,20.575079
3022783,20.697628
3022784,-0.33574525
3022785,168.79585
3022786,6.449088
3022787,19.02927
3022788,13.723913
3022789,83.61409
3022790,6.1970096
3022791,342.63013
3022792,171.96008
3022793,5.2329564
3022794,7.2791853
3022795,297.18927
3022796,98.999245
3022797,1584.1791
3022798,34.381756
3022799,17.966867
3022800,6.770988
3022801,0.02480735
3022802,5.739167
3022803,3215.4834
3022804,0.04499507
3022805,481.47382
3022806,7.6506033
3022807,709.1646
3022808,718.5674
3022809,194.63403
3022810,178.31541
3022811,67.35434
3022812,3044.6472
3022813,19.353148
3022814,1.775499
3022815,20.497295
3022816,20.652431
3022817,-0.1723286
3022818,168.91853
3022819,6.5367675
3022820,19.063953
3022821,13.889296
3022822,82.7993
3022823,6.2663803
3022824,341.76874
3022825,171.62585
3022826,5.31961
3022827,7.3864536
3022828,303.68958
3022829,98.856445
3022830,1584.0872
3022831,34.42223
3022832,17.752333
3022833,6.8030915
3022834,0.04601414
3022835,5.881782
3022836,3237.8525
3022837,0.05950459
3022838,491.08463
3022839,7.7746787
3022840,710.7027
3022841,730.1963
3022842,195.00418
3022843,180.75134
3022844,67.823044
3022845,3059.5542
3022846,19.531748
3022847,1.7667428
3022848,20.535252
3022849,20.618607
3022850,-0.2696725
3022851,168.79759
3022852,6.420105
3022853,19.272274
3022854,13.963167
3022855,80.775604
3022856,6.2516284
3022857,341.88562
3022858,170.79446
3022859,5.3041954
3022860,7.2460847
3022861,305.87054
3022862,88.40282
3022863,1583.9974
3022864,34.340782
3022865,18.074963
3022866,6.776552
3022867,0.12062283
3022868,5.8101163
3022869,3229.6538
3022870,0.028565383
3022871,484.2796
3022872,7.671025
3022873,710.5617
3022874,716.1948
3022875,195.25157
3022876,176.74142
3022877,66.8545
3022878,3067.619
3022879,19.140234
3022880,1.7516359
3022881,20.594982
3022882,20.725971
3022883,-0.29620433
3022884,168.78506
3022885,6.4563823
3022886,19.143097
3022887,13.72722
3022888,82.75268
3022889,6.248534
3022890,338.94452
3022891,173.04129
3022892,5.306685
3022893,7.3967896
3022894,304.63892
3022895,90.13228
3022896,1584.1077
3022897,34.24623
3022898,18.091343
3022899,6.854741
3022900,0.023585683
3022901,5.843184
3022902,3288.1409
3022903,-0.012738063
3022904,483.7658
3022905,7.7442594
3022906,716.1595
3022907,727.5885
3022908,195.25984
3022909,175.63823
3022910,67.514824
3022911,3070.7673
3022912,19.459879
3022913,1.7704341
3022914,20.564249
3022915,20.748081
3022916,-0.2161836
3022917,168.86118
3022918,6.371447
3022919,19.428625
3022920,13.995085
3022921,81.142235
3022922,6.209668
3022923,340.983
3022924,172.80623
3022925,5.329487
3022926,7.2686734
3022927,310.613
3022928,90.40324
3022929,1584.1359
3022930,34.293423
3022931,18.027666
3022932,6.872012
3022933,0.10444101
3022934,5.8307495
3022935,3254.673
3022936,-0.00208671
3022937,487.28366
3022938,7.7610154
3022939,716.812
3022940,724.9961
3022941,195.01639
3022942,173.26558
3022943,67.26622
3022944,3069.7026
3022945,19.10498
3022946,1.7666357
3022947,20.573997
3022948,20.680672
3022949,-0.24671245
3022950,168.80316
3022951,6.499103
3022952,19.071238
3022953,13.850748
3022954,80.75606
3022955,6.2591696
3022956,339.49887
3022957,172.54349
3022958,5.32836
3022959,7.3464503
3022960,306.08395
3022961,88.430534
3022962,1584.0393
3022963,34.24071
3022964,18.065332
3022965,6.881362
3022966,0.05362686
3022967,5.780712
3022968,3279.5808
3022969,-0.10286055
3022970,486.9534
3022971,7.648431
3022972,712.3478
3022973,720.4674
3022974,196.66402
3022975,173.73717
3022976,66.8638
3022977,3059.1863
3022978,19.026081
3022979,1.7736948
3022980,20.697119
3022981,20.784222
3022982,-0.25837338
3022983,168.78752
3022984,6.4605455
3022985,19.014076
3022986,13.846625
3022987,80.751335
3022988,6.3494487
3022989,339.27548
3022990,172.4528
3022991,5.268897
3022992,7.2653747
3022993,303.5448
3022994,98.95701
3022995,1584.1011
3022996,34.371964
3022997,18.10635
3022998,6.8354354
3022999,0.1230653
3023000,5.8321886
3023001,3241.8694
3023002,0.08922992
3023003,476.56027
3023004,7.7193613
3023005,711.4686
3023006,707.1232
3023007,196.94664
3023008,172.85138
3023009,66.33084
3023010,3016.3462
3023011,18.803133
3023012,1.7823101
3023013,20.64404
3023014,20.702845
3023015,-0.12257855
3023016,168.85414
3023017,6.482862
3023018,19.332546
3023019,13.774733
3023020,67.207184
3023021,6.2583694
3023022,341.98578
3023023,172.62552
3023024,5.4451
3023025,7.2598825
3023026,302.68127
3023027,97.56307
3023028,1584.1427
3023029,34.359035
3023030,18.101368
3023031,6.800467
3023032,0.024465721
3023033,5.857893
3023034,3241.2246
3023035,-0.039706808
3023036,476.61658
3023037,7.732451
3023038,718.15814
3023039,709.6428
3023040,191.4092
3023041,170.73401
3023042,66.06016
3023043,3027.5662
3023044,18.636057
3023045,1.784222
3023046,20.67222
3023047,20.65944
3023048,-0.3578951
3023049,168.82014
3023050,6.548959
3023051,19.16089
3023052,13.815708
3023053,82.6954
3023054,6.1344047
3023055,339.43335
3023056,171.72829
3023057,5.351516
3023058,7.3444242
3023059,302.7299
3023060,96.40817
3023061,1584.0558
3023062,34.36051
3023063,17.899174
3023064,6.816757
3023065,0.14261883
3023066,5.6998963
3023067,3196.517
3023068,-4.574034e-05
3023069,472.8315
3023070,7.6401396
3023071,713.8272
3023072,699.16925
3023073,193.75137
3023074,173.64531
3023075,66.07073
3023076,3005.4507
3023077,18.649893
3023078,1.7773087
3023079,20.609018
3023080,20.695322
3023081,-0.14507955
3023082,168.81827
3023083,6.567556
3023084,19.264704
3023085,13.814494
3023086,83.453316
3023087,6.2444725
3023088,335.72864
3023089,172.46497
3023090,5.3320346
3023091,7.3966427
3023092,297.65195
3023093,95.06582
3023094,1584.1229
3023095,34.297195
3023096,17.36248
3023097,6.911634
3023098,0.0826791
3023099,5.769775
3023100,3024.427
3023101,-0.084837794
3023102,468.0691
3023103,7.751198
3023104,707.32263
3023105,690.5443
3023106,192.86601
3023107,169.44113
3023108,65.70564
3023109,3047.7598
3023110,18.793756
3023111,1.7733679
3023112,20.566292
3023113,20.737589
3023114,-0.18965891
3023115,168.8453
3023116,6.4487314
3023117,19.096361
3023118,13.92902
3023119,83.13522
3023120,6.29008
3023121,337.6681
3023122,170.98195
3023123,5.339445
3023124,7.360117
3023125,296.01056
3023126,96.54265
3023127,1584.1598
3023128,34.351902
3023129,17.487404
3023130,6.839276
3023131,-0.02597594
3023132,5.8393297
3023133,3213.5457
3023134,-0.043662976
3023135,474.48682
3023136,7.68452
3023137,709.83026
3023138,693.2555
3023139,190.11713
3023140,169.80644
3023141,65.7336
3023142,3006.5505
3023143,18.75954
3023144,1.7777709
3023145,20.559359
3023146,20.61108
3023147,-0.20536843
3023148,168.86441
3023149,6.387093
3023150,18.971165
3023151,14.059054
3023152,82.5084
3023153,6.2390046
3023154,338.34048
3023155,171.08102
3023156,5.4694924
3023157,7.3702464
3023158,290.61087
3023159,94.907814
3023160,1584.0232
3023161,34.38193
3023162,17.328804
3023163,6.7442346
3023164,0.095227666
3023165,5.7913656
3023166,3021.2866
3023167,0.04615752
3023168,477.98416
3023169,7.8444467
3023170,717.84985
3023171,698.7117
3023172,189.9298
3023173,170.4864
3023174,65.7953
3023175,3034.1477
3023176,19.249664
3023177,1.77892
3023178,20.577723
3023179,20.757097
3023180,-0.15139347
3023181,168.86787
3023182,6.3534136
3023183,18.965631
3023184,13.8855505
3023185,82.626175
3023186,6.351795
3023187,335.52133
3023188,171.20372
3023189,5.3036256
3023190,7.257103
3023191,290.4495
3023192,96.297844
3023193,1584.1155
3023194,34.31028
3023195,17.567411
3023196,6.781613
3023197,0.024898898
3023198,5.8837695
3023199,3206.949
3023200,-0.02773286
3023201,478.2481
3023202,7.7591095
3023203,711.88214
3023204,692.2172
3023205,189.84023
3023206,172.73248
3023207,65.63868
3023208,3044.4988
3023209,18.727732
3023210,1.7780606
3023211,20.690695
3023212,20.68025
3023213,-0.31303248
3023214,168.82332
3023215,6.3775187
3023216,19.055193
3023217,13.66431
3023218,83.0978
3023219,6.246453
3023220,334.4088
3023221,173.08777
3023222,5.449857
3023223,7.3523493
3023224,289.86603
3023225,93.79966
3023226,1584.0388
3023227,34.26596
3023228,17.76924
3023229,6.742953
3023230,0.14162806
3023231,5.850181
3023232,2985.1816
3023233,0.019940509
3023234,472.24146
3023235,7.7116156
3023236,713.2409
3023237,695.53784
3023238,189.64186
3023239,170.88322
3023240,65.49555
3023241,3032.2183
3023242,18.931105
3023243,1.7676764
3023244,20.674936
3023245,20.70567
3023246,-0.15696421
3023247,168.84166
3023248,6.467277
3023249,19.064844
3023250,13.812651
3023251,81.290596
3023252,6.282568
3023253,333.323
3023254,169.06088
3023255,5.330875
3023256,7.4283714
3023257,286.8716
3023258,94.1753
3023259,1584.1693
3023260,34.309784
3023261,17.391956
3023262,6.725017
3023263,0.044525143
3023264,5.8186064
3023265,2964.7207
3023266,-0.08915768
3023267,469.9605
3023268,7.6563115
3023269,709.86896
3023270,691.48785
3023271,188.9578
3023272,174.86473
3023273,66.20964
3023274,3038.3567
3023275,18.965046
3023276,1.7821182
3023277,20.564606
3023278,20.777704
3023279,-0.13222219
3023280,168.90063
3023281,6.4986734
3023282,19.25109
3023283,13.734362
3023284,82.534035
3023285,6.2247148
3023286,333.47824
3023287,168.44391
3023288,5.341581
3023289,7.3967457
3023290,289.78613
3023291,93.86115
3023292,1584.0214
3023293,34.32249
3023294,17.325817
3023295,6.78732
3023296,0.049152378
3023297,5.7781634
3023298,2929.7954
3023299,-0.029962182
3023300,470.75143
3023301,7.769572
3023302,700.92004
3023303,687.5612
3023304,189.79652
3023305,169.36841
3023306,66.104385
3023307,3001.0557
3023308,18.905134
3023309,1.7721617
3023310,20.667881
3023311,20.757383
3023312,-0.2544621
3023313,168.8307
3023314,6.4466705
3023315,18.779188
3023316,13.687756
3023317,80.95442
3023318,6.211861
3023319,334.21793
3023320,167.79703
3023321,5.32446
3023322,7.2698107
3023323,284.35464
3023324,93.21753
3023325,1584.1216
3023326,34.42851
3023327,17.266056
3023328,6.675167
3023329,0.1542365
3023330,5.7149215
3023331,2994.3308
3023332,-0.010195906
3023333,470.6499
3023334,7.7130246
3023335,710.8844
3023336,683.5564
3023337,188.5025
3023338,171.7606
3023339,66.124306
3023340,3013.855
3023341,18.958527
3023342,1.787814
3023343,20.562828
3023344,20.57046
3023345,-0.25074682
3023346,168.89328
3023347,6.469877
3023348,18.981478
3023349,13.737809
3023350,81.75383
3023351,6.3737574
3023352,334.41254
3023353,168.15186
3023354,5.389798
3023355,7.3381906
3023356,282.74875
3023357,92.77972
3023358,1584.0751
3023359,34.257263
3023360,17.35102
3023361,6.6605663
3023362,0.17498602
3023363,5.794295
3023364,3199.5317
3023365,0.026427537
3023366,469.44983
3023367,7.671435
3023368,708.91895
3023369,695.22235
3023370,189.70833
3023371,173.14969
3023372,66.04237
3023373,3024.5596
3023374,18.94228
3023375,1.7724422
3023376,20.641739
3023377,20.6454
3023378,-0.22855014
3023379,168.83554
3023380,6.5226765
3023381,19.16807
3023382,13.88928
3023383,82.5711
3023384,6.336807
3023385,332.04294
3023386,169.06166
3023387,5.3845716
3023388,7.338608
3023389,287.28052
3023390,93.3498
3023391,1583.9724
3023392,34.245705
3023393,17.579712
3023394,6.718072
3023395,0.013250442
3023396,5.7430406
3023397,3015.6218
3023398,0.023524752
3023399,471.7664
3023400,7.747883
3023401,718.1395
3023402,691.8661
3023403,191.5845
3023404,171.57448
3023405,66.17351
3023406,3061.8286
3023407,18.930014
3023408,1.7703701
3023409,20.716763
3023410,20.590515
3023411,-0.109961264
3023412,168.81088
3023413,6.389762
3023414,18.979525
3023415,13.990165
3023416,81.698654
3023417,6.297851
3023418,332.9037
3023419,169.94673
3023420,5.304391
3023421,7.395296
3023422,286.77795
3023423,93.38722
3023424,1584.0175
3023425,34.337646
3023426,17.268866
3023427,6.739677
3023428,0.08679809
3023429,5.6655035
3023430,2993.5352
3023431,-0.05106536
3023432,467.89365
3023433,7.7348175
3023434,704.102
3023435,686.07526
3023436,191.96756
3023437,169.78163
3023438,65.80095
3023439,3024.176
3023440,18.918547
3023441,1.7732599
3023442,20.64357
3023443,20.761719
3023444,-0.2889118
3023445,168.82176
3023446,6.543159
3023447,19.039848
3023448,13.821746
3023449,82.45952
3023450,6.2553844
3023451,333.23422
3023452,171.92868
3023453,5.329378
3023454,7.291596
3023455,287.10614
3023456,93.26671
3023457,1584.1134
3023458,34.402016
3023459,17.425934
3023460,6.7424293
3023461,0.15931503
3023462,5.765475
3023463,2989.5398
3023464,-0.02930758
3023465,467.61353
3023466,7.7221236
3023467,706.48566
3023468,682.49634
3023469,191.55824
3023470,169.07806
3023471,65.583176
3023472,3027.4246
3023473,18.726633
3023474,1.7704759
3023475,20.558037
3023476,20.724873
3023477,-0.251226
3023478,168.79819
3023479,6.498048
3023480,19.000643
3023481,13.861096
3023482,81.87617
3023483,6.2374225
3023484,333.12933
3023485,170.86255
3023486,5.3935447
3023487,7.208943
3023488,289.82138
3023489,92.97275
3023490,1584.0234
3023491,34.36645
3023492,17.25333
3023493,6.186894
3023494,0.06012738
3023495,5.7098494
3023496,2979.495
3023497,-0.050565165
3023498,467.04578
3023499,7.734168
3023500,709.0066
3023501,686.4316
3023502,191.63713
3023503,171.64554
3023504,65.63299
3023505,3011.39
3023506,18.873888
3023507,1.7774125
3023508,20.533249
3023509,20.70841
3023510,-0.1392001
3023511,168.85036
3023512,6.4834185
3023513,19.001942
3023514,13.732685
3023515,81.90205
3023516,6.2543244
3023517,334.42334
3023518,169.46838
3023519,5.410165
3023520,7.3376193
3023521,289.86197
3023522,93.61309
3023523,1584.0195
3023524,34.375538
3023525,17.298615
3023526,6.6905613
3023527,0.19510764
3023528,5.947011
3023529,2969.4595
3023530,0.070612095
3023531,468.395
3023532,7.779709
3023533,720.14624
3023534,687.7635
3023535,193.98015
3023536,170.1632
3023537,66.50305
3023538,3030.1682
3023539,19.032948
3023540,1.8099134
3023541,20.640915
3023542,20.647997
3023543,-0.1315566
3023544,168.8184
3023545,6.4253616
3023546,19.238586
3023547,14.103535
3023548,81.52777
3023549,6.2968984
3023550,332.8537
3023551,171.37883
3023552,5.2899065
3023553,7.4039006
3023554,287.52344
3023555,93.39889
3023556,1584.1029
3023557,34.294678
3023558,17.535875
3023559,6.773693
3023560,0.0807387
3023561,5.8996525
3023562,3218.0427
3023563,0.08687198
3023564,474.0055
3023565,7.6624627
3023566,723.02875
3023567,707.65485
3023568,194.51556
3023569,175.16663
3023570,66.916084
3023571,3043.2188
3023572,18.97267
3023573,1.7783437
3023574,20.586329
3023575,20.59257
3023576,-0.26105824
3023577,168.77141
3023578,6.551673
3023579,18.901787
3023580,13.967112
3023581,82.348
3023582,6.173684
3023583,334.3996
3023584,172.58633
3023585,5.3148303
3023586,7.333081
3023587,297.56036
3023588,96.83715
3023589,1584.1237
3023590,34.36537
3023591,18.137455
3023592,6.7838492
3023593,0.03316288
3023594,5.907155
3023595,3017.9329
3023596,0.018474407
3023597,478.59473
3023598,7.7552514
3023599,712.4912
3023600,700.6888
3023601,193.86658
3023602,175.26283
3023603,66.48549
3023604,3038.6814
3023605,18.818464
3023606,1.7790567
3023607,20.658705
3023608,20.672926
3023609,-0.21301426
3023610,168.76173
3023611,6.4998784
3023612,19.249979
3023613,13.863992
3023614,82.690506
3023615,6.300879
3023616,333.79626
3023617,170.10811
3023618,5.377739
3023619,7.3173013
3023620,298.07257
3023621,96.7485
3023622,1584.1282
3023623,34.35722
3023624,17.876383
3023625,6.7295957
3023626,0.13757019
3023627,5.911777
3023628,3193.1619
3023629,0.014505968
3023630,471.33282
3023631,7.7328315
3023632,720.6904
3023633,699.76306
3023634,194.10779
3023635,174.98718
3023636,66.27744
3023637,3044.805
3023638,18.955385
3023639,1.7930809
3023640,20.677294
3023641,20.625448
3023642,-0.24448071
3023643,168.75496
3023644,6.472999
3023645,19.399227
3023646,13.982536
3023647,82.97909
3023648,6.200069
3023649,333.39374
3023650,169.41736
3023651,5.2375755
3023652,7.39097
3023653,288.30914
3023654,95.17385
3023655,1584.0526
3023656,34.3785
3023657,18.153732
3023658,6.7292633
3023659,0.12407548
3023660,5.8619885
3023661,2996.415
3023662,0.04860406
3023663,466.46426
3023664,7.738953
3023665,716.0006
3023666,697.34216
3023667,194.72403
3023668,172.78372
3023669,66.506676
3023670,3062.3125
3023671,18.756128
3023672,1.802684
3023673,20.684324
3023674,20.656988
3023675,-0.37285334
3023676,168.7735
3023677,6.3768005
3023678,18.678581
3023679,14.006856
3023680,82.05163
3023681,6.152574
3023682,333.3715
3023683,171.49248
3023684,5.3421226
3023685,7.341564
3023686,290.8562
3023687,93.75477
3023688,1584.1864
3023689,34.395226
3023690,17.56367
3023691,6.721219
3023692,0.11175513
3023693,5.8744235
3023694,2983.6272
3023695,-0.04169398
3023696,465.90564
3023697,7.8015747
3023698,711.4254
3023699,694.41766
3023700,193.13512
3023701,174.16435
3023702,66.240486
3023703,3031.3652
3023704,18.781046
3023705,1.7725171
3023706,20.652771
3023707,20.633461
3023708,-0.2393974
3023709,168.81062
3023710,6.431909
3023711,19.153633
3023712,13.956023
3023713,82.72647
3023714,6.2423387
3023715,333.7351
3023716,172.15607
3023717,5.3767123
3023718,7.2414336
3023719,286.66443
3023720,93.8972
3023721,1584.0336
3023722,34.33813
3023723,17.672432
3023724,6.7309165
3023725,0.0053697005
3023726,5.7756195
3023727,2987.5242
3023728,0.025260914
3023729,466.8464
3023730,7.7624106
3023731,717.6706
3023732,696.2397
3023733,192.29549
3023734,170.50497
3023735,65.68959
3023736,3013.8535
3023737,18.617012
3023738,1.7762133
3023739,20.65351
3023740,20.668503
3023741,-0.25350395
3023742,168.78796
3023743,6.415743
3023744,18.75749
3023745,13.794333
3023746,81.2734
3023747,6.1507115
3023748,332.27637
3023749,167.88164
3023750,5.274811
3023751,7.2867036
3023752,284.1687
3023753,92.884575
3023754,1584.1835
3023755,34.348797
3023756,17.6603
3023757,6.708827
3023758,-0.0060077473
3023759,5.8582563
3023760,2973.5325
3023761,0.005099959
3023762,466.2083
3023763,7.6920714
3023764,708.9013
3023765,683.12976
3023766,191.39772
3023767,173.17651
3023768,65.9678
3023769,3006.5972
3023770,18.718422
3023771,1.7682835
3023772,20.640636
3023773,20.670858
3023774,-0.23713745
3023775,168.80984
3023776,6.418879
3023777,17.13925
3023778,13.861177
3023779,82.21648
3023780,6.255048
3023781,330.38306
3023782,166.76917
3023783,5.3216324
3023784,7.3005395
3023785,285.5603
3023786,92.16122
3023787,1583.9982
3023788,34.31756
3023789,17.300657
3023790,6.1804123
3023791,0.11228668
3023792,5.6995115
3023793,2979.8386
3023794,-0.00718965
3023795,465.976
3023796,7.699728
3023797,712.62164
3023798,685.1058
3023799,190.55496
3023800,172.82892
3023801,65.6228
3023802,2987.028
3023803,18.688936
3023804,1.7826374
3023805,20.58286
3023806,20.611835
3023807,-0.22890793
3023808,168.88962
3023809,6.5135427
3023810,19.050049
3023811,13.945958
3023812,82.1742
3023813,6.2129335
3023814,329.1738
3023815,166.95856
3023816,5.258838
3023817,7.2690444
3023818,283.96268
3023819,93.13134
3023820,1584.1829
3023821,34.21343
3023822,17.503607
3023823,6.7709413
3023824,0.08555648
3023825,5.816675
3023826,2987.7275
3023827,-0.055971008
3023828,465.35303
3023829,7.851209
3023830,703.16345
3023831,678.11395
3023832,190.09245
3023833,171.30595
3023834,65.65364
3023835,2999.4243
3023836,18.467033
3023837,1.7784119
3023838,20.688921
3023839,20.628874
3023840,-0.21608913
3023841,168.93163
3023842,6.422265
3023843,18.848846
3023844,13.857555
3023845,81.89006
3023846,6.27431
3023847,327.54514
3023848,166.85065
3023849,5.42469
3023850,7.268566
3023851,281.6308
3023852,92.42717
3023853,1584.1299
3023854,34.359623
3023855,17.286991
3023856,6.6718216
3023857,0.09090156
3023858,5.7112384
3023859,2974.9768
3023860,-3.054534e-06
3023861,467.1986
3023862,7.789261
3023863,703.50696
3023864,690.1585
3023865,189.6711
3023866,172.6799
3023867,65.185585
3023868,3000.9568
3023869,18.31349
3023870,1.7826995
3023871,20.63432
3023872,20.62982
3023873,-0.3615938
3023874,168.85818
3023875,6.506375
3023876,18.94022
3023877,13.870649
3023878,82.576225
3023879,6.3026276
3023880,327.77216
3023881,166.75842
3023882,5.3263702
3023883,7.339737
3023884,281.63742
3023885,94.674385
3023886,1584.0884
3023887,34.41405
3023888,17.305378
3023889,6.646803
3023890,0.06669312
3023891,5.594032
3023892,2946.6353
3023893,-0.035895325
3023894,468.03955
3023895,7.689061
3023896,711.534
3023897,687.59546
3023898,190.04303
3023899,171.69894
3023900,65.18663
3023901,2989.3428
3023902,18.63236
3023903,1.7772956
3023904,20.663685
3023905,20.695478
3023906,-0.24690823
3023907,168.91216
3023908,6.441644
3023909,19.015152
3023910,14.131669
3023911,83.06362
3023912,6.372928
3023913,326.65247
3023914,167.96626
3023915,5.3583994
3023916,7.2763386
3023917,282.65945
3023918,94.844345
3023919,1584.055
3023920,34.347237
3023921,17.31182
3023922,6.667484
3023923,0.083859906
3023924,5.838059
3023925,2977.427
3023926,-0.0014287984
3023927,471.70047
3023928,7.7110534
3023929,711.6441
3023930,690.50275
3023931,190.52332
3023932,170.3068
3023933,65.37659
3023934,3015.73
3023935,18.73565
3023936,1.7852281
3023937,20.554035
3023938,20.711393
3023939,-0.13318932
3023940,168.78554
3023941,6.391889
3023942,19.232296
3023943,13.839409
3023944,83.64342
3023945,6.2765293
3023946,328.8418
3023947,167.76624
3023948,5.4492946
3023949,7.2530346
3023950,284.23752
3023951,96.37405
3023952,1584.0883
3023953,34.41936
3023954,17.327843
3023955,6.1508884
3023956,0.15588729
3023957,5.692832
3023958,2961.429
3023959,-0.0076367375
3023960,468.9975
3023961,7.7381926
3023962,705.4853
3023963,688.49225
3023964,190.52016
3023965,171.58093
3023966,65.311035
3023967,2987.5935
3023968,18.631952
3023969,1.7699095
3023970,20.675598
3023971,20.801216
3023972,-0.25771627
3023973,168.91695
3023974,6.486898
3023975,19.221653
3023976,13.979666
3023977,82.93834
3023978,6.1582084
3023979,323.05215
3023980,167.23578
3023981,5.302827
3023982,7.2960515
3023983,281.539
3023984,94.30644
3023985,1584.1115
3023986,34.308662
3023987,17.487375
3023988,6.129373
3023989,0.05887324
3023990,5.748078
3023991,2929.3235
3023992,0.06004336
3023993,465.3702
3023994,7.7061753
3023995,702.87897
3023996,685.1152
3023997,190.22897
3023998,169.8779
3023999,65.050995
3024000,2997.56
3024001,18.396439
3024002,1.8131758
3024003,20.682055
3024004,20.60665
3024005,-0.271926
3024006,168.77794
3024007,6.4325256
3024008,19.292847
3024009,14.080244
3024010,82.963684
3024011,6.285906
3024012,322.48257
3024013,167.11386
3024014,5.256083
3024015,7.342201
3024016,283.69278
3024017,94.57042
3024018,1584.0544
3024019,34.333046
3024020,17.429398
3024021,6.208899
3024022,0.06426108
3024023,5.639792
3024024,2931.6353
3024025,-0.019398654
3024026,468.35214
3024027,7.73532
3024028,707.8079
3024029,686.01965
3024030,190.09578
3024031,169.93227
3024032,64.93465
3024033,3001.3904
3024034,18.358892
3024035,1.794764
3024036,20.517694
3024037,20.787838
3024038,-0.27785113
3024039,168.83493
3024040,6.4798775
3024041,19.033062
3024042,13.968078
3024043,82.35112
3024044,6.187124
3024045,321.33426
3024046,168.23505
3024047,5.32358
3024048,7.4346323
3024049,285.4622
3024050,92.72816
3024051,1583.9869
3024052,34.33758
3024053,17.006746
3024054,5.9619994
3024055,0.16031893
3024056,5.589363
3024057,2896.9543
3024058,-0.09669053
3024059,465.98846
3024060,7.7280326
3024061,699.749
3024062,677.5396
3024063,187.44246
3024064,172.96097
3024065,64.520584
3024066,2951.563
3024067,18.645231
3024068,1.7692592
3024069,20.657045
3024070,20.71834
3024071,-0.15709217
3024072,168.73055
3024073,6.5024185
3024074,19.137732
3024075,14.074707
3024076,83.25513
3024077,6.3215046
3024078,319.4511
3024079,167.63103
3024080,5.3691916
3024081,7.202783
3024082,281.14645
3024083,92.67924
3024084,1584.0541
3024085,34.30999
3024086,16.951035
3024087,6.082522
3024088,0.09761503
3024089,5.6497116
3024090,2992.3528
3024091,-0.01796614
3024092,467.4625
3024093,7.7972603
3024094,700.0704
3024095,696.3452
3024096,190.50027
3024097,174.5187
3024098,65.29431
3024099,2966.8904
3024100,18.273796
3024101,1.7739623
3024102,20.667568
3024103,20.692377
3024104,-0.3245552
3024105,168.8181
3024106,6.4609714
3024107,18.793324
3024108,14.081107
3024109,82.59106
3024110,6.2578416
3024111,321.87497
3024112,166.147
3024113,5.3512425
3024114,7.2198143
3024115,278.63635
3024116,96.97112
3024117,1583.9675
3024118,34.356007
3024119,17.501898
3024120,6.1066036
3024121,0.022731725
3024122,5.6049805
3024123,3003.0093
3024124,-0.079553165
3024125,467.14743
3024126,7.7441688
3024127,696.7668
3024128,707.6889
3024129,190.76825
3024130,176.79001
3024131,65.88964
3024132,3019.069
3024133,18.7678
3024134,1.7961149
3024135,20.617022
3024136,20.737978
3024137,-0.12172017
3024138,168.82423
3024139,6.391708
3024140,19.208769
3024141,14.00682
3024142,81.24068
3024143,6.2028594
3024144,334.05243
3024145,165.95976
3024146,5.3705177
3024147,7.2991295
3024148,286.56192
3024149,96.56532
3024150,1584.1587
3024151,34.370804
3024152,17.80889
3024153,6.7769203
3024154,0.04411537
3024155,5.7858977
3024156,3202.841
3024157,-0.003757437
3024158,469.90518
3024159,7.808856
3024160,713.1909
3024161,711.9339
3024162,190.87042
3024163,177.94604
3024164,66.83882
3024165,3045.3638
3024166,18.906443
3024167,1.7801741
3024168,20.609365
3024169,20.615734
3024170,-0.2604138
3024171,168.84386
3024172,6.371819
3024173,19.157871
3024174,13.981965
3024175,83.46432
3024176,6.212845
3024177,334.83383
3024178,167.46616
3024179,5.4025893
3024180,7.3866377
3024181,289.89764
3024182,97.80393
3024183,1584.1241
3024184,34.298756
3024185,18.123827
3024186,6.795069
3024187,0.17545271
3024188,5.9376793
3024189,3241.805
3024190,0.05475714
3024191,479.07568
3024192,7.7835145
3024193,716.95294
3024194,722.1484
3024195,192.95377
3024196,181.30658
3024197,67.187935
3024198,3075.5308
3024199,19.023457
3024200,1.778893
3024201,20.60261
3024202,20.59102
3024203,-0.3401878
3024204,168.83757
3024205,6.5137453
3024206,19.134405
3024207,14.024243
3024208,80.83798
3024209,6.2787013
3024210,337.42255
3024211,170.51958
3024212,5.301823
3024213,7.3694177
3024214,297.20724
3024215,97.577736
3024216,1584.12
3024217,34.284836
3024218,18.091455
3024219,6.758568
3024220,0.068448186
3024221,6.085641
3024222,3217.592
3024223,-0.0055380184
3024224,483.1063
3024225,7.8104663
3024226,718.40015
3024227,724.3955
3024228,195.28642
3024229,179.79778
3024230,67.82198
3024231,3060.657
3024232,19.089514
3024233,1.779708
3024234,20.545902
3024235,20.608955
3024236,-0.269063
3024237,168.73134
3024238,6.411599
3024239,19.389076
3024240,14.008226
3024241,83.64612
3024242,6.2650347
3024243,335.7319
3024244,170.59839
3024245,5.35446
3024246,7.4009495
3024247,298.684
3024248,90.026505
3024249,1584.08
3024250,34.339233
3024251,18.077389
3024252,6.8456182
3024253,0.10211047
3024254,6.0045366
3024255,3241.0198
3024256,0.005253057
3024257,494.11414
3024258,7.6191235
3024259,722.2988
3024260,728.17126
3024261,195.55396
3024262,182.37596
3024263,68.6584
3024264,3106.0857
3024265,19.120005
3024266,1.7818093
3024267,20.519512
3024268,20.585995
3024269,-0.1679797
3024270,168.75897
3024271,6.4646177
3024272,19.359148
3024273,13.92763
3024274,67.247246
3024275,6.196348
3024276,339.51724
3024277,171.6041
3024278,5.437193
3024279,7.3427386
3024280,299.85666
3024281,89.95133
3024282,1584.0736
3024283,34.23798
3024284,18.154886
3024285,6.8137436
3024286,0.030515127
3024287,6.0724783
3024288,3229.415
3024289,0.12399307
3024290,494.13617
3024291,7.7699785
3024292,730.6612
3024293,731.882
3024294,196.47536
3024295,181.08641
3024296,69.2625
3024297,3142.0627
3024298,19.054909
3024299,1.7833205
3024300,20.591333
3024301,20.680593
3024302,-0.3059186
3024303,168.84068
3024304,6.4502835
3024305,18.958881
3024306,13.920722
3024307,80.85279
3024308,6.242146
3024309,335.71725
3024310,175.87022
3024311,5.2993903
3024312,7.361625
3024313,304.59772
3024314,98.9404
3024315,1584.0234
3024316,34.369778
3024317,18.111462
3024318,6.802147
3024319,0.01605167
3024320,6.127328
3024321,3333.199
3024322,-0.009521109
3024323,501.31052
3024324,7.7734613
3024325,726.0088
3024326,729.98737
3024327,196.79134
3024328,188.11221
3024329,69.632996
3024330,3152.6606
3024331,19.333775
3024332,1.7733489
3024333,20.517586
3024334,20.646526
3024335,-0.18240742
3024336,168.76134
3024337,6.394182
3024338,19.14415
3024339,14.053499
3024340,81.305954
3024341,6.232977
3024342,341.02576
3024343,174.51256
3024344,5.3942695
3024345,7.2522902
3024346,307.3264
3024347,90.418846
3024348,1584.0105
3024349,34.324394
3024350,18.238537
3024351,6.9792113
3024352,0.033583555
3024353,6.121804
3024354,3348.6804
3024355,0.08013623
3024356,495.20505
3024357,7.8218756
3024358,737.9132
3024359,730.3221
3024360,197.59676
3024361,188.42352
3024362,69.26216
3024363,3168.4849
3024364,18.999413
3024365,1.7739009
3024366,20.599241
3024367,20.754072
3024368,-0.22665474
3024369,168.82776
3024370,6.418787
3024371,19.134724
3024372,14.18366
3024373,81.03623
3024374,6.1644764
3024375,341.91748
3024376,174.57079
3024377,5.2735605
3024378,7.2881656
3024379,305.93466
3024380,98.706085
3024381,1584.0636
3024382,34.27327
3024383,18.147402
3024384,6.9238706
3024385,0.13924874
3024386,6.066286
3024387,3264.4502
3024388,-0.1103154
3024389,490.07822
3024390,7.701728
3024391,728.1012
3024392,729.8496
3024393,195.5345
3024394,183.03357
3024395,68.463394
3024396,3165.3992
3024397,18.870268
3024398,1.7853606
3024399,20.570028
3024400,20.664078
3024401,-0.20643099
3024402,168.89053
3024403,6.490221
3024404,19.309093
3024405,14.237825
3024406,80.7317
3024407,6.2563186
3024408,340.9462
3024409,176.40955
3024410,5.44305
3024411,7.373697
3024412,304.44803
3024413,90.246796
3024414,1584.1688
3024415,34.335705
3024416,18.153072
3024417,6.812853
3024418,0.120222524
3024419,5.8842273
3024420,3266.7734
3024421,-0.052995004
3024422,491.24664
3024423,7.7744393
3024424,725.554
3024425,731.87885
3024426,194.00029
3024427,184.04706
3024428,68.10992
3024429,3104.6873
3024430,18.820545
3024431,1.7823375
3024432,20.628815
3024433,20.597797
3024434,-0.3255872
3024435,168.88997
3024436,6.4807205
3024437,19.449177
3024438,14.247153
3024439,81.00365
3024440,6.277662
3024441,336.27032
3024442,169.53526
3024443,5.322382
3024444,7.368352
3024445,304.1035
3024446,99.20494
3024447,1584.1406
3024448,34.35716
3024449,18.114058
3024450,6.8295593
3024451,0.1491857
3024452,5.973571
3024453,3249.7698
3024454,0.068849266
3024455,482.70697
3024456,7.7827682
3024457,713.99567
3024458,719.5115
3024459,187.83507
3024460,179.02768
3024461,67.24107
3024462,3046.7473
3024463,18.683674
3024464,1.7795054
3024465,20.602453
3024466,20.595383
3024467,-0.16821443
3024468,168.73846
3024469,6.380992
3024470,19.163132
3024471,14.034509
3024472,83.22206
3024473,6.3062677
3024474,340.01718
3024475,165.32394
3024476,5.35908
3024477,7.2505255
3024478,296.4566
3024479,98.705574
3024480,1584.1139
3024481,34.37891
3024482,18.009073
3024483,6.7728143
3024484,0.1407502
3024485,5.969055
3024486,3250.3809
3024487,0.05489419
3024488,484.45493
3024489,7.701612
3024490,708.2863
3024491,723.5503
3024492,188.08577
3024493,181.42923
3024494,68.81122
3024495,3066.9106
3024496,19.028208
3024497,1.7687552
3024498,20.732607
3024499,20.739384
3024500,-0.15998715
3024501,168.77405
3024502,6.425801
3024503,18.972227
3024504,14.042106
3024505,81.10832
3024506,6.2725306
3024507,340.6298
3024508,165.79474
3024509,5.35234
3024510,7.360113
3024511,297.396
3024512,99.142136
3024513,1584.0112
3024514,34.331963
3024515,18.037659
3024516,6.765707
3024517,0.085338704
3024518,5.9611106
3024519,3298.125
3024520,0.005609872
3024521,490.06125
3024522,7.7585726
3024523,714.19366
3024524,729.90344
3024525,188.99484
3024526,182.93317
3024527,68.87911
3024528,3105.2625
3024529,19.16515
3024530,1.7820419
3024531,20.537249
3024532,20.58677
3024533,-0.30419183
3024534,168.78241
3024535,6.3618317
3024536,18.101465
3024537,13.962249
3024538,81.25273
3024539,6.282459
3024540,338.22168
3024541,165.98346
3024542,5.4180245
3024543,7.2503924
3024544,301.68616
3024545,90.07744
3024546,1584.0983
3024547,34.40202
3024548,18.1032
3024549,6.8465505
3024550,0.14716788
3024551,6.0319643
3024552,3285.0186
3024553,0.08096421
3024554,492.01218
3024555,7.7497787
3024556,725.7374
3024557,731.8432
3024558,189.23433
3024559,186.70825
3024560,68.63506
3024561,3102.116
3024562,19.127842
3024563,1.7667401
3024564,20.601265
3024565,20.655094
3024566,-0.2333655
3024567,168.81233
3024568,6.568093
3024569,18.791891
3024570,14.030081
3024571,67.3019
3024572,6.2902155
3024573,341.7182
3024574,166.06604
3024575,5.251521
3024576,7.3815074
3024577,299.6392
3024578,90.23082
3024579,1584.0573
3024580,34.338917
3024581,18.134312
3024582,6.743791
3024583,0.13024415
3024584,5.863296
3024585,3282.5635
3024586,0.0031011382
3024587,487.38135
3024588,7.7310095
3024589,723.4051
3024590,730.227
3024591,191.63455
3024592,186.07901
3024593,68.95248
3024594,3126.539
3024595,18.961447
3024596,1.7820112
3024597,20.67369
3024598,20.653345
3024599,-0.33311015
3024600,168.90459
3024601,6.531502
3024602,19.34181
3024603,14.183204
3024604,80.862656
3024605,6.265984
3024606,340.5232
3024607,165.85406
3024608,5.267529
3024609,7.2576675
3024610,305.34833
3024611,90.36565
3024612,1584.1792
3024613,34.338604
3024614,18.099361
3024615,6.860364
3024616,0.035251647
3024617,6.0746512
3024618,3297.5996
3024619,-0.08703481
3024620,498.89194
3024621,7.7270823
3024622,727.4897
3024623,731.555
3024624,193.11157
3024625,186.98172
3024626,68.61362
3024627,3083.0671
3024628,19.14535
3024629,1.7752217
3024630,20.643194
3024631,20.655657
3024632,-0.3460316
3024633,168.74109
3024634,6.4497523
3024635,19.382542
3024636,13.918445
3024637,71.99081
3024638,6.2570076
3024639,341.9437
3024640,164.56071
3024641,5.3192368
3024642,7.3384285
3024643,304.99017
3024644,90.54574
3024645,1584.1633
3024646,34.375404
3024647,18.181242
3024648,6.7543483
3024649,0.06989391
3024650,5.948443
3024651,3295.1787
3024652,0.090927556
3024653,491.71094
3024654,7.6109405
3024655,726.42554
3024656,727.0884
3024657,194.18797
3024658,185.33794
3024659,67.52667
3024660,3101.0776
3024661,18.663933
3024662,1.7706053
3024663,20.514286
3024664,20.689405
3024665,-0.17132235
3024666,168.81194
3024667,6.4861655
3024668,19.040861
3024669,13.931839
3024670,83.64057
3024671,6.238504
3024672,337.80307
3024673,170.6085
3024674,5.420892
3024675,7.3311405
3024676,305.04388
3024677,90.45633
3024678,1584.0625
3024679,34.404587
3024680,18.097525
3024681,6.788976
3024682,0.041107707
3024683,5.950447
3024684,3328.1826
3024685,0.07213097
3024686,486.35583
3024687,7.7359657
3024688,723.904
3024689,730.6585
3024690,194.73734
3024691,186.8743
3024692,67.50142
3024693,3157.3545
3024694,18.928493
3024695,1.7675066
3024696,20.642
3024697,20.679947
3024698,-0.23880084
3024699,168.789
3024700,6.512316
3024701,19.243298
3024702,14.219713
3024703,72.038506
3024704,6.209763
3024705,338.6197
3024706,166.70308
3024707,5.346252
3024708,7.242382
3024709,310.4382
3024710,90.85298
3024711,1584.166
3024712,34.318096
3024713,18.071852
3024714,6.8807883
3024715,0.100359574
3024716,6.073393
3024717,3292.8271
3024718,0.085168354
3024719,496.15222
3024720,7.673001
3024721,723.83923
3024722,729.3266
3024723,194.20126
3024724,179.05396
3024725,67.37835
3024726,3087.5076
3024727,18.420048
3024728,1.7688049
3024729,20.510641
3024730,20.678423
3024731,-0.20093861
3024732,168.7424
3024733,6.488808
3024734,19.01075
3024735,14.2817955
3024736,81.15463
3024737,6.278644
3024738,340.4142
3024739,165.98575
3024740,5.341454
3024741,7.281367
3024742,302.92963
3024743,90.294014
3024744,1584.1552
3024745,34.284195
3024746,18.124008
3024747,6.8456173
3024748,-0.00079966156
3024749,5.9776893
3024750,3344.8855
3024751,0.0009760735
3024752,497.16336
3024753,7.6975536
3024754,722.637
3024755,731.16205
3024756,195.54782
3024757,181.9081
3024758,66.8964
3024759,3113.2805
3024760,18.653614
3024761,1.7749456
3024762,20.667057
3024763,20.68672
3024764,-0.25206947
3024765,168.75806
3024766,6.397086
3024767,19.275234
3024768,14.107435
3024769,80.99301
3024770,6.2388587
3024771,339.79962
3024772,167.47452
3024773,5.3935614
3024774,7.4018087
3024775,304.72665
3024776,90.14548
3024777,1584.0903
3024778,34.316814
3024779,18.074781
3024780,6.8380184
3024781,0.046354692
3024782,6.05052
3024783,3283.5532
3024784,-0.055807076
3024785,485.26926
3024786,7.6998153
3024787,717.3678
3024788,719.4468
3024789,195.07649
3024790,178.79323
3024791,66.85082
3024792,3100.7114
3024793,18.414717
3024794,1.7692473
3024795,20.639212
3024796,20.631565
3024797,-0.16915631
3024798,168.88275
3024799,6.517504
3024800,19.438282
3024801,14.269019
3024802,72.02088
3024803,6.227859
3024804,342.80588
3024805,165.95258
3024806,5.279803
3024807,7.319617
3024808,302.5524
3024809,88.65985
3024810,1584.2069
3024811,34.251587
3024812,18.148857
3024813,6.820429
3024814,0.09527711
3024815,6.0017934
3024816,3282.352
3024817,0.005322676
3024818,484.85324
3024819,7.7549324
3024820,722.4703
3024821,723.2878
3024822,190.2063
3024823,175.04591
3024824,65.57002
3024825,3099.5872
3024826,18.298632
3024827,1.7853887
3024828,20.579975
3024829,20.602654
3024830,-0.36592183
3024831,168.82866
3024832,6.459936
3024833,18.963596
3024834,14.012909
3024835,67.29079
3024836,6.3122144
3024837,339.63602
3024838,165.52318
3024839,5.419491
3024840,7.300067
3024841,305.20724
3024842,98.582344
3024843,1584.1554
3024844,34.290363
3024845,18.100397
3024846,6.7705336
3024847,0.14540793
3024848,5.975689
3024849,3238.6594
3024850,-0.0666973
3024851,481.6603
3024852,7.6366143
3024853,719.535
3024854,713.3984
3024855,191.51991
3024856,177.36906
3024857,65.71504
3024858,3048.831
3024859,18.336994
3024860,1.8017547
3024861,20.607105
3024862,20.60789
3024863,-0.350344
3024864,168.8578
3024865,6.517746
3024866,18.972433
3024867,14.1556835
3024868,80.928246
3024869,6.22408
3024870,334.6173
3024871,166.10138
3024872,5.4186554
3024873,7.3398104
3024874,297.94894
3024875,98.59718
3024876,1584.0088
3024877,34.44545
3024878,17.99798
3024879,6.887465
3024880,0.0892462
3024881,6.118546
3024882,3224.5437
3024883,0.114056945
3024884,476.34146
3024885,7.722424
3024886,717.5059
3024887,710.89795
3024888,192.84172
3024889,174.88396
3024890,65.33203
3024891,3055.3777
3024892,18.29314
3024893,1.7714409
3024894,20.617191
3024895,20.701311
3024896,-0.17980334
3024897,168.82524
3024898,6.557944
3024899,19.152075
3024900,13.994794
3024901,81.06042
3024902,6.2515993
3024903,338.09485
3024904,165.48334
3024905,5.2677665
3024906,7.3200717
3024907,300.12338
3024908,98.78417
3024909,1584.0143
3024910,34.300003
3024911,17.894396
3024912,6.80403
3024913,0.1432199
3024914,5.9518046
3024915,3270.3477
3024916,0.11583605
3024917,484.77847
3024918,7.6455235
3024919,716.171
3024920,713.0734
3024921,190.71303
3024922,173.83784
3024923,65.302505
3024924,3041.8801
3024925,18.625963
3024926,1.7654611
3024927,20.614092
3024928,20.62905
3024929,-0.22339271
3024930,168.88295
3024931,6.5154676
3024932,19.105495
3024933,14.059032
3024934,81.078255
3024935,6.3083873
3024936,338.9314
3024937,164.25494
3024938,5.274589
3024939,7.3662868
3024940,299.62878
3024941,96.53307
3024942,1584.1365
3024943,34.395386
3024944,17.758553
3024945,6.798365
3024946,0.088963374
3024947,6.0980263
3024948,3220.173
3024949,0.04904043
3024950,486.34094
3024951,7.748899
3024952,718.84076
3024953,715.1676
3024954,191.01477
3024955,175.28781
3024956,65.96246
3024957,3060.32
3024958,18.907093
3024959,1.7730596
3024960,20.627647
3024961,20.58907
3024962,-0.19962603
3024963,168.92636
3024964,6.4758477
3024965,19.117779
3024966,14.187611
3024967,83.195595
3024968,6.2424846
3024969,337.17755
3024970,165.78152
3024971,5.3996525
3024972,7.325132
3024973,291.661
3024974,97.82466
3024975,1584.1515
3024976,34.30754
3024977,17.834044
3024978,6.83439
3024979,0.07626416
3024980,5.983989
3024981,3258.3088
3024982,-0.00012373358
3024983,486.30185
3024984,7.727567
3024985,715.601
3024986,709.9507
3024987,190.05638
3024988,175.5272
3024989,65.737045
3024990,3056.8892
3024991,18.280552
3024992,1.7799805
3024993,20.68788
3024994,20.743105
3024995,-0.17841062
3024996,168.77957
3024997,6.4610786
3024998,18.877443
3024999,14.298687
3025000,81.073814
3025001,6.261284
3025002,334.68585
3025003,167.97186
3025004,5.3329186
3025005,7.3533535
3025006,290.3713
3025007,94.832954
3025008,1584.0863
3025009,34.300964
3025010,17.73046
3025011,6.9536667
3025012,0.061026856
3025013,6.0089526
3025014,3009.947
3025015,0.05751583
3025016,477.11038
3025017,7.7771
3025018,711.74854
3025019,703.5878
3025020,189.47331
3025021,174.97668
3025022,65.16727
3025023,3033.1648
3025024,18.321692
3025025,1.7803739
3025026,20.558163
3025027,20.61238
3025028,-0.26435772
3025029,168.9029
3025030,6.4301248
3025031,18.924294
3025032,13.853188
3025033,82.8312
3025034,6.3850813
3025035,333.27216
3025036,162.24593
3025037,5.4557853
3025038,7.397738
3025039,288.53336
3025040,94.739655
3025041,1584.0226
3025042,34.416706
3025043,17.544794
3025044,6.7925587
3025045,0.09994221
3025046,5.8767743
3025047,3022.3586
3025048,-0.06562415
3025049,474.97003
3025050,7.6831923
3025051,704.51587
3025052,699.0162
3025053,188.05397
3025054,177.19278
3025055,65.89035
3025056,3015.127
3025057,18.7945
3025058,1.7723873
3025059,20.619343
3025060,20.68199
3025061,-0.17982425
3025062,168.82063
3025063,6.468175
3025064,19.008728
3025065,14.127972
3025066,83.68411
3025067,6.2537313
3025068,332.2854
3025069,164.6398
3025070,5.4309616
3025071,7.3573217
3025072,286.7185
3025073,94.6857
3025074,1584.1298
3025075,34.285152
3025076,17.867573
3025077,6.744391
3025078,0.16126946
3025079,5.957176
3025080,2971.073
3025081,0.02654174
3025082,474.73514
3025083,7.6856456
3025084,695.40826
3025085,694.30676
3025086,188.6121
3025087,172.76411
3025088,65.528534
3025089,2998.455
3025090,18.409714
3025091,1.8148544
3025092,20.660925
3025093,20.588684
3025094,-0.19803737
3025095,168.85608
3025096,6.368359
3025097,18.702066
3025098,13.959588
3025099,82.51045
3025100,6.163855
3025101,332.86694
3025102,160.30498
3025103,5.371971
3025104,7.3196826
3025105,282.87027
3025106,93.94724
3025107,1584.0972
3025108,34.28608
3025109,17.474869
3025110,6.665683
3025111,0.03616453
3025112,5.9259067
3025113,3011.8362
3025114,0.021466134
3025115,471.46826
3025116,7.758316
3025117,699.8381
3025118,693.7071
3025119,187.76495
3025120,175.23892
3025121,65.82288
3025122,2995.556
3025123,18.626919
3025124,1.7822585
3025125,20.590292
3025126,20.647736
3025127,-0.2322811
3025128,168.81947
3025129,6.5195823
3025130,19.022467
3025131,13.983467
3025132,82.71146
3025133,6.2545233
3025134,332.67755
3025135,161.79556
3025136,5.350164
3025137,7.423393
3025138,282.5104
3025139,93.783066
3025140,1584.0905
3025141,34.366554
3025142,17.497282
3025143,6.727274
3025144,0.12059575
3025145,5.8630934
3025146,3214.3408
3025147,-0.04712259
3025148,472.4883
3025149,7.6930156
3025150,705.60986
3025151,702.9035
3025152,188.7035
3025153,174.76604
3025154,66.157776
3025155,3011.0095
3025156,18.444326
3025157,1.7938633
3025158,20.550962
3025159,20.628662
3025160,-0.24066886
3025161,168.72334
3025162,6.43977
3025163,19.183426
3025164,14.209861
3025165,83.481155
3025166,6.3441744
3025167,334.13104
3025168,163.65222
3025169,5.2459817
3025170,7.314014
3025171,285.8969
3025172,94.16516
3025173,1584.0958
3025174,34.34905
3025175,17.84261
3025176,6.729109
3025177,0.071805
3025178,5.8559237
3025179,3194.2146
3025180,0.08934271
3025181,473.4022
3025182,7.7030144
3025183,703.5095
3025184,699.0406
3025185,189.9984
3025186,173.52205
3025187,66.106476
3025188,3033.7725
3025189,18.51199
3025190,1.781558
3025191,20.60851
3025192,20.615208
3025193,-0.30348322
3025194,168.78265
3025195,6.594259
3025196,19.022722
3025197,13.853295
3025198,82.8388
3025199,6.3279943
3025200,333.6697
3025201,165.04753
3025202,5.2966394
3025203,7.2509527
3025204,284.72662
3025205,94.37068
3025206,1584.0083
3025207,34.425537
3025208,17.474335
3025209,6.745226
3025210,0.11773646
3025211,5.8641806
3025212,3010.4487
3025213,-0.049141426
3025214,469.44745
3025215,7.696736
3025216,699.90204
3025217,693.9395
3025218,190.04108
3025219,173.44351
3025220,65.33945
3025221,2999.807
3025222,18.5259
3025223,1.7807326
3025224,20.577782
3025225,20.73144
3025226,-0.20711684
3025227,168.83742
3025228,6.426135
3025229,19.108055
3025230,14.071817
3025231,83.43558
3025232,6.1703506
3025233,335.68723
3025234,164.85788
3025235,5.3898764
3025236,7.2634726
3025237,285.14407
3025238,93.669846
3025239,1584.153
3025240,34.336563
3025241,17.58138
3025242,6.7625523
3025243,0.033318006
3025244,5.8598065
3025245,3001.5957
3025246,0.046615764
3025247,469.3216
3025248,7.7538347
3025249,700.1948
3025250,694.1586
3025251,190.24246
3025252,171.40494
3025253,65.93294
3025254,3021.9924
3025255,18.393265
3025256,1.773037
3025257,20.572927
3025258,20.573013
3025259,-0.34159872
3025260,168.81734
3025261,6.4785404
3025262,18.961735
3025263,14.008051
3025264,83.41078
3025265,6.2581196
3025266,334.64243
3025267,164.73328
3025268,5.374857
3025269,7.2730036
3025270,286.948
3025271,93.25065
3025272,1584.01
3025273,34.343685
3025274,17.284548
3025275,6.8622804
3025276,0.098192714
3025277,5.904917
3025278,2984.0396
3025279,-0.028689796
3025280,469.23453
3025281,7.681673
3025282,698.3313
3025283,692.767
3025284,190.88057
3025285,173.91945
3025286,65.66146
3025287,3002.2188
3025288,18.632526
3025289,1.7979168
3025290,20.63866
3025291,20.658733
3025292,-0.13055734
3025293,168.81319
3025294,6.488638
3025295,19.10596
3025296,14.009491
3025297,80.71802
3025298,6.280053
3025299,334.34827
3025300,163.66336
3025301,5.305597
3025302,7.1921363
3025303,287.0233
3025304,94.200935
3025305,1584.0854
3025306,34.300556
3025307,17.490938
3025308,6.7236557
3025309,0.059325084
3025310,5.922035
3025311,2980.1123
3025312,-0.03260699
3025313,471.8517
3025314,7.780572
3025315,703.07635
3025316,695.314
3025317,192.75888
3025318,173.59499
3025319,65.71845
3025320,2986.775
3025321,18.842333
3025322,1.7692145
3025323,20.562393
3025324,20.59723
3025325,-0.17921752
3025326,168.90085
3025327,6.3960366
3025328,19.338537
3025329,14.098743
3025330,83.34289
3025331,6.1185813
3025332,333.53885
3025333,165.69537
3025334,5.3517227
3025335,7.341563
3025336,286.73785
3025337,93.56458
3025338,1584.1583
3025339,34.233643
3025340,17.631931
3025341,6.7381587
3025342,0.0914174
3025343,6.0142446
3025344,3196.4294
3025345,0.09093474
3025346,471.98938
3025347,7.779643
3025348,703.0646
3025349,705.9944
3025350,193.28719
3025351,176.31181
3025352,66.91407
3025353,2994.7676
3025354,18.919203
3025355,1.7785597
3025356,20.653385
3025357,20.677181
3025358,-0.14243512
3025359,168.82272
3025360,6.485254
3025361,19.13758
3025362,14.320051
3025363,81.15731
3025364,6.329087
3025365,335.14752
3025366,166.36333
3025367,5.432113
3025368,7.369036
3025369,290.5234
3025370,94.86827
3025371,1584.0969
3025372,34.36115
3025373,18.065516
3025374,6.7336783
3025375,0.15775171
3025376,5.9069214
3025377,3000.0586
3025378,-0.047936387
3025379,477.7861
3025380,7.7857604
3025381,702.0932
3025382,698.8842
3025383,191.8486
3025384,175.90178
3025385,66.40242
3025386,2995.8752
3025387,18.854975
3025388,1.7812867
3025389,20.611439
3025390,20.786583
3025391,-0.21450502
3025392,168.7132
3025393,6.530311
3025394,18.999395
3025395,14.089892
3025396,83.10817
3025397,6.24558
3025398,334.967
3025399,163.80154
3025400,5.2702703
3025401,7.2658753
3025402,291.61548
3025403,94.44142
3025404,1584.0895
3025405,34.3473
3025406,17.806368
3025407,6.77156
3025408,0.010309992
3025409,6.008521
3025410,3010.811
3025411,0.11653292
3025412,472.35385
3025413,7.7174654
3025414,701.6949
3025415,699.1417
3025416,192.89178
3025417,175.3822
3025418,65.78997
3025419,3007.4404
3025420,18.993486
3025421,1.7945654
3025422,20.647268
3025423,20.780539
3025424,-0.3023935
3025425,168.92914
3025426,6.4626274
3025427,19.412842
3025428,14.051193
3025429,80.95996
3025430,6.2771153
3025431,332.2015
3025432,164.00008
3025433,5.3853264
3025434,7.402069
3025435,287.33722
3025436,94.48361
3025437,1584.0618
3025438,34.371708
3025439,17.931377
3025440,6.781283
3025441,0.15174706
3025442,6.021056
3025443,2979.0474
3025444,-0.0030154283
3025445,468.11182
3025446,7.7108774
3025447,699.9781
3025448,693.88983
3025449,193.00616
3025450,172.92838
3025451,66.0528
3025452,3005.5767
3025453,18.557787
3025454,1.7792809
3025455,20.643755
3025456,20.626303
3025457,-0.15720585
3025458,168.86261
3025459,6.481511
3025460,18.850962
3025461,13.955949
3025462,83.37704
3025463,6.2683334
3025464,331.89297
3025465,164.87451
3025466,5.443466
3025467,7.2114387
3025468,288.39484
3025469,93.623085
3025470,1584.1688
3025471,34.277172
3025472,17.428894
3025473,6.724335
3025474,0.058867563
3025475,5.888582
3025476,2970.0237
3025477,0.11876107
3025478,468.40292
3025479,7.6490493
3025480,695.117
3025481,693.702
3025482,191.12807
3025483,175.3645
3025484,66.25403
3025485,3001.6953
3025486,18.895575
3025487,1.7717375
3025488,20.570631
3025489,20.612785
3025490,-0.23394743
3025491,168.82735
3025492,6.348888
3025493,19.212667
3025494,14.098683
3025495,83.76534
3025496,6.333163
3025497,333.26608
3025498,164.46352
3025499,5.466577
3025500,7.2981
3025501,286.20468
3025502,94.01374
3025503,1584.1581
3025504,34.43907
3025505,17.56494
3025506,6.192635
3025507,0.08161585
3025508,5.957257
3025509,2978.2322
3025510,-0.02796333
3025511,466.94666
3025512,7.677136
3025513,695.8241
3025514,695.22363
3025515,189.98189
3025516,171.71416
3025517,65.70077
3025518,2987.5227
3025519,18.693027
3025520,1.7807714
3025521,20.568672
3025522,20.65196
3025523,-0.34579703
3025524,168.79802
3025525,6.446188
3025526,19.151608
3025527,14.209999
3025528,83.23791
3025529,6.2200856
3025530,332.9601
3025531,161.16107
3025532,5.3737345
3025533,7.395845
3025534,284.08936
3025535,92.83072
3025536,1584.0376
3025537,34.33103
3025538,17.532274
3025539,6.67132
3025540,0.021991618
3025541,5.7955685
3025542,2974.7888
3025543,-0.09816314
3025544,469.1458
3025545,7.748126
3025546,695.9342
3025547,686.7563
3025548,189.36905
3025549,173.84924
3025550,65.796
3025551,2979.1257
3025552,18.821093
3025553,1.7802088
3025554,20.679863
3025555,20.568537
3025556,-0.24565427
3025557,168.92159
3025558,6.491849
3025559,18.862175
3025560,14.197162
3025561,83.71638
3025562,6.322396
3025563,332.33575
3025564,160.06552
3025565,5.319317
3025566,7.3337355
3025567,284.75626
3025568,92.28316
3025569,1584.0754
3025570,34.25925
3025571,17.181097
3025572,6.688531
3025573,0.12196191
3025574,5.73428
3025575,2974.2244
3025576,0.015770007
3025577,466.4152
3025578,7.619422
3025579,696.78595
3025580,687.822
3025581,188.81544
3025582,173.85014
3025583,65.343636
3025584,2973.0662
3025585,18.717514
3025586,1.7664006
3025587,20.684793
3025588,20.719395
3025589,-0.2188995
3025590,168.87619
3025591,6.4064155
3025592,18.913134
3025593,14.190416
3025594,81.28968
3025595,6.2213154
3025596,330.31046
3025597,159.50005
3025598,5.3061314
3025599,7.326271
3025600,283.77377
3025601,93.32197
3025602,1584.0404
3025603,34.321384
3025604,17.43018
3025605,6.812233
3025606,0.08408536
3025607,5.7653956
3025608,2958.4521
3025609,0.053724963
3025610,465.73254
3025611,7.7450786
3025612,685.7882
3025613,680.1769
3025614,188.91037
3025615,171.80989
3025616,65.132484
3025617,2950.993
3025618,18.628994
3025619,1.7810775
3025620,20.56045
3025621,20.629053
3025622,-0.31012127
3025623,168.7433
3025624,6.4416842
3025625,18.841978
3025626,14.143178
3025627,83.503136
3025628,6.21818
3025629,328.66144
3025630,159.81894
3025631,5.3293476
3025632,7.2127056
3025633,281.43063
3025634,92.016975
3025635,1584.1117
3025636,34.313904
3025637,17.24643
3025638,7.045028
3025639,0.09931657
3025640,5.6916604
3025641,2955.7407
3025642,-0.05651824
3025643,467.28214
3025644,7.815244
3025645,685.21686
3025646,687.1119
3025647,186.69398
3025648,173.22676
3025649,64.65071
3025650,2942.279
3025651,18.416273
3025652,1.7838461
3025653,20.591623
3025654,20.681591
3025655,-0.1914774
3025656,168.85094
3025657,6.522689
3025658,19.040562
3025659,14.140007
3025660,80.7903
3025661,6.323681
3025662,328.16962
3025663,159.04802
3025664,5.307401
3025665,7.3327217
3025666,280.80246
3025667,93.85426
3025668,1583.9672
3025669,34.35775
3025670,16.894684
3025671,7.0177307
3025672,0.19318236
3025673,5.8368864
3025674,2941.2817
3025675,-0.0018396432
3025676,467.0197
3025677,7.7963967
3025678,686.03564
3025679,684.05597
3025680,187.13322
3025681,172.9725
3025682,64.80205
3025683,2949.1096
3025684,18.78842
3025685,1.800245
3025686,20.588003
3025687,20.706215
3025688,-0.10083822
3025689,168.78297
3025690,6.4607234
3025691,19.072784
3025692,14.378989
3025693,81.2755
3025694,6.2027516
3025695,326.3644
3025696,159.87175
3025697,5.3474593
3025698,7.3515453
3025699,281.3105
3025700,93.27547
3025701,1584.0468
3025702,34.21574
3025703,17.277197
3025704,6.9740715
3025705,0.067453645
3025706,5.8893924
3025707,2957.579
3025708,-0.016983306
3025709,467.56152
3025710,7.748081
3025711,689.79297
3025712,685.6342
3025713,187.53181
3025714,170.18587
3025715,64.87089
3025716,2960.6172
3025717,18.669662
3025718,1.7970859
3025719,20.523539
3025720,20.642582
3025721,-0.22041592
3025722,168.80814
3025723,6.394465
3025724,19.243067
3025725,14.118454
3025726,67.19956
3025727,6.2675056
3025728,327.2331
3025729,160.21709
3025730,5.3267674
3025731,7.3640084
3025732,281.38968
3025733,92.56635
3025734,1584.1106
3025735,34.37297
3025736,17.230858
3025737,6.8312926
3025738,0.0729137
3025739,5.876894
3025740,2943.8694
3025741,-0.008553112
3025742,467.0627
3025743,7.7159753
3025744,681.7079
3025745,684.9794
3025746,186.87279
3025747,171.68446
3025748,65.19267
3025749,2931.4028
3025750,18.66402
3025751,1.8117794
3025752,20.67879
3025753,20.784489
3025754,-0.28726384
3025755,168.77797
3025756,6.5380917
3025757,19.195932
3025758,14.513991
3025759,83.584526
3025760,6.2371316
3025761,325.89877
3025762,158.94928
3025763,5.3308663
3025764,7.3748136
3025765,279.08194
3025766,92.14073
3025767,1584.1292
3025768,34.283024
3025769,17.266945
3025770,6.869805
3025771,0.1128119
3025772,5.6695065
3025773,2918.6848
3025774,0.06307948
3025775,466.40833
3025776,7.6412334
3025777,680.43756
3025778,682.8943
3025779,186.92862
3025780,170.36993
3025781,64.526375
3025782,2934.8696
3025783,18.344244
3025784,1.778371
3025785,20.670553
3025786,20.713953
3025787,-0.28005493
3025788,168.73358
3025789,6.453793
3025790,19.134806
3025791,14.42666
3025792,83.512985
3025793,6.250212
3025794,326.2885
3025795,159.27258
3025796,5.27287
3025797,7.346314
3025798,280.32626
3025799,92.60791
3025800,1584.0815
3025801,34.363113
3025802,17.297762
3025803,6.8191295
3025804,0.14754184
3025805,5.707261
3025806,2916.0032
3025807,-0.07354832
3025808,466.27643
3025809,7.7678304
3025810,682.94995
3025811,677.4193
3025812,185.98535
3025813,169.79675
3025814,64.09745
3025815,2939.1238
3025816,18.383308
3025817,1.7717276
3025818,20.66136
3025819,20.59709
3025820,-0.15780611
3025821,168.74115
3025822,6.516834
3025823,18.811733
3025824,14.086508
3025825,83.130394
3025826,6.3494143
3025827,321.74347
3025828,159.49728
3025829,5.251333
3025830,7.3483644
3025831,281.72485
3025832,91.308525
3025833,1584.0612
3025834,34.315845
3025835,16.996943
3025836,6.7444105
3025837,0.09371744
3025838,5.816179
3025839,2885.7397
3025840,-0.06345121
3025841,464.05554
3025842,7.6996617
3025843,672.74457
3025844,673.15375
3025845,183.98466
3025846,171.35133
3025847,63.542324
3025848,2883.173
3025849,18.468018
3025850,1.8025559
3025851,20.662628
3025852,20.743805
3025853,-0.19337991
3025854,168.8602
3025855,6.4433446
3025856,18.797434
3025857,14.209225
3025858,83.24933
3025859,6.22332
3025860,319.81207
3025861,158.49426
3025862,5.238076
3025863,7.3788986
3025864,277.47723
3025865,91.61561
3025866,1584.1823
3025867,34.319504
3025868,16.909523
3025869,6.86837
3025870,0.11564837
3025871,5.7684565
3025872,2920.2556
3025873,-0.00969878
3025874,465.2174
3025875,7.794514
3025876,673.5263
3025877,680.5657
3025878,185.52423
3025879,170.72217
3025880,63.459915
3025881,2873.0825
3025882,18.021181
3025883,1.7862355
3025884,20.659082
3025885,20.76425
3025886,-0.3357652
3025887,168.84416
3025888,6.514293
3025889,18.765472
3025890,14.23607
3025891,80.884186
3025892,6.20419
3025893,321.2591
3025894,157.52876
3025895,5.3221145
3025896,7.3453236
3025897,273.6788
3025898,93.8095
3025899,1584.0807
3025900,34.231205
3025901,17.275208
3025902,6.944678
3025903,0.03721285
3025904,5.66124
3025905,2901.54
3025906,-0.024664715
3025907,465.99844
3025908,7.737456
3025909,667.9837
3025910,686.20496
3025911,186.02078
3025912,169.70451
3025913,63.47257
3025914,2883.1072
3025915,18.480959
3025916,1.7738509
3025917,20.58278
3025918,20.702566
3025919,-0.15375389
3025920,168.76094
3025921,6.5043116
3025922,18.861609
3025923,14.158
3025924,80.97864
3025925,6.271439
3025926,331.18
3025927,157.3527
3025928,5.322931
3025929,7.3855815
3025930,277.2571
3025931,94.60696
3025932,1584.0918
3025933,34.386574
3025934,16.759298
3025935,6.970809
3025936,0.11225549
3025937,5.8203335
3025938,2937.9753
3025939,-0.019320993
3025940,465.19495
3025941,7.744087
3025942,674.015
3025943,693.60425
3025944,187.12836
3025945,170.37477
3025946,63.65628
3025947,2904.1565
3025948,18.388752
3025949,1.7788637
3025950,20.589434
3025951,20.670702
3025952,-0.3545064
3025953,168.93301
3025954,6.46445
3025955,19.14016
3025956,14.206963
3025957,83.627396
3025958,6.338568
3025959,332.93448
3025960,157.47238
3025961,5.355756
3025962,7.2604437
3025963,280.1832
3025964,95.08102
3025965,1584.0426
3025966,34.39293
3025967,17.340109
3025968,6.8893332
3025969,0.08627176
3025970,5.9347014
3025971,2970.3315
3025972,-0.0093865795
3025973,466.61847
3025974,7.772179
3025975,676.62445
3025976,703.2627
3025977,187.8666
3025978,170.58386
3025979,63.95287
3025980,2926.321
3025981,18.54074
3025982,1.7694033
3025983,20.60785
3025984,20.725126
3025985,-0.14928548
3025986,168.7664
3025987,6.4718156
3025988,19.187008
3025989,14.186899
3025990,83.76081
3025991,6.1895223
3025992,333.45633
3025993,158.20197
3025994,5.2787204
3025995,7.3322787
3025996,281.0442
3025997,96.56255
3025998,1583.9778
3025999,34.382656
3026000,17.496738
3026001,6.9543443
3026002,0.07827055
3026003,5.8468494
3026004,2974.3354
3026005,0.00022474163
3026006,467.47986
3026007,7.6863923
3026008,675.9517
3026009,703.64435
3026010,188.65141
3026011,172.97566
3026012,65.208336
3026013,2921.5557
3026014,18.212526
3026015,1.781194
3026016,20.658642
3026017,20.686407
3026018,-0.21606885
3026019,168.88315
3026020,6.4471097
3026021,19.27292
3026022,14.359892
3026023,83.43588
3026024,6.238297
3026025,333.63245
3026026,157.37486
3026027,5.3742156
3026028,7.2689776
3026029,286.07825
3026030,96.81183
3026031,1584.0522
3026032,34.350212
3026033,17.437275
3026034,6.8665743
3026035,0.059268624
3026036,5.9066353
3026037,2981.635
3026038,0.034019034
3026039,466.80008
3026040,7.634045
3026041,675.6639
3026042,710.6087
3026043,189.0623
3026044,172.9785
3026045,65.45309
3026046,2915.228
3026047,18.592157
3026048,1.7702152
3026049,20.59082
3026050,20.76407
3026051,-0.25951365
3026052,168.7147
3026053,6.4271655
3026054,19.419024
3026055,14.494844
3026056,81.1202
3026057,6.203709
3026058,337.11618
3026059,157.45378
3026060,5.3546476
3026061,7.3017354
3026062,285.7235
3026063,98.85236
3026064,1584.1056
3026065,34.361855
3026066,17.683926
3026067,7.062263
3026068,0.1007655
3026069,6.0350094
3026070,2999.0715
3026071,0.056717858
3026072,467.9248
3026073,7.61703
3026074,675.71466
3026075,713.43634
3026076,189.7061
3026077,173.41118
3026078,64.679
3026079,2929.0054
3026080,18.382885
3026081,1.7680562
3026082,20.566473
3026083,20.746845
3026084,-0.1789447
3026085,168.8107
3026086,6.529528
3026087,19.183079
3026088,14.505681
3026089,83.627556
3026090,6.2587867
3026091,333.63492
3026092,156.44547
3026093,5.2593284
3026094,7.262812
3026095,288.01782
3026096,96.938965
3026097,1584.1039
3026098,34.415207
3026099,17.658958
3026100,6.9567823
3026101,0.11561975
3026102,5.992917
3026103,2983.8257
3026104,-0.0048034177
3026105,466.59808
3026106,7.770661
3026107,675.6384
3026108,706.8391
3026109,189.59996
3026110,171.14038
3026111,65.333916
3026112,2970.0452
3026113,18.725096
3026114,1.7699275
3026115,20.613945
3026116,20.61049
3026117,-0.20119509
3026118,168.76465
3026119,6.4772806
3026120,18.926369
3026121,14.392082
3026122,71.944725
3026123,6.175711
3026124,338.5737
3026125,155.25455
3026126,5.2416983
3026127,7.3035636
3026128,289.56543
3026129,89.95313
3026130,1583.9961
3026131,34.457394
3026132,17.916765
3026133,6.9776344
3026134,-0.007644708
3026135,6.0482125
3026136,3020.5872
3026137,-0.07573999
3026138,479.07712
3026139,7.7283425
3026140,675.613
3026141,718.33527
3026142,187.98422
3026143,173.86853
3026144,65.82567
3026145,2942.5627
3026146,18.483374
3026147,1.7668525
3026148,20.700172
3026149,20.666954
3026150,-0.2778312
3026151,168.86365
3026152,6.4484773
3026153,19.110968
3026154,14.38352
3026155,67.23288
3026156,6.1954236
3026157,339.22824
3026158,155.7517
3026159,5.335505
3026160,7.320976
3026161,288.29306
3026162,96.57232
3026163,1584.1552
3026164,34.320927
3026165,17.895555
3026166,6.9165154
3026167,0.10253695
3026168,5.94371
3026169,3002.3682
3026170,0.06976832
3026171,470.7143
3026172,7.7391663
3026173,667.8786
3026174,710.57104
3026175,186.68625
3026176,173.96101
3026177,64.406044
3026178,2894.9253
3026179,18.361036
3026180,1.8010837
3026181,20.525047
3026182,20.680386
3026183,-0.18921806
3026184,168.83511
3026185,6.4539313
3026186,19.19226
3026187,14.160712
3026188,83.10644
3026189,6.2026477
3026190,337.60327
3026191,155.38445
3026192,5.3895254
3026193,7.3966193
3026194,284.61688
3026195,98.89415
3026196,1584.129
3026197,34.309673
3026198,17.592499
3026199,6.818468
3026200,0.104975685
3026201,5.797448
3026202,2949.552
3026203,-0.007858301
3026204,461.45712
3026205,7.703852
3026206,665.02124
3026207,697.20013
3026208,184.35454
3026209,169.73372
3026210,63.75777
3026211,2881.1045
3026212,18.221685
3026213,1.773175
3026214,20.668892
3026215,20.691488
3026216,-0.3303297
3026217,168.83517
3026218,6.482632
3026219,19.185179
3026220,14.399426
3026221,81.00479
3026222,6.2256217
3026223,333.03738
3026224,154.08241
3026225,5.4532075
3026226,7.3413773
3026227,279.5452
3026228,96.60412
3026229,1583.9904
3026230,34.25328
3026231,17.461452
3026232,6.9214354
3026233,0.15675198
3026234,5.823252
3026235,2883.1248
3026236,-0.049355302
3026237,458.23328
3026238,7.6637664
3026239,667.59283
3026240,691.50684
3026241,179.90918
3026242,167.06235
3026243,63.965397
3026244,2849.2612
3026245,18.31814
3026246,1.7577649
3026247,20.64646
3026248,20.732252
3026249,-0.21793605
3026250,168.90237
3026251,6.39882
3026252,18.988773
3026253,14.374287
3026254,83.21733
3026255,6.238059
3026256,335.5098
3026257,153.49911
3026258,5.296124
3026259,7.3666124
3026260,275.67685
3026261,94.71098
3026262,1584.0286
3026263,34.376232
3026264,17.213951
3026265,7.1126585
3026266,0.08981596
3026267,5.736714
3026268,2914.6318
3026269,-0.07495657
3026270,463.68738
3026271,7.73564
3026272,663.0746
3026273,687.0149
3026274,179.5399
3026275,170.65773
3026276,63.089943
3026277,2852.9302
3026278,18.423695
3026279,1.7815773
3026280,20.65598
3026281,20.717516
3026282,-0.2243769
3026283,168.89624
3026284,6.539944
3026285,17.04761
3026286,14.498907
3026287,80.96092
3026288,6.273115
3026289,338.47266
3026290,153.8727
3026291,5.386295
3026292,7.2128916
3026293,276.39432
3026294,94.95672
3026295,1584.0023
3026296,34.267353
3026297,17.331406
3026298,6.8972626
3026299,0.061362296
3026300,5.7130594
3026301,2923.6914
3026302,-0.123101436
3026303,458.91452
3026304,7.8315244
3026305,666.3519
3026306,703.8861
3026307,179.57367
3026308,171.12042
3026309,63.946312
3026310,2850.2869
3026311,19.281849
3026312,1.7802203
3026313,20.59764
3026314,20.593102
3026315,-0.24843356
3026316,168.74377
3026317,6.423728
3026318,18.908598
3026319,14.2639
3026320,71.954
3026321,6.3723392
3026322,335.5209
3026323,153.91452
3026324,5.3037925
3026325,7.2927017
3026326,277.62808
3026327,97.781494
3026328,1584.1335
3026329,34.31544
3026330,17.63509
3026331,7.0965967
3026332,0.1488053
3026333,5.7142444
3026334,2985.009
3026335,0.018995585
3026336,459.04053
3026337,7.8413653
3026338,667.2491
3026339,712.31195
3026340,179.30376
3026341,171.10321
3026342,64.50592
3026343,2874.3323
3026344,19.1815
3026345,1.8014196
3026346,20.574892
3026347,20.668894
3026348,-0.3468637
3026349,168.80588
3026350,6.5390754
3026351,17.063461
3026352,14.531288
3026353,80.98768
3026354,6.2737117
3026355,339.65527
3026356,154.3463
3026357,5.304108
3026358,7.3059816
3026359,278.6932
3026360,99.104706
3026361,1584.089
3026362,34.30954
3026363,17.816303
3026364,6.9865522
3026365,0.14236271
3026366,5.7821355
3026367,2984.5803
3026368,-0.017648384
3026369,468.2097
3026370,7.702348
3026371,665.5023
3026372,709.9706
3026373,182.21626
3026374,173.33698
3026375,63.706432
3026376,2866.0579
3026377,19.040855
3026378,1.7713901
3026379,20.59116
3026380,20.595505
3026381,-0.27016953
3026382,168.88626
3026383,6.411031
3026384,19.028423
3026385,14.415835
3026386,83.71444
3026387,6.273426
3026388,339.06705
3026389,154.21873
3026390,5.2741847
3026391,7.282449
3026392,283.9946
3026393,98.904076
3026394,1584.0739
3026395,34.3961
3026396,18.091742
3026397,6.91556
3026398,0.16368796
3026399,5.7257867
3026400,2990.2178
3026401,0.026354725
3026402,463.4683
3026403,7.762608
3026404,664.5087
3026405,717.8362
3026406,183.40569
3026407,170.54315
3026408,64.57229
3026409,2889.9624
3026410,19.310015
3026411,1.7717688
3026412,20.635874
3026413,20.660933
3026414,-0.23614784
3026415,168.76007
3026416,6.50435
3026417,19.191654
3026418,14.346561
3026419,80.97344
3026420,6.339187
3026421,339.83847
3026422,153.82954
3026423,5.3415103
3026424,7.267138
3026425,289.12936
3026426,98.96442
3026427,1584.0312
3026428,34.33815
3026429,18.025045
3026430,7.031129
3026431,0.0801973
3026432,5.784944
3026433,2988.6338
3026434,-0.014451322
3026435,463.34586
3026436,7.6930313
3026437,667.2917
3026438,707.57623
3026439,183.03004
3026440,168.87347
3026441,63.53478
3026442,2889.9985
3026443,19.137009
3026444,1.7800351
3026445,20.676992
3026446,20.65094
3026447,-0.30017978
3026448,168.81766
3026449,6.3966885
3026450,17.158817
3026451,14.46015
3026452,83.744225
3026453,6.1354604
3026454,337.37802
3026455,154.97235
3026456,5.364121
3026457,7.4199834
3026458,282.69238
3026459,90.14194
3026460,1584.1704
3026461,34.33758
3026462,17.885042
3026463,6.839157
3026464,0.124170214
3026465,5.7685103
3026466,3198.0347
3026467,-0.096295044
3026468,470.63284
3026469,7.7590995
3026470,663.949
3026471,717.39246
3026472,183.1581
3026473,170.33961
3026474,64.56712
3026475,2882.1067
3026476,19.16433
3026477,1.7840375
3026478,20.653126
3026479,20.68388
3026480,-0.22226954
3026481,168.81767
3026482,6.4046216
3026483,18.936878
3026484,14.551722
3026485,72.057465
3026486,6.223467
3026487,336.81665
3026488,155.73247
3026489,5.381532
3026490,7.316127
3026491,291.30606
3026492,90.12255
3026493,1584.0676
3026494,34.32763
3026495,17.96969
3026496,7.0808816
3026497,0.061842013
3026498,5.824711
3026499,3014.2039
3026500,-0.026692765
3026501,465.45764
3026502,7.744853
3026503,665.50946
3026504,714.23376
3026505,184.07782
3026506,168.26918
3026507,64.30232
3026508,2901.0156
3026509,19.23469
3026510,1.7811112
3026511,20.568052
3026512,20.634972
3026513,-0.24099952
3026514,168.84169
3026515,6.438336
3026516,18.872238
3026517,14.28663
3026518,72.02042
3026519,6.2496157
3026520,340.71735
3026521,155.47868
3026522,5.2429576
3026523,7.377538
3026524,287.56335
3026525,98.881584
3026526,1584.1155
3026527,34.308582
3026528,17.96233
3026529,6.991093
3026530,0.017138228
3026531,5.8179407
3026532,3005.7866
3026533,0.0067406287
3026534,466.8303
3026535,7.7051573
3026536,664.2805
3026537,706.5508
3026538,184.42465
3026539,170.89047
3026540,63.39942
3026541,2881.011
3026542,19.088333
3026543,1.77336
3026544,20.62357
3026545,20.683382
3026546,-0.3772743
3026547,168.88644
3026548,6.4439564
3026549,18.697739
3026550,14.517728
3026551,80.855385
3026552,6.261357
3026553,337.57184
3026554,155.42091
3026555,5.389677
3026556,7.2742763
3026557,284.5684
3026558,98.5914
3026559,1584.0701
3026560,34.339718
3026561,17.785154
3026562,7.158149
3026563,0.026156604
3026564,5.8003306
3026565,2984.2036
3026566,-0.04863629
3026567,466.336
3026568,7.6565647
3026569,664.92365
3026570,698.47516
3026571,184.61037
3026572,169.54639
3026573,62.8307
3026574,2869.491
3026575,18.972809
3026576,1.7817303
3026577,20.624157
3026578,20.74468
3026579,-0.40507382
3026580,168.77776
3026581,6.367861
3026582,17.048515
3026583,14.39517
3026584,72.02235
3026585,6.197122
3026586,342.5185
3026587,156.19931
3026588,5.324511
3026589,7.320016
3026590,288.4472
3026591,95.04502
3026592,1584.0078
3026593,34.45351
3026594,17.894747
3026595,6.853311
3026596,0.15562704
3026597,5.8319173
3026598,2959.3047
3026599,0.030504242
3026600,465.5839
3026601,7.7482214
3026602,667.4238
3026603,696.6059
3026604,183.39748
3026605,168.29007
3026606,62.965466
3026607,2875.2969
3026608,18.907862
3026609,1.7710528
3026610,20.615742
3026611,20.678076
3026612,-0.17370488
3026613,168.7365
3026614,6.358715
3026615,17.122025
3026616,14.55652
3026617,80.859535
3026618,6.2976127
3026619,339.7382
3026620,155.3031
3026621,5.429527
3026622,7.406422
3026623,280.7774
3026624,96.18885
3026625,1584.098
3026626,34.332912
3026627,17.668058
3026628,7.0286217
3026629,0.09102259
3026630,5.6700616
3026631,2959.5725
3026632,0.0040159835
3026633,462.89563
3026634,7.7340865
3026635,664.5091
3026636,689.78876
3026637,184.18779
3026638,170.25401
3026639,62.89719
3026640,2862.808
3026641,19.004032
3026642,1.7794927
3026643,20.56672
3026644,20.652132
3026645,-0.32691637
3026646,168.85065
3026647,6.431933
3026648,17.102236
3026649,14.418343
3026650,81.30519
3026651,6.266882
3026652,333.87985
3026653,155.6046
3026654,5.311477
3026655,7.3501916
3026656,282.17227
3026657,94.08519
3026658,1584.1906
3026659,34.357025
3026660,17.275082
3026661,7.107691
3026662,0.1925034
3026663,5.71409
3026664,2973.729
3026665,-0.032384682
3026666,461.9073
3026667,7.8462286
3026668,666.2924
3026669,680.6301
3026670,182.9692
3026671,167.74577
3026672,62.404762
3026673,2867.3345
3026674,18.751245
3026675,1.7680947
3026676,20.556425
3026677,20.579636
3026678,-0.2806856
3026679,168.83333
3026680,6.5317163
3026681,15.619567
3026682,14.295315
3026683,72.027664
3026684,6.228158
3026685,335.26224
3026686,154.71628
3026687,5.311841
3026688,7.312334
3026689,276.63757
3026690,95.021095
3026691,1584.0721
3026692,34.39185
3026693,17.27259
3026694,6.7729177
3026695,-0.008476846
3026696,5.666195
3026697,2962.969
3026698,-0.0111006955
3026699,464.13943
3026700,7.6859417
3026701,664.2019
3026702,682.8309
3026703,181.19069
3026704,167.90027
3026705,62.40878
3026706,2857.9565
3026707,18.874496
3026708,1.7818346
3026709,20.666689
3026710,20.69771
3026711,-0.19034201
3026712,168.84961
3026713,6.461258
3026714,15.535352
3026715,14.238007
3026716,83.50566
3026717,6.3798738
3026718,336.77774
3026719,153.66397
3026720,5.22285
3026721,7.319629
3026722,276.594
3026723,94.48111
3026724,1584.048
3026725,34.344982
3026726,16.961538
3026727,6.9519973
3026728,-0.0066725304
3026729,5.720854
3026730,2991.4136
3026731,0.059082486
3026732,465.5729
3026733,7.760052
3026734,666.933
3026735,688.8221
3026736,181.06088
3026737,168.68094
3026738,62.5936
3026739,2851.3953
3026740,19.192772
3026741,1.7727963
3026742,20.640959
3026743,20.67927
3026744,-0.1599848
3026745,168.79788
3026746,6.356052
3026747,15.661018
3026748,14.4115505
3026749,67.233635
3026750,6.2735248
3026751,333.19608
3026752,153.5787
3026753,5.245858
3026754,7.393305
3026755,281.3678
3026756,94.2833
3026757,1584.1239
3026758,34.410336
3026759,17.356058
3026760,7.0007753
3026761,0.07243944
3026762,5.646036
3026763,3002.6392
3026764,-0.02960334
3026765,465.40738
3026766,7.796206
3026767,663.5059
3026768,680.91095
3026769,180.08885
3026770,168.51598
3026771,62.325108
3026772,2860.7114
3026773,18.901033
3026774,1.7816867
3026775,20.539694
3026776,20.714983
3026777,-0.10344696
3026778,168.8668
3026779,6.505707
3026780,15.656667
3026781,14.549767
3026782,81.09794
3026783,6.1566505
3026784,334.78067
3026785,154.33406
3026786,5.2308335
3026787,7.206561
3026788,280.59778
3026789,93.1107
3026790,1584.0568
3026791,34.33309
3026792,17.334024
3026793,6.89669
3026794,0.15640518
3026795,5.5835104
3026796,2966.125
3026797,0.06792948
3026798,463.83432
3026799,7.733452
3026800,662.74176
3026801,689.6488
3026802,179.3744
3026803,168.35904
3026804,61.83963
3026805,2860.7405
3026806,18.890968
3026807,1.7902626
3026808,20.52258
3026809,20.699594
3026810,-0.20423056
3026811,168.77678
3026812,6.3679237
3026813,15.588893
3026814,14.561654
3026815,80.824425
3026816,6.349188
3026817,334.15045
3026818,151.21681
3026819,5.3564444
3026820,7.423601
3026821,278.56415
3026822,93.55314
3026823,1584.0768
3026824,34.35671
3026825,16.99969
3026826,6.9485855
3026827,-0.0032693453
3026828,5.7015147
3026829,2906.0078
3026830,0.029526403
3026831,463.16223
3026832,7.6636305
3026833,663.11346
3026834,683.20123
3026835,179.1187
3026836,173.01624
3026837,62.442398
3026838,2856.7637
3026839,18.98732
3026840,1.770537
3026841,20.694767
3026842,20.58578
3026843,-0.19692203
3026844,168.79123
3026845,6.5389986
3026846,15.417468
3026847,14.732508
3026848,75.074356
3026849,6.233088
3026850,332.87796
3026851,151.70537
3026852,5.300827
3026853,7.332637
3026854,276.60965
3026855,93.19132
3026856,1584.1747
3026857,34.254375
3026858,17.01034
3026859,6.7574825
3026860,0.09640293
3026861,5.6705527
3026862,2898.2876
3026863,-0.006639575
3026864,464.28845
3026865,7.723969
3026866,656.8159
3026867,679.5683
3026868,179.39925
3026869,167.29805
3026870,62.4362
3026871,2842.7217
3026872,18.825129
3026873,1.8016119
3026874,20.557032
3026875,20.688902
3026876,-0.36961225
3026877,168.7811
3026878,6.505629
3026879,15.460881
3026880,14.34574
3026881,83.7282
3026882,6.2821803
3026883,333.46893
3026884,150.5643
3026885,5.3865404
3026886,7.3741784
3026887,275.25797
3026888,92.37798
3026889,1584.0261
3026890,34.231335
3026891,16.872023
3026892,6.7344413
3026893,-0.028706383
3026894,5.7019653
3026895,2934.8286
3026896,-0.03228588
3026897,462.71436
3026898,7.685191
3026899,660.656
3026900,676.5613
3026901,178.75674
3026902,169.76146
3026903,62.443592
3026904,2843.8215
3026905,18.959925
3026906,1.7974876
3026907,20.623693
3026908,20.640478
3026909,-0.16718045
3026910,168.78322
3026911,6.4251947
3026912,14.400655
3026913,14.356507
3026914,80.88445
3026915,6.307241
3026916,332.7108
3026917,151.14442
3026918,5.317344
3026919,7.30872
3026920,274.83844
3026921,92.121216
3026922,1584.0369
3026923,34.29575
3026924,16.992998
3026925,6.854042
3026926,0.07782215
3026927,5.726947
3026928,2987.9485
3026929,-0.067643754
3026930,464.2153
3026931,7.7240543
3026932,659.18317
3026933,687.3579
3026934,178.31857
3026935,169.66298
3026936,62.69821
3026937,2836.9011
3026938,18.90852
3026939,1.7890512
3026940,20.644674
3026941,20.59148
3026942,-0.33260557
3026943,168.79228
3026944,6.4843545
3026945,15.551979
3026946,14.401433
3026947,80.880684
3026948,6.290938
3026949,333.23874
3026950,151.50208
3026951,5.285945
3026952,7.2843933
3026953,277.85294
3026954,92.80115
3026955,1583.9948
3026956,34.350803
3026957,17.34767
3026958,6.882389
3026959,0.08175188
3026960,5.744498
3026961,2992.698
3026962,0.039325576
3026963,466.20367
3026964,7.6238966
3026965,667.4167
3026966,686.3358
3026967,181.01128
3026968,168.43488
3026969,62.11709
3026970,2855.9312
3026971,18.894524
3026972,1.7804521
3026973,20.729254
3026974,20.69032
3026975,-0.21119471
3026976,168.86008
3026977,6.447331
3026978,15.541465
3026979,14.29177
3026980,83.63672
3026981,6.2224846
3026982,334.23822
3026983,151.9047
3026984,5.457161
3026985,7.400232
3026986,280.43317
3026987,92.358284
3026988,1584.1158
3026989,34.363323
3026990,17.310879
3026991,6.814976
3026992,0.13826585
3026993,5.7737966
3026994,2958.9858
3026995,0.0008688504
3026996,462.3521
3026997,7.6178036
3026998,657.8461
3026999,678.96735
3027000,181.64597
3027001,168.8992
3027002,62.241646
3027003,2857.5293
3027004,18.591322
3027005,1.7679042
3027006,20.655767
3027007,20.565708
3027008,-0.22749725
3027009,168.82466
3027010,6.474002
3027011,15.428923
3027012,14.405378
3027013,67.19998
3027014,6.2332244
3027015,334.7712
3027016,152.39267
3027017,5.3519945
3027018,7.2446785
3027019,280.2927
3027020,92.33899
3027021,1583.9711
3027022,34.311478
3027023,17.307491
3027024,6.7711143
3027025,0.10940544
3027026,5.6787214
3027027,2950.5513
3027028,-0.017725928
3027029,462.60455
3027030,7.736032
3027031,659.5768
3027032,677.9246
3027033,182.13226
3027034,167.27057
3027035,62.308018
3027036,2845.9539
3027037,18.790611
3027038,1.7805864
3027039,20.743782
3027040,20.668598
3027041,-0.3784203
3027042,168.7858
3027043,6.4641695
3027044,14.421721
3027045,14.466431
3027046,81.14306
3027047,6.200436
3027048,334.62973
3027049,152.05113
3027050,5.306038
3027051,7.3484473
3027052,282.7629
3027053,91.923615
3027054,1584.0597
3027055,34.276775
3027056,16.976278
3027057,6.796282
3027058,0.013365132
3027059,5.728676
3027060,2950.8403
3027061,-0.026406173
3027062,462.75153
3027063,7.748436
3027064,658.84875
3027065,681.9154
3027066,181.71484
3027067,169.46498
3027068,62.07421
3027069,2846.6807
3027070,18.757822
3027071,1.7726625
3027072,20.596004
3027073,20.668383
3027074,-0.25997066
3027075,168.86534
3027076,6.5022683
3027077,14.401845
3027078,14.460116
3027079,80.766045
3027080,6.1610703
3027081,333.8854
3027082,151.90082
3027083,5.352928
3027084,7.3383327
3027085,283.11108
3027086,93.05296
3027087,1584.0701
3027088,34.29175
3027089,17.186619
3027090,6.772119
3027091,0.03554627
3027092,5.830301
3027093,2948.7693
3027094,0.07041501
3027095,465.26358
3027096,7.68643
3027097,668.345
3027098,683.8677
3027099,183.34581
3027100,169.01833
3027101,63.47129
3027102,2868.7043
3027103,18.892262
3027104,1.7769063
3027105,20.650639
3027106,20.769222
3027107,-0.26851824
3027108,168.9241
3027109,6.461813
3027110,15.54374
3027111,14.424304
3027112,81.22422
3027113,6.332147
3027114,331.84766
3027115,152.95592
3027116,5.2703786
3027117,7.3132935
3027118,282.20358
3027119,92.80154
3027120,1584.0239
3027121,34.22078
3027122,17.406134
3027123,6.8040757
3027124,0.15773728
3027125,5.8021855
3027126,3207.4138
3027127,-0.0129641155
3027128,466.0822
3027129,7.7063584
3027130,669.5907
3027131,701.4137
3027132,184.52342
3027133,171.2468
3027134,64.060234
3027135,2883.2095
3027136,19.190271
3027137,1.7787583
3027138,20.690107
3027139,20.701706
3027140,-0.27888495
3027141,168.8095
3027142,6.465888
3027143,17.069584
3027144,14.722702
3027145,81.1678
3027146,6.2355742
3027147,335.15192
3027148,154.0318
3027149,5.327086
3027150,7.3137493
3027151,288.5151
3027152,96.34997
3027153,1584.1685
3027154,34.288357
3027155,17.732534
3027156,6.799797
3027157,0.11611078
3027158,5.7458806
3027159,3003.9873
3027160,-0.028140109
3027161,470.93176
3027162,7.78047
3027163,662.4153
3027164,692.7555
3027165,183.61035
3027166,170.79944
3027167,63.084335
3027168,2859.9895
3027169,19.078583
3027170,1.7815858
3027171,20.601381
3027172,20.754206
3027173,-0.24024054
3027174,168.80751
3027175,6.480781
3027176,17.036062
3027177,14.472539
3027178,80.85335
3027179,6.2165046
3027180,334.27908
3027181,152.58781
3027182,5.367547
3027183,7.234562
3027184,288.06833
3027185,94.83954
3027186,1584.1282
3027187,34.257504
3027188,17.79274
3027189,6.742826
3027190,0.14903633
3027191,5.8267555
3027192,3017.8054
3027193,-0.031989217
3027194,466.86356
3027195,7.7253003
3027196,664.02484
3027197,696.13354
3027198,183.32509
3027199,171.3255
3027200,63.32
3027201,2869.926
3027202,19.00723
3027203,1.8044215
3027204,20.492416
3027205,20.701311
3027206,-0.35270047
3027207,168.90205
3027208,6.4646244
3027209,17.077553
3027210,14.542161
3027211,76.66349
3027212,6.3118806
3027213,333.6264
3027214,152.71599
3027215,5.251177
3027216,7.2744727
3027217,282.87183
3027218,94.553955
3027219,1584.1659
3027220,34.32945
3027221,17.773657
3027222,6.6464534
3027223,0.120212145
3027224,5.814742
3027225,2983.6882
3027226,0.05786181
3027227,465.7589
3027228,7.728728
3027229,667.8702
3027230,693.0486
3027231,183.98407
3027232,169.62958
3027233,63.44416
3027234,2889.557
3027235,18.923594
3027236,1.7591736
3027237,20.552778
3027238,20.63814
3027239,-0.1781632
3027240,168.80307
3027241,6.4630322
3027242,15.638624
3027243,14.437946
3027244,80.85576
3027245,6.306395
3027246,334.07272
3027247,152.45723
3027248,5.251605
3027249,7.3492002
3027250,286.825
3027251,93.47233
3027252,1584.118
3027253,34.34111
3027254,17.452929
3027255,6.7850647
3027256,0.014667169
3027257,5.6678476
3027258,2950.1543
3027259,0.020126995
3027260,465.72217
3027261,7.812802
3027262,663.8152
3027263,688.84534
3027264,183.0254
3027265,170.73239
3027266,63.31998
3027267,2847.1619
3027268,18.974997
3027269,1.7724032
3027270,20.55992
3027271,20.708448
3027272,-0.4130066
3027273,168.78796
3027274,6.479056
3027275,15.556604
3027276,14.474217
3027277,83.763405
3027278,6.1674557
3027279,333.00684
3027280,152.93918
3027281,5.244339
3027282,7.3744683
3027283,280.21008
3027284,93.47495
3027285,1584.0612
3027286,34.271812
3027287,17.567606
3027288,6.751086
3027289,0.19116582
3027290,5.7366695
3027291,2989.2715
3027292,0.07883741
3027293,465.99283
3027294,7.7660003
3027295,667.17413
3027296,687.5301
3027297,183.29526
3027298,167.73442
3027299,62.80262
3027300,2837.7058
3027301,18.741974
3027302,1.8038764
3027303,20.579542
3027304,20.665266
3027305,-0.23835324
3027306,168.7542
3027307,6.412055
3027308,14.391713
3027309,14.461985
3027310,80.95526
3027311,6.2663493
3027312,332.03516
3027313,150.59251
3027314,5.45762
3027315,7.318512
3027316,278.4948
3027317,92.453
3027318,1584.0663
3027319,34.419697
3027320,17.544044
3027321,6.7117987
3027322,0.08600699
3027323,5.7365
3027324,2971.6455
3027325,-0.09089897
3027326,464.49432
3027327,7.80737
3027328,655.50305
3027329,677.20374
3027330,181.78154
3027331,169.78577
3027332,62.986393
3027333,2838.2168
3027334,18.676954
3027335,1.7686125
3027336,20.583015
3027337,20.685387
3027338,-0.14884163
3027339,168.89548
3027340,6.4925523
3027341,15.414553
3027342,14.334739
3027343,80.77334
3027344,6.297981
3027345,329.6399
3027346,149.71513
3027347,5.352323
3027348,7.292692
3027349,280.9685
3027350,91.746994
3027351,1584.0276
3027352,34.359875
3027353,17.265219
3027354,6.7781377
3027355,0.0121156685
3027356,5.7442927
3027357,2973.1516
3027358,0.062359266
3027359,463.72458
3027360,7.8185644
3027361,658.3234
3027362,680.8417
3027363,180.36293
3027364,170.47641
3027365,62.792538
3027366,2829.3186
3027367,18.712574
3027368,1.7742294
3027369,20.613579
3027370,20.545029
3027371,-0.23342723
3027372,168.76218
3027373,6.4677606
3027374,15.421828
3027375,14.298433
3027376,67.20745
3027377,6.2337127
3027378,329.10242
3027379,148.55061
3027380,5.3529634
3027381,7.289532
3027382,279.36798
3027383,92.79961
3027384,1584.0044
3027385,34.33003
3027386,17.45088
3027387,6.1926413
3027388,0.12563495
3027389,5.6426425
3027390,2995.4675
3027391,0.059868086
3027392,460.88715
3027393,7.643468
3027394,654.2897
3027395,673.63434
3027396,180.02998
3027397,169.76918
3027398,62.757767
3027399,2841.3823
3027400,18.604218
3027401,1.7766618
3027402,20.630379
3027403,20.700052
3027404,-0.33624977
3027405,168.87149
3027406,6.514312
3027407,17.046535
3027408,14.454749
3027409,81.19989
3027410,6.2548304
3027411,327.8938
3027412,149.14041
3027413,5.28034
3027414,7.263942
3027415,275.93405
3027416,92.08788
3027417,1584.0555
3027418,34.437447
3027419,17.240559
3027420,6.649659
3027421,0.107493
3027422,5.634619
3027423,2982.1975
3027424,0.084294945
3027425,464.59454
3027426,7.773949
3027427,656.88055
3027428,683.0292
3027429,179.25327
3027430,170.36789
3027431,62.78768
3027432,2841.3499
3027433,18.425613
3027434,1.7740865
3027435,20.58856
3027436,20.680395
3027437,-0.24690431
3027438,168.85883
3027439,6.521657
3027440,17.082426
3027441,14.51401
3027442,80.946266
3027443,6.2461414
3027444,328.56003
3027445,148.6036
3027446,5.339833
3027447,7.3717847
3027448,277.0026
3027449,94.464554
3027450,1584.1016
3027451,34.33172
3027452,17.296915
3027453,6.8357825
3027454,0.17485836
3027455,5.6831455
3027456,2948.4565
3027457,0.11667278
3027458,463.00168
3027459,7.69574
3027460,651.2248
3027461,679.1186
3027462,180.51796
3027463,170.11874
3027464,62.452194
3027465,2837.6653
3027466,18.595263
3027467,1.7673339
3027468,20.567883
3027469,20.690596
3027470,-0.27483922
3027471,168.85272
3027472,6.4890413
3027473,17.114256
3027474,14.648405
3027475,76.580635
3027476,6.3384585
3027477,327.71902
3027478,148.11096
3027479,5.263919
3027480,7.2937064
3027481,278.6909
3027482,94.05835
3027483,1584.1406
3027484,34.36083
3027485,16.985554
3027486,6.7906575
3027487,0.05508258
3027488,5.5928683
3027489,2964.8962
3027490,0.060346916
3027491,464.26328
3027492,7.713674
3027493,660.73376
3027494,681.65814
3027495,181.69412
3027496,168.01231
3027497,62.66441
3027498,2852.0525
3027499,18.540554
3027500,1.7734431
3027501,20.67996
3027502,20.61425
3027503,-0.2621299
3027504,168.87984
3027505,6.4482813
3027506,17.118372
3027507,14.384006
3027508,67.264656
3027509,6.2949557
3027510,330.14545
3027511,148.42183
3027512,5.2637033
3027513,7.3960667
3027514,280.612
3027515,94.55262
3027516,1584.1338
3027517,34.347466
3027518,17.380629
3027519,6.1724443
3027520,0.14162996
3027521,5.641493
3027522,2958.7847
3027523,-0.075083956
3027524,464.14932
3027525,7.6974163
3027526,656.4839
3027527,676.71893
3027528,181.30464
3027529,169.8076
3027530,62.87216
3027531,2838.1787
3027532,18.841629
3027533,1.7813331
3027534,20.562172
3027535,20.686129
3027536,-0.24348772
3027537,168.78127
3027538,6.4473333
3027539,18.677458
3027540,14.527543
3027541,81.07609
3027542,6.2709165
3027543,326.19534
3027544,148.45795
3027545,5.31485
3027546,7.4325094
3027547,277.847
3027548,93.63368
3027549,1584.0621
3027550,34.341175
3027551,17.324823
3027552,6.2043014
3027553,0.114436
3027554,5.6152883
3027555,2928.665
3027556,-0.07998898
3027557,463.3746
3027558,7.7712026
3027559,651.6389
3027560,676.91705
3027561,181.46915
3027562,169.20107
3027563,62.420654
3027564,2833.4277
3027565,18.377848
3027566,1.769937
3027567,20.65477
3027568,20.73767
3027569,-0.25560915
3027570,168.78944
3027571,6.450192
3027572,18.904999
3027573,14.63377
3027574,75.00005
3027575,6.175359
3027576,326.51205
3027577,148.96924
3027578,5.374055
3027579,7.332346
3027580,280.25662
3027581,93.13204
3027582,1584.1155
3027583,34.32811
3027584,17.315903
3027585,6.725279
3027586,0.129223
3027587,5.5940876
3027588,2929.5476
3027589,-0.011524791
3027590,464.97357
3027591,7.6751614
3027592,656.4567
3027593,674.4174
3027594,180.53207
3027595,168.87927
3027596,62.665092
3027597,2858.759
3027598,18.437239
3027599,1.7707826
3027600,20.509623
3027601,20.605488
3027602,-0.23916793
3027603,168.74529
3027604,6.495029
3027605,15.590828
3027606,14.422705
3027607,80.94675
3027608,6.1974034
3027609,322.41034
3027610,149.37465
3027611,5.368503
3027612,7.3659534
3027613,282.53513
3027614,91.779854
3027615,1584.167
3027616,34.3643
3027617,16.842703
3027618,6.1963143
3027619,0.15517503
3027620,5.6576977
3027621,2912.8171
3027622,-0.021813212
3027623,459.96558
3027624,7.7076735
3027625,651.80566
3027626,668.4491
3027627,179.82896
3027628,171.21117
3027629,62.144947
3027630,2822.653
3027631,18.556068
3027632,1.8145138
3027633,20.540712
3027634,20.625
3027635,-0.25236043
3027636,168.84831
3027637,6.50286
3027638,15.465258
3027639,14.670873
3027640,67.20164
3027641,6.1909757
3027642,321.87436
3027643,149.69258
3027644,5.3444567
3027645,7.2157855
3027646,277.43817
3027647,91.81775
3027648,1584.0863
3027649,34.312023
3027650,16.863106
3027651,6.6830716
3027652,0.14126974
3027653,5.512139
3027654,3001.9114
3027655,0.0082295025
3027656,459.44772
3027657,7.721613
3027658,652.9592
3027659,683.88196
3027660,182.06303
3027661,171.78896
3027662,62.279583
3027663,2814.9531
3027664,18.325142
3027665,1.7755324
3027666,20.491688
3027667,20.71671
3027668,-0.26146492
3027669,168.77716
3027670,6.4173036
3027671,15.668769
3027672,14.630514
3027673,67.22095
3027674,6.345491
3027675,331.61398
3027676,149.32123
3027677,5.2601676
3027678,7.313692
3027679,276.67368
3027680,95.12225
3027681,1584.0759
3027682,34.336582
3027683,17.405355
3027684,6.6928926
3027685,0.060525298
3027686,5.5887876
3027687,3195.8171
3027688,0.09971991
3027689,463.95685
3027690,7.778373
3027691,651.50305
3027692,693.5152
3027693,183.85165
3027694,173.63078
3027695,62.66639
3027696,2848.3784
3027697,18.646233
3027698,1.7958943
3027699,20.56649
3027700,20.659096
3027701,-0.32466018
3027702,168.72784
3027703,6.4488854
3027704,18.73639
3027705,14.66313
3027706,80.96333
3027707,6.310428
3027708,332.30103
3027709,149.0577
3027710,5.4109964
3027711,7.3288407
3027712,287.3304
3027713,94.749535
3027714,1584.0283
3027715,34.395542
3027716,17.920725
3027717,6.760002
3027718,0.12627454
3027719,5.581984
3027720,3222.7847
3027721,-0.043535285
3027722,465.62415
3027723,7.734753
3027724,658.3648
3027725,704.34796
3027726,184.52574
3027727,175.15721
3027728,63.24617
3027729,2853.82
3027730,18.717703
3027731,1.7919333
3027732,20.589417
3027733,20.633856
3027734,-0.14726599
3027735,168.80841
3027736,6.3774266
3027737,19.171202
3027738,14.680081
3027739,81.08351
3027740,6.228392
3027741,338.505
3027742,148.85503
3027743,5.3254876
3027744,7.333553
3027745,288.77927
3027746,96.55267
3027747,1584.0065
3027748,34.397118
3027749,18.006739
3027750,6.7798047
3027751,0.10355791
3027752,5.7220097
3027753,3261.365
3027754,0.06232354
3027755,465.93372
3027756,7.7357845
3027757,663.15137
3027758,714.4008
3027759,186.73784
3027760,176.71518
3027761,64.518585
3027762,2890.3281
3027763,19.038612
3027764,1.796903
3027765,20.685122
3027766,20.762638
3027767,-0.18477601
3027768,168.72153
3027769,6.3954434
3027770,18.995785
3027771,14.489907
3027772,71.92019
3027773,6.27933
3027774,341.34067
3027775,150.33057
3027776,5.33922
3027777,7.3288336
3027778,298.81982
3027779,96.38107
3027780,1584.0701
3027781,34.251423
3027782,18.108227
3027783,6.8115735
3027784,0.09588537
3027785,5.5976124
3027786,3233.2295
3027787,0.035963383
3027788,468.42416
3027789,7.678204
3027790,661.31964
3027791,716.6242
3027792,188.47574
3027793,177.24048
3027794,65.052124
3027795,2883.8777
3027796,18.882385
3027797,1.7717751
3027798,20.640734
3027799,20.719284
3027800,-0.379916
3027801,168.80064
3027802,6.4168468
3027803,19.260063
3027804,14.803942
3027805,83.5441
3027806,6.20207
3027807,341.84503
3027808,149.76186
3027809,5.3679137
3027810,7.4013944
3027811,297.9812
3027812,98.594154
3027813,1584.1075
3027814,34.43285
3027815,18.162687
3027816,6.846152
3027817,0.096831284
3027818,5.6986785
3027819,3266.1062
3027820,-0.04230256
3027821,470.7553
3027822,7.712769
3027823,660.82874
3027824,726.2265
3027825,189.33368
3027826,177.12436
3027827,65.639084
3027828,2883.4626
3027829,19.259956
3027830,1.7805756
3027831,20.566263
3027832,20.629478
3027833,-0.26205614
3027834,168.8737
3027835,6.357853
3027836,18.06045
3027837,14.548671
3027838,75.03881
3027839,6.22753
3027840,340.98828
3027841,149.05951
3027842,5.375236
3027843,7.315672
3027844,298.49762
3027845,99.05104
3027846,1584.1056
3027847,34.282696
3027848,18.14252
3027849,6.951284
3027850,0.07988061
3027851,5.7574897
3027852,3240.6348
3027853,0.060886122
3027854,474.1748
3027855,7.7368674
3027856,666.6261
3027857,727.8075
3027858,188.70827
3027859,177.72241
3027860,66.278244
3027861,2884.1897
3027862,18.9892
3027863,1.7824697
3027864,20.726162
3027865,20.723038
3027866,-0.24353828
3027867,168.83601
3027868,6.4504023
3027869,19.186113
3027870,14.612411
3027871,67.313866
3027872,6.222216
3027873,337.2037
3027874,149.3556
3027875,5.451228
3027876,7.3623486
3027877,303.9567
3027878,98.56366
3027879,1584.095
3027880,34.33847
3027881,18.122467
3027882,6.8942766
3027883,0.02814462
3027884,5.7483687
3027885,3335.4697
3027886,-0.019871412
3027887,473.04288
3027888,7.6344953
3027889,663.8635
3027890,719.7945
3027891,189.1931
3027892,179.76471
3027893,66.19629
3027894,2932.5857
3027895,19.38995
3027896,1.8059484
3027897,20.528137
3027898,20.793167
3027899,-0.18102778
3027900,168.7476
3027901,6.419118
3027902,19.272453
3027903,14.575217
3027904,81.08818
3027905,6.194398
3027906,340.68527
3027907,148.33621
3027908,5.36855
3027909,7.348481
3027910,305.98044
3027911,90.23732
3027912,1584.1702
3027913,34.3466
3027914,18.252655
3027915,6.84875
3027916,0.03009672
3027917,5.686304
3027918,3356.3794
3027919,0.07486765
3027920,482.58295
3027921,7.7010803
3027922,665.80255
3027923,727.2229
3027924,189.65654
3027925,183.18762
3027926,66.568665
3027927,2907.398
3027928,19.044838
3027929,1.7741941
3027930,20.53113
3027931,20.667059
3027932,-0.25682336
3027933,168.84491
3027934,6.5389414
3027935,19.21059
3027936,14.552832
3027937,67.23542
3027938,6.259797
3027939,343.07867
3027940,147.36794
3027941,5.2577
3027942,7.288295
3027943,303.1627
3027944,96.90785
3027945,1584.1139
3027946,34.330807
3027947,18.440561
3027948,7.039029
3027949,0.11869242
3027950,5.6626463
3027951,3277.1868
3027952,0.020337554
3027953,477.1107
3027954,7.675919
3027955,655.8395
3027956,727.4275
3027957,188.58853
3027958,179.27446
3027959,65.25909
3027960,2868.603
3027961,18.777033
3027962,1.7811146
3027963,20.584803
3027964,20.549606
3027965,-0.25409377
3027966,168.76851
3027967,6.5575
3027968,19.007433
3027969,14.783018
3027970,80.963066
3027971,6.2032886
3027972,342.30423
3027973,147.51956
3027974,5.2598777
3027975,7.4164963
3027976,303.1268
3027977,90.07101
3027978,1584.0768
3027979,34.35763
3027980,18.151024
3027981,6.842302
3027982,0.06741627
3027983,5.6381497
3027984,3304.113
3027985,0.032631207
3027986,462.9773
3027987,7.8026032
3027988,650.4834
3027989,717.6345
3027990,186.80453
3027991,178.47322
3027992,64.74682
3027993,2852.7532
3027994,18.670418
3027995,1.7823828
3027996,20.53585
3027997,20.75391
3027998,-0.22712217
3027999,168.85759
3028000,6.4609137
3028001,19.168682
3028002,14.581473
3028003,80.81719
3028004,6.3457365
3028005,341.37997
3028006,145.836
3028007,5.2445335
3028008,7.3787613
3028009,302.36688
3028010,96.96449
3028011,1584.0876
3028012,34.383663
3028013,18.10027
3028014,6.881955
3028015,0.20011595
3028016,5.565548
3028017,3280.0
3028018,-0.092715815
3028019,461.21222
3028020,7.813989
3028021,648.76556
3028022,708.84314
3028023,180.77914
3028024,173.7406
3028025,64.00849
3028026,2786.7537
3028027,18.575584
3028028,1.7261194
3028029,20.721624
3028030,20.75379
3028031,-0.26961526
3028032,168.78246
3028033,6.472542
3028034,19.103313
3028035,14.798055
3028036,80.96107
3028037,6.3158493
3028038,342.36072
3028039,145.35158
3028040,5.2810082
3028041,7.3583517
3028042,295.84915
3028043,96.85124
3028044,1584.1237
3028045,34.328964
3028046,17.966734
3028047,6.8030977
3028048,0.060056843
3028049,5.617639
3028050,3247.1523
3028051,-0.047021344
3028052,465.3604
3028053,7.7355475
3028054,645.7026
3028055,706.60956
3028056,180.89621
3028057,176.30334
3028058,64.544205
3028059,2813.1807
3028060,18.330873
3028061,1.77094
3028062,20.617565
3028063,20.640144
3028064,-0.3542538
3028065,168.73161
3028066,6.4105263
3028067,19.032482
3028068,14.601781
3028069,80.81962
3028070,6.190291
3028071,341.13583
3028072,145.74069
3028073,5.348379
3028074,7.304688
3028075,297.81805
3028076,97.64833
3028077,1584.0206
3028078,34.374844
3028079,17.967167
3028080,6.9526567
3028081,0.06778104
3028082,5.556428
3028083,3298.6946
3028084,-0.015362117
3028085,461.47995
3028086,7.689133
3028087,648.3372
3028088,723.45013
3028089,182.32498
3028090,177.08102
3028091,64.68673
3028092,2808.919
3028093,18.092112
3028094,1.8091377
3028095,20.648523
3028096,20.655819
3028097,-0.15505007
3028098,168.92499
3028099,6.437283
3028100,19.164663
3028101,14.641891
3028102,72.09999
3028103,6.2091293
3028104,339.8247
3028105,145.67818
3028106,5.282143
3028107,7.2752566
3028108,300.70648
3028109,98.69363
3028110,1584.1605
3028111,34.296196
3028112,18.195772
3028113,6.8526535
3028114,0.027678963
3028115,5.596364
3028116,3278.8018
3028117,-0.027209355
3028118,463.91968
3028119,7.7197742
3028120,658.60345
3028121,723.02545
3028122,181.88318
3028123,180.54091
3028124,64.509796
3028125,2849.1033
3028126,18.475035
3028127,1.7678
3028128,20.52209
3028129,20.642553
3028130,-0.36638907
3028131,168.86295
3028132,6.4439034
3028133,19.003586
3028134,14.402826
3028135,67.250824
3028136,6.191265
3028137,342.37534
3028138,146.14156
3028139,5.3906326
3028140,7.272359
3028141,300.74033
3028142,90.19572
3028143,1583.9897
3028144,34.40554
3028145,18.26591
3028146,6.8003902
3028147,0.07491285
3028148,5.5982037
3028149,3283.0293
3028150,0.0067903767
3028151,473.9381
3028152,7.6766634
3028153,647.78595
3028154,728.0883
3028155,183.7341
3028156,179.03125
3028157,64.71121
3028158,2836.8755
3028159,18.220285
3028160,1.7734067
3028161,20.66788
3028162,20.733608
3028163,-0.32379237
3028164,168.83524
3028165,6.4669504
3028166,19.38983
3028167,14.782669
3028168,81.14818
3028169,6.1777325
3028170,341.63748
3028171,145.95984
3028172,5.4566436
3028173,7.385187
3028174,304.61172
3028175,90.045296
3028176,1584.0732
3028177,34.277996
3028178,18.279762
3028179,6.8012204
3028180,0.0956909
3028181,5.592079
3028182,3325.925
3028183,-0.061873026
3028184,475.44635
3028185,7.765389
3028186,645.31525
3028187,730.67804
3028188,185.55115
3028189,180.74905
3028190,65.36759
3028191,2851.0847
3028192,18.93859
3028193,1.7642239
3028194,20.607859
3028195,20.71217
3028196,-0.34873018
3028197,168.73224
3028198,6.450281
3028199,19.257484
3028200,14.746652
3028201,75.04296
3028202,6.2615433
3028203,341.5043
3028204,145.95609
3028205,5.277644
3028206,7.2317395
3028207,302.5702
3028208,90.16958
3028209,1583.9753
3028210,34.27121
3028211,18.17773
3028212,6.7956567
3028213,0.11996164
3028214,5.600853
3028215,3323.9404
3028216,-0.01822572
3028217,473.20593
3028218,7.7448654
3028219,649.0143
3028220,718.64813
3028221,186.26173
3028222,177.55606
3028223,64.15153
3028224,2879.4148
3028225,18.259928
3028226,1.7719476
3028227,20.586899
3028228,20.740374
3028229,-0.35017216
3028230,168.94086
3028231,6.495573
3028232,19.238985
3028233,14.606895
3028234,80.75892
3028235,6.184596
3028236,339.69827
3028237,147.07735
3028238,5.3473525
3028239,7.419191
3028240,307.4055
3028241,90.34552
3028242,1584.1088
3028243,34.314125
3028244,18.136932
3028245,6.8529267
3028246,0.09913822
3028247,5.721842
3028248,3436.555
3028249,-0.07143915
3028250,479.12958
3028251,7.7688303
3028252,653.2631
3028253,729.4838
3028254,188.90433
3028255,177.46156
3028256,64.50423
3028257,2865.0383
3028258,18.475044
3028259,1.7784129
3028260,20.612202
3028261,20.751486
3028262,-0.34565908
3028263,168.78474
3028264,6.3942857
3028265,19.43684
3028266,14.905028
3028267,76.6456
3028268,6.265496
3028269,340.99088
3028270,147.752
3028271,5.2855153
3028272,7.378279
3028273,312.8384
3028274,90.80073
3028275,1584.0524
3028276,34.308796
3028277,18.063694
3028278,6.935757
3028279,0.08093105
3028280,5.7862935
3028281,3397.2788
3028282,0.0057503507
3028283,478.05582
3028284,7.7679434
3028285,651.1212
3028286,729.90894
3028287,187.57176
3028288,174.0265
3028289,64.06754
3028290,2890.9248
3028291,18.443993
3028292,1.7806972
3028293,20.638834
3028294,20.6744
3028295,-0.3322047
3028296,168.76808
3028297,6.4667225
3028298,19.144718
3028299,14.884693
3028300,72.076
3028301,6.3492956
3028302,341.6325
3028303,146.47508
3028304,5.4704604
3028305,7.3480906
3028306,306.3618
3028307,90.19297
3028308,1584.1499
3028309,34.38339
3028310,18.13852
3028311,6.9375687
3028312,0.045307368
3028313,5.8087187
3028314,3442.0208
3028315,0.01734845
3028316,481.0557
3028317,7.717676
3028318,648.512
3028319,724.82043
3028320,189.11983
3028321,175.55243
3028322,63.923355
3028323,2864.5293
3028324,18.487783
3028325,1.7793864
3028326,20.613874
3028327,20.67641
3028328,-0.31171063
3028329,168.82768
3028330,6.3982387
3028331,19.286139
3028332,14.702747
3028333,81.23676
3028334,6.2621675
3028335,340.04587
3028336,147.22305
3028337,5.3535633
3028338,7.3029623
3028339,309.7845
3028340,90.017975
3028341,1584.0674
3028342,34.257694
3028343,18.067183
3028344,6.7665215
3028345,0.13072595
3028346,5.8183365
3028347,3441.261
3028348,-0.08801366
3028349,479.49905
3028350,7.7257757
3028351,651.4788
3028352,715.3173
3028353,188.70467
3028354,174.65869
3028355,63.368885
3028356,2863.7744
3028357,18.299835
3028358,1.7694956
3028359,20.535288
3028360,20.659456
3028361,-0.22019075
3028362,168.81456
3028363,6.479945
3028364,19.155113
3028365,14.812197
3028366,76.94012
3028367,6.245353
3028368,345.9168
3028369,148.20007
3028370,5.3895383
3028371,7.3308177
3028372,306.23398
3028373,98.960266
3028374,1584.0938
3028375,34.298195
3028376,18.13355
3028377,6.864537
3028378,0.030965563
3028379,5.8283415
3028380,3356.6404
3028381,-0.067197494
3028382,475.4695
3028383,7.6954803
3028384,654.5612
3028385,718.311
3028386,187.41927
3028387,171.22324
3028388,63.05274
3028389,2847.2517
3028390,18.500902
3028391,1.7786249
3028392,20.656443
3028393,20.72737
3028394,-0.23324667
3028395,168.91618
3028396,6.3849683
3028397,19.04506
3028398,14.714801
3028399,72.02272
3028400,6.2483807
3028401,341.88373
3028402,147.01825
3028403,5.3380165
3028404,7.312996
3028405,309.60852
3028406,97.61258
3028407,1584.032
3028408,34.315346
3028409,18.090063
3028410,6.934755
3028411,0.04531306
3028412,5.714006
3028413,3331.4404
3028414,0.06090559
3028415,470.0754
3028416,7.8388643
3028417,662.1447
3028418,709.7115
3028419,186.09793
3028420,174.83046
3028421,62.611214
3028422,2860.3816
3028423,18.230822
3028424,1.7813019
3028425,20.52682
3028426,20.735584
3028427,-0.4250384
3028428,168.83008
3028429,6.5343165
3028430,18.99441
3028431,14.976378
3028432,81.07918
3028433,6.266836
3028434,338.5474
3028435,147.0256
3028436,5.283912
3028437,7.3203444
3028438,301.98535
3028439,97.75408
3028440,1584.0663
3028441,34.367153
3028442,17.949324
3028443,6.930927
3028444,0.041008882
3028445,5.8308897
3028446,3342.452
3028447,0.085723594
3028448,467.53894
3028449,7.7786255
3028450,663.85187
3028451,702.3331
3028452,188.32439
3028453,171.22086
3028454,62.262413
3028455,2892.808
3028456,18.0417
3028457,1.767376
3028458,20.647284
3028459,20.656384
3028460,-0.36078337
3028461,168.7537
3028462,6.431457
3028463,19.30098
3028464,14.821278
3028465,72.09959
3028466,6.236733
3028467,341.72583
3028468,145.74994
3028469,5.3167453
3028470,7.34872
3028471,307.25275
3028472,98.715294
3028473,1584.187
3028474,34.309868
3028475,18.118092
3028476,7.0375066
3028477,0.0344507
3028478,5.7170773
3028479,3351.49
3028480,-0.03046486
3028481,481.12262
3028482,7.6944065
3028483,656.30505
3028484,707.79944
3028485,188.26282
3028486,171.14485
3028487,61.896725
3028488,2866.2495
3028489,18.560999
3028490,1.7817675
3028491,20.643478
3028492,20.683027
3028493,-0.20537329
3028494,168.83469
3028495,6.4827023
3028496,18.989105
3028497,14.809045
3028498,80.94008
3028499,6.215062
3028500,340.98227
3028501,144.55951
3028502,5.3544793
3028503,7.2972746
3028504,306.07614
3028505,97.68427
3028506,1584.12
3028507,34.454998
3028508,17.79816
3028509,6.8755417
3028510,0.04519516
3028511,5.7505803
3028512,3326.7249
3028513,-0.006311881
3028514,481.2304
3028515,7.6647844
3028516,664.8681
3028517,710.3308
3028518,188.74179
3028519,171.3394
3028520,62.46538
3028521,2896.3528
3028522,18.721031
3028523,1.8099463
3028524,20.632898
3028525,20.680502
3028526,-0.15323618
3028527,168.79709
3028528,6.4507113
3028529,19.22356
3028530,14.801833
3028531,71.95118
3028532,6.16312
3028533,340.43073
3028534,145.91809
3028535,5.345005
3028536,7.2753744
3028537,298.49075
3028538,97.586494
3028539,1584.068
3028540,34.26272
3028541,18.06389
3028542,7.0348697
3028543,0.14847246
3028544,5.778773
3028545,3350.4395
3028546,0.10916152
3028547,484.89502
3028548,7.6860857
3028549,655.5396
3028550,706.3586
3028551,189.3286
3028552,174.5315
3028553,62.39797
3028554,2906.2415
3028555,18.408022
3028556,1.7793565
3028557,20.582636
3028558,20.718313
3028559,-0.19731987
3028560,168.86626
3028561,6.4527373
3028562,19.262419
3028563,14.828591
3028564,71.952866
3028565,6.174338
3028566,339.9358
3028567,146.92874
3028568,5.392717
3028569,7.361491
3028570,299.33777
3028571,94.55182
3028572,1584.1257
3028573,34.35791
3028574,18.03405
3028575,6.907659
3028576,0.056560457
3028577,5.8027005
3028578,3269.6887
3028579,0.01962507
3028580,474.91064
3028581,7.693299
3028582,668.07996
3028583,701.8869
3028584,186.60791
3028585,172.82408
3028586,61.976467
3028587,2881.9622
3028588,18.273413
3028589,1.7945839
3028590,20.666737
3028591,20.643656
3028592,-0.18581596
3028593,168.92427
3028594,6.464184
3028595,18.964527
3028596,14.750398
3028597,80.98607
3028598,6.2630906
3028599,337.27155
3028600,143.28284
3028601,5.2445393
3028602,7.3613143
3028603,299.26666
3028604,94.71648
3028605,1583.9971
3028606,34.3365
3028607,17.913614
3028608,6.9453883
3028609,0.14598548
3028610,5.7414136
3028611,3312.6538
3028612,0.09845003
3028613,469.92096
3028614,7.7765465
3028615,651.0591
3028616,695.4542
3028617,183.20361
3028618,176.29852
3028619,63.19084
3028620,2864.3826
3028621,18.570768
3028622,1.7948762
3028623,20.606798
3028624,20.73459
3028625,-0.28323278
3028626,168.8905
3028627,6.3812747
3028628,19.336025
3028629,14.685485
3028630,76.59235
3028631,6.3685308
3028632,334.45312
3028633,143.30055
3028634,5.3419065
3028635,7.319616
3028636,300.75067
3028637,94.82708
3028638,1584.0835
3028639,34.253838
3028640,18.025635
3028641,6.884487
3028642,0.1290808
3028643,5.6621685
3028644,3263.5972
3028645,0.05737376
3028646,469.31604
3028647,7.8225684
3028648,640.4582
3028649,691.51917
3028650,182.03941
3028651,170.15923
3028652,62.268456
3028653,2830.6655
3028654,18.326689
3028655,1.7815384
3028656,20.594904
3028657,20.75142
3028658,-0.23717631
3028659,168.91469
3028660,6.4750624
3028661,18.911829
3028662,14.7088175
3028663,81.26179
3028664,6.32139
3028665,333.56903
3028666,142.2553
3028667,5.286
3028668,7.3871737
3028669,296.5658
3028670,93.82988
3028671,1584.0773
3028672,34.28389
3028673,17.738222
3028674,6.7915072
3028675,0.067721695
3028676,5.632831
3028677,3279.7295
3028678,0.07172578
3028679,467.43558
3028680,7.818541
3028681,655.1285
3028682,688.64954
3028683,182.32794
3028684,173.35675
3028685,62.849545
3028686,2848.5234
3028687,18.412485
3028688,1.8062668
3028689,20.580538
3028690,20.605482
3028691,-0.32431343
3028692,168.86684
3028693,6.526598
3028694,18.964752
3028695,14.723136
3028696,83.7102
3028697,6.3292003
3028698,334.38828
3028699,142.91817
3028700,5.4411535
3028701,7.223381
3028702,289.99927
3028703,93.67546
3028704,1584.0276
3028705,34.358536
3028706,17.578669
3028707,6.9667206
3028708,0.04107902
3028709,5.6385674
3028710,3316.3232
3028711,0.066121876
3028712,471.26553
3028713,7.719545
3028714,657.02216
3028715,702.29065
3028716,184.24846
3028717,174.71411
3028718,62.68877
3028719,2854.2476
3028720,18.424406
3028721,1.7779102
3028722,20.59029
3028723,20.735695
3028724,-0.41434798
3028725,168.81071
3028726,6.48728
3028727,19.292297
3028728,14.894188
3028729,81.26753
3028730,6.1532125
3028731,336.09604
3028732,144.18141
3028733,5.262402
3028734,7.247901
3028735,299.4009
3028736,94.66087
3028737,1584.0009
3028738,34.272644
3028739,18.015938
3028740,6.92606
3028741,-0.010657542
3028742,5.645786
3028743,3358.3508
3028744,0.061041117
3028745,474.83783
3028746,7.7671633
3028747,661.5606
3028748,705.44214
3028749,185.17757
3028750,173.8314
3028751,62.817623
3028752,2892.7532
3028753,18.464724
3028754,1.7665467
3028755,20.612394
3028756,20.610762
3028757,-0.23707056
3028758,168.7834
3028759,6.4577537
3028760,19.062708
3028761,14.864811
3028762,80.95739
3028763,6.3156857
3028764,334.35526
3028765,143.26775
3028766,5.29973
3028767,7.2455196
3028768,299.79495
3028769,96.39545
3028770,1584.0848
3028771,34.408817
3028772,17.7858
3028773,6.7502403
3028774,0.049242698
3028775,5.667909
3028776,3339.2202
3028777,0.06834593
3028778,474.9254
3028779,7.8122754
3028780,650.5436
3028781,703.6384
3028782,187.0853
3028783,171.31181
3028784,62.13045
3028785,2868.8967
3028786,18.21304
3028787,1.7686001
3028788,20.63907
3028789,20.667456
3028790,-0.32657152
3028791,168.85641
3028792,6.5507817
3028793,18.992691
3028794,14.716933
3028795,80.91562
3028796,6.2422924
3028797,339.628
3028798,144.50519
3028799,5.3112874
3028800,7.3555846
3028801,296.4282
3028802,94.41034
3028803,1584.1323
3028804,34.338245
3028805,18.11722
3028806,6.956427
3028807,-0.015422565
3028808,5.801069
3028809,3386.6292
3028810,0.032411624
3028811,481.45578
3028812,7.636118
3028813,655.359
3028814,703.5916
3028815,186.52132
3028816,171.20192
3028817,62.597813
3028818,2907.3818
3028819,18.372137
3028820,1.7777194
3028821,20.681166
3028822,20.71388
3028823,-0.2090725
3028824,168.8004
3028825,6.541028
3028826,19.035435
3028827,14.583785
3028828,67.30276
3028829,6.241767
3028830,338.9139
3028831,145.31566
3028832,5.2879252
3028833,7.3502398
3028834,297.3178
3028835,96.84184
3028836,1584.1373
3028837,34.387
3028838,17.759724
3028839,7.0046654
3028840,0.1302179
3028841,5.747392
3028842,3331.054
3028843,-0.03957338
3028844,478.93057
3028845,7.698452
3028846,656.41223
3028847,706.62897
3028848,191.23682
3028849,174.35286
3028850,62.624588
3028851,2881.876
3028852,18.439907
3028853,1.8008806
3028854,20.671156
3028855,20.693066
3028856,-0.37319335
3028857,168.7897
3028858,6.457463
3028859,19.216013
3028860,14.739732
3028861,80.868965
3028862,6.18687
3028863,337.73798
3028864,144.71753
3028865,5.341635
3028866,7.3367324
3028867,298.34634
3028868,97.86517
3028869,1584.1621
3028870,34.304802
3028871,17.737532
3028872,6.980341
3028873,0.099041894
3028874,5.8728957
3028875,3314.0034
3028876,0.037090197
3028877,476.01965
3028878,7.682033
3028879,663.47394
3028880,702.8857
3028881,190.3584
3028882,173.48053
3028883,63.01042
3028884,2888.8257
3028885,18.627771
3028886,1.7725121
3028887,20.693075
3028888,20.64545
3028889,-0.2406151
3028890,168.79553
3028891,6.4589934
3028892,18.063204
3028893,14.987025
3028894,71.95901
3028895,6.2367015
3028896,337.27576
3028897,146.34889
3028898,5.2948804
3028899,7.3054886
3028900,298.95978
3028901,94.858
3028902,1584.1798
3028903,34.31372
3028904,18.053686
3028905,7.0857153
3028906,0.14663754
3028907,5.9627233
3028908,3382.5664
3028909,0.10488343
3028910,491.66162
3028911,7.706544
3028912,671.6377
3028913,720.9031
3028914,193.69128
3028915,181.40564
3028916,64.6551
3028917,2917.4204
3028918,19.052563
3028919,1.7699394
3028920,20.609718
3028921,20.733181
3028922,-0.35721895
3028923,168.80873
3028924,6.3970804
3028925,19.011816
3028926,14.740224
3028927,67.27461
3028928,6.24166
3028929,339.21014
3028930,148.65524
3028931,5.334791
3028932,7.3059907
3028933,309.36655
3028934,88.39357
3028935,1584.1245
3028936,34.340958
3028937,18.125063
3028938,6.934384
3028939,-0.030556545
3028940,5.9564104
3028941,3426.6492
3028942,0.0087059345
3028943,485.89856
3028944,7.7566357
3028945,666.0215
3028946,722.4707
3028947,191.50108
3028948,180.67856
3028949,63.694813
3028950,2910.2622
3028951,18.767487
3028952,1.7663335
3028953,20.613304
3028954,20.708326
3028955,-0.34040022
3028956,168.85164
3028957,6.488845
3028958,19.307072
3028959,14.702592
3028960,80.97923
3028961,6.1927066
3028962,338.06573
3028963,145.95708
3028964,5.3029847
3028965,7.320997
3028966,305.57654
3028967,90.12525
3028968,1584.0687
3028969,34.298298
3028970,18.119251
3028971,7.0061398
3028972,0.1257963
3028973,6.0124073
3028974,3427.2227
3028975,-0.06422135
3028976,486.15085
3028977,7.6226835
3028978,668.72504
3028979,721.5337
3028980,191.66423
3028981,180.48831
3028982,63.451515
3028983,3002.283
3028984,19.027067
3028985,1.809511
3028986,20.633543
3028987,20.56975
3028988,-0.32869664
3028989,168.79073
3028990,6.517833
3028991,18.05847
3028992,14.879597
3028993,75.03842
3028994,6.214782
3028995,336.19147
3028996,146.2353
3028997,5.401518
3028998,7.325254
3028999,303.11142
3029000,90.16592
3029001,1584.0938
3029002,34.26448
3029003,18.193361
3029004,6.9248834
3029005,0.09280404
3029006,5.9012065
3029007,3339.079
3029008,-0.02556383
3029009,478.27408
3029010,7.665083
3029011,663.4528
3029012,707.54584
3029013,194.22311
3029014,179.43654
3029015,63.17383
3029016,2947.7273
3029017,18.836645
3029018,1.7755879
3029019,20.622223
3029020,20.625418
3029021,-0.3652952
3029022,168.87402
3029023,6.402119
3029024,18.929552
3029025,14.79757
3029026,80.96679
3029027,6.124372
3029028,335.85507
3029029,146.04697
3029030,5.2286577
3029031,7.3154087
3029032,302.33133
3029033,99.13809
3029034,1584.0886
3029035,34.269054
3029036,17.779974
3029037,7.067159
3029038,-0.018499471
3029039,5.96374
3029040,3344.4497
3029041,-0.06533196
3029042,476.78766
3029043,7.6870885
3029044,665.5245
3029045,712.6139
3029046,189.85167
3029047,178.58664
3029048,63.464035
3029049,2973.6475
3029050,18.914549
3029051,1.7673572
3029052,20.563644
3029053,20.690798
3029054,-0.27869922
3029055,168.8013
3029056,6.439483
3029057,19.218401
3029058,14.757719
3029059,81.24091
3029060,6.3144464
3029061,332.8922
3029062,148.64377
3029063,5.2501907
3029064,7.338931
3029065,297.92545
3029066,89.94308
3029067,1584.116
3029068,34.41316
3029069,17.960392
3029070,7.1483183
3029071,0.14285083
3029072,5.920734
3029073,3321.3396
3029074,0.006264236
3029075,483.96796
3029076,7.7436423
3029077,671.89197
3029078,712.9223
3029079,188.58832
3029080,174.03717
3029081,63.0662
3029082,2917.589
3029083,18.704422
3029084,1.7783439
3029085,20.587025
3029086,20.775406
3029087,-0.24637954
3029088,168.82515
3029089,6.5924807
3029090,19.169596
3029091,14.76438
3029092,81.303474
3029093,6.271639
3029094,332.6989
3029095,144.60237
3029096,5.32013
3029097,7.3020277
3029098,296.55768
3029099,89.93865
3029100,1584.1271
3029101,34.33465
3029102,17.98033
3029103,6.9805274
3029104,0.14247312
3029105,5.934169
3029106,3345.6611
3029107,0.02619747
3029108,483.03186
3029109,7.706232
3029110,671.9257
3029111,701.1741
3029112,188.06114
3029113,176.56552
3029114,63.171593
3029115,2884.8462
3029116,18.721449
3029117,1.7687753
3029118,20.622654
3029119,20.765629
3029120,-0.36782888
3029121,168.7789
3029122,6.42014
3029123,19.021158
3029124,14.861684
3029125,80.96649
3029126,6.262748
3029127,332.9664
3029128,142.52415
3029129,5.370571
3029130,7.4065166
3029131,291.69943
3029132,97.863335
3029133,1584.1252
3029134,34.359436
3029135,17.707508
3029136,6.8796997
3029137,0.11131574
3029138,5.720615
3029139,3302.6099
3029140,0.014225899
3029141,475.56537
3029142,7.833698
3029143,671.3476
3029144,696.5749
3029145,186.2163
3029146,176.71375
3029147,62.453026
3029148,2890.2676
3029149,18.391993
3029150,1.7815638
3029151,20.569323
3029152,20.673164
3029153,-0.17198998
3029154,168.8071
3029155,6.345983
3029156,19.03996
3029157,14.83883
3029158,67.25444
3029159,6.1822443
3029160,332.94363
3029161,141.89032
3029162,5.2937045
3029163,7.2796154
3029164,288.85196
3029165,96.27374
3029166,1584.0701
3029167,34.27089
3029168,17.841898
3029169,6.9510446
3029170,0.000335167
3029171,5.934928
3029172,3297.7932
3029173,0.046310645
3029174,474.1166
3029175,7.7267685
3029176,659.0892
3029177,698.04285
3029178,185.7764
3029179,175.27591
3029180,62.572243
3029181,2881.525
3029182,18.173079
3029183,1.7802086
3029184,20.508953
3029185,20.660269
3029186,-0.26632884
3029187,168.85556
3029188,6.4186616
3029189,19.097292
3029190,14.63455
3029191,81.134964
3029192,6.232958
3029193,333.12683
3029194,142.96654
3029195,5.2977185
3029196,7.3822055
3029197,285.45508
3029198,98.64933
3029199,1584.0247
3029200,34.343864
3029201,17.708698
3029202,7.0064535
3029203,0.10531942
3029204,5.918682
3029205,3290.6443
3029206,-0.1117379
3029207,485.41983
3029208,7.807298
3029209,663.1041
3029210,705.7542
3029211,186.53381
3029212,175.25491
3029213,62.466526
3029214,2885.2427
3029215,18.365572
3029216,1.7696947
3029217,20.564009
3029218,20.638914
3029219,-0.3263516
3029220,168.85556
3029221,6.574744
3029222,19.091894
3029223,14.793957
3029224,80.83775
3029225,6.2109046
3029226,333.45474
3029227,146.2127
3029228,5.349882
3029229,7.3585787
3029230,286.23074
3029231,90.06413
3029232,1584.1718
3029233,34.308357
3029234,17.647245
3029235,6.8501353
3029236,-0.0009693768
3029237,5.879493
3029238,3292.4797
3029239,0.016724838
3029240,499.78873
3029241,7.7366204
3029242,673.60895
3029243,708.93604
3029244,185.53589
3029245,178.3767
3029246,62.297173
3029247,2942.0002
3029248,19.10779
3029249,1.8090098
3029250,20.651041
3029251,20.61246
3029252,-0.22132802
3029253,168.8591
3029254,6.3860555
3029255,19.226158
3029256,15.001487
3029257,75.02989
3029258,6.363279
3029259,330.78342
3029260,148.4921
3029261,5.410315
3029262,7.364219
3029263,287.27057
3029264,90.14565
3029265,1583.9727
3029266,34.342205
3029267,17.71412
3029268,6.998697
3029269,0.11167623
3029270,5.9644837
3029271,3313.946
3029272,0.008639055
3029273,495.43015
3029274,7.713941
3029275,668.0299
3029276,714.2782
3029277,186.83554
3029278,176.09808
3029279,62.01278
3029280,2974.8154
3029281,18.978437
3029282,1.790798
3029283,20.664188
3029284,20.695894
3029285,-0.35439584
3029286,168.72719
3029287,6.544216
3029288,19.1457
3029289,14.743991
3029290,72.09595
3029291,6.310246
3029292,333.2009
3029293,148.51968
3029294,5.3490686
3029295,7.319677
3029296,289.7434
3029297,90.20695
3029298,1584.0515
3029299,34.222885
3029300,17.665657
3029301,6.874198
3029302,0.12832615
3029303,5.921199
3029304,3330.9602
3029305,0.044793345
3029306,493.2353
3029307,7.735524
3029308,676.74634
3029309,715.0759
3029310,185.90672
3029311,176.5305
3029312,62.823112
3029313,2939.3137
3029314,19.145071
3029315,1.8071631
3029316,20.557823
3029317,20.657862
3029318,-0.30432105
3029319,168.7537
3029320,6.499821
3029321,19.301931
3029322,14.967881
3029323,81.14078
3029324,6.29175
3029325,331.1429
3029326,148.0864
3029327,5.361494
3029328,7.3892717
3029329,284.50085
3029330,90.053795
3029331,1584.1478
3029332,34.359734
3029333,17.838673
3029334,7.168726
3029335,0.14512947
3029336,5.980783
3029337,3319.8916
3029338,0.097789526
3029339,497.13913
3029340,7.685174
3029341,664.61725
3029342,714.119
3029343,185.72983
3029344,173.77724
3029345,62.273678
3029346,2893.515
3029347,19.188925
3029348,1.797293
3029349,20.578033
3029350,20.560898
3029351,-0.3465908
3029352,168.881
3029353,6.483411
3029354,19.301645
3029355,14.99897
3029356,76.72935
3029357,6.3600745
3029358,330.87646
3029359,146.35818
3029360,5.2535105
3029361,7.3117433
3029362,286.31915
3029363,90.85972
3029364,1584.1394
3029365,34.40887
3029366,17.850023
3029367,7.036262
3029368,0.07278265
3029369,5.8092427
3029370,3275.1372
3029371,0.0451457
3029372,484.70444
3029373,7.8453946
3029374,662.29736
3029375,703.00775
3029376,182.3906
3029377,173.43593
3029378,62.10651
3029379,2904.9875
3029380,18.74654
3029381,1.7811024
3029382,20.649837
3029383,20.701246
3029384,-0.27054766
3029385,168.8593
3029386,6.4495144
3029387,19.050442
3029388,15.045027
3029389,81.09101
3029390,6.3184795
3029391,328.74777
3029392,147.25816
3029393,5.375724
3029394,7.4316506
3029395,289.5719
3029396,90.01487
3029397,1584.0768
3029398,34.334564
3029399,17.396383
